study_id,io_number,vendor,metric,control_pct,exposed_pct,control_n,exposed_n,field_start,field_end
BLS0001,IO-2025-0001,Upwave (mock),Aided Awareness,42.58,46.6,549,672,2025-12-20,2026-01-03
BLS0001,IO-2025-0001,Upwave (mock),Brand Favorability,33.95,36.33,403,560,2025-12-20,2026-01-03
BLS0001,IO-2025-0001,Upwave (mock),Purchase Intent,19.63,21.43,475,488,2025-12-20,2026-01-03
BLS0002,IO-2025-0002,Kantar (mock),Aided Awareness,28.02,30.95,418,397,2026-01-29,2026-02-12
BLS0002,IO-2025-0002,Kantar (mock),Brand Favorability,39.36,41.4,450,480,2026-01-29,2026-02-12
BLS0002,IO-2025-0002,Kantar (mock),Purchase Intent,27.88,28.81,525,440,2026-01-29,2026-02-12
BLS0003,IO-2025-0004,Upwave (mock),Aided Awareness,25.94,29.03,620,634,2025-09-01,2025-09-15
BLS0003,IO-2025-0004,Upwave (mock),Brand Favorability,40.49,43.19,461,449,2025-09-01,2025-09-15
BLS0003,IO-2025-0004,Upwave (mock),Purchase Intent,18.56,20.76,366,495,2025-09-01,2025-09-15
BLS0004,IO-2025-0005,Upwave (mock),Aided Awareness,30.35,38.44,410,684,2025-09-11,2025-09-25
BLS0004,IO-2025-0005,Upwave (mock),Brand Favorability,53.58,57.75,454,488,2025-09-11,2025-09-25
BLS0004,IO-2025-0005,Upwave (mock),Purchase Intent,27.68,31.98,425,393,2025-09-11,2025-09-25
BLS0005,IO-2025-0006,Upwave (mock),Aided Awareness,29.81,39.21,644,485,2025-12-11,2025-12-25
BLS0005,IO-2025-0006,Upwave (mock),Brand Favorability,37.33,42.64,640,520,2025-12-11,2025-12-25
BLS0005,IO-2025-0006,Upwave (mock),Purchase Intent,20.6,24.62,497,435,2025-12-11,2025-12-25
BLS0006,IO-2025-0008,Lucid (mock),Aided Awareness,34.22,43.88,503,441,2025-08-27,2025-09-10
BLS0006,IO-2025-0008,Lucid (mock),Brand Favorability,51.41,57.63,503,543,2025-08-27,2025-09-10
BLS0006,IO-2025-0008,Lucid (mock),Purchase Intent,16.28,20.81,406,537,2025-08-27,2025-09-10
BLS0007,IO-2026-0005,Lucid (mock),Aided Awareness,24.56,27.62,558,489,2026-08-21,2026-09-04
BLS0007,IO-2026-0005,Lucid (mock),Brand Favorability,48.81,51.58,678,662,2026-08-21,2026-09-04
BLS0007,IO-2026-0005,Lucid (mock),Purchase Intent,15.13,16.42,478,688,2026-08-21,2026-09-04
BLS0008,IO-2026-0006,Kantar (mock),Aided Awareness,35.49,42.84,606,576,2026-03-25,2026-04-08
BLS0008,IO-2026-0006,Kantar (mock),Brand Favorability,34.34,39.32,575,454,2026-03-25,2026-04-08
BLS0008,IO-2026-0006,Kantar (mock),Purchase Intent,17.82,23.9,683,668,2026-03-25,2026-04-08
BLS0009,IO-2026-0007,Upwave (mock),Aided Awareness,39.59,45.58,641,410,2026-05-10,2026-05-24
BLS0009,IO-2026-0007,Upwave (mock),Brand Favorability,39.0,43.19,351,381,2026-05-10,2026-05-24
BLS0009,IO-2026-0007,Upwave (mock),Purchase Intent,20.36,23.79,411,483,2026-05-10,2026-05-24
BLS0010,IO-2026-0008,Lucid (mock),Aided Awareness,23.73,24.99,620,462,2026-06-12,2026-06-26
BLS0010,IO-2026-0008,Lucid (mock),Brand Favorability,51.42,53.64,595,641,2026-06-12,2026-06-26
BLS0010,IO-2026-0008,Lucid (mock),Purchase Intent,15.19,16.27,470,374,2026-06-12,2026-06-26
BLS0011,IO-2025-0010,Upwave (mock),Aided Awareness,40.69,48.1,635,437,2025-08-29,2025-09-12
BLS0011,IO-2025-0010,Upwave (mock),Brand Favorability,36.5,40.05,450,389,2025-08-29,2025-09-12
BLS0011,IO-2025-0010,Upwave (mock),Purchase Intent,12.46,16.15,607,396,2025-08-29,2025-09-12
BLS0012,IO-2025-0011,Upwave (mock),Aided Awareness,44.53,45.43,472,594,2025-05-10,2025-05-24
BLS0012,IO-2025-0011,Upwave (mock),Brand Favorability,43.38,45.07,698,546,2025-05-10,2025-05-24
BLS0012,IO-2025-0011,Upwave (mock),Purchase Intent,28.92,30.06,507,455,2025-05-10,2025-05-24
BLS0013,IO-2025-0013,Lucid (mock),Aided Awareness,23.63,26.03,487,673,2025-11-16,2025-11-30
BLS0013,IO-2025-0013,Lucid (mock),Brand Favorability,40.39,41.38,567,565,2025-11-16,2025-11-30
BLS0013,IO-2025-0013,Lucid (mock),Purchase Intent,25.25,27.18,652,549,2025-11-16,2025-11-30
BLS0014,IO-2026-0009,Kantar (mock),Aided Awareness,30.69,35.06,654,670,2026-07-22,2026-08-05
BLS0014,IO-2026-0009,Kantar (mock),Brand Favorability,40.33,44.16,578,508,2026-07-22,2026-08-05
BLS0014,IO-2026-0009,Kantar (mock),Purchase Intent,22.93,25.92,425,382,2026-07-22,2026-08-05
BLS0015,IO-2025-0014,Upwave (mock),Aided Awareness,35.75,38.7,671,368,2025-09-03,2025-09-17
BLS0015,IO-2025-0014,Upwave (mock),Brand Favorability,39.64,42.32,354,567,2025-09-03,2025-09-17
BLS0015,IO-2025-0014,Upwave (mock),Purchase Intent,13.4,15.08,486,574,2025-09-03,2025-09-17
BLS0016,IO-2026-0010,Lucid (mock),Aided Awareness,22.21,25.69,405,434,2026-05-19,2026-06-02
BLS0016,IO-2026-0010,Lucid (mock),Brand Favorability,37.96,40.53,421,447,2026-05-19,2026-06-02
BLS0016,IO-2026-0010,Lucid (mock),Purchase Intent,13.47,16.09,372,350,2026-05-19,2026-06-02
BLS0017,IO-2025-0016,Upwave (mock),Aided Awareness,25.8,34.5,667,627,2026-02-14,2026-02-28
BLS0017,IO-2025-0016,Upwave (mock),Brand Favorability,40.39,44.03,611,466,2026-02-14,2026-02-28
BLS0017,IO-2025-0016,Upwave (mock),Purchase Intent,23.5,25.75,407,438,2026-02-14,2026-02-28
BLS0018,IO-2026-0013,Upwave (mock),Aided Awareness,42.44,44.92,485,665,2026-07-18,2026-08-01
BLS0018,IO-2026-0013,Upwave (mock),Brand Favorability,43.7,45.43,422,540,2026-07-18,2026-08-01
BLS0018,IO-2026-0013,Upwave (mock),Purchase Intent,12.66,13.71,586,666,2026-07-18,2026-08-01
BLS0019,IO-2025-0017,Upwave (mock),Aided Awareness,36.21,40.92,675,581,2025-07-01,2025-07-15
BLS0019,IO-2025-0017,Upwave (mock),Brand Favorability,42.63,45.16,483,433,2025-07-01,2025-07-15
BLS0019,IO-2025-0017,Upwave (mock),Purchase Intent,12.58,14.01,381,681,2025-07-01,2025-07-15
BLS0020,IO-2026-0014,Kantar (mock),Aided Awareness,28.4,30.88,488,419,2026-07-31,2026-08-14
BLS0020,IO-2026-0014,Kantar (mock),Brand Favorability,36.43,38.27,357,678,2026-07-31,2026-08-14
BLS0020,IO-2026-0014,Kantar (mock),Purchase Intent,20.56,21.58,600,436,2026-07-31,2026-08-14
BLS0021,IO-2025-0018,Lucid (mock),Aided Awareness,43.1,50.47,384,531,2025-10-23,2025-11-06
BLS0021,IO-2025-0018,Lucid (mock),Brand Favorability,44.47,50.54,436,615,2025-10-23,2025-11-06
BLS0021,IO-2025-0018,Lucid (mock),Purchase Intent,24.68,28.34,514,656,2025-10-23,2025-11-06
BLS0022,IO-2025-0020,Upwave (mock),Aided Awareness,44.43,47.5,687,590,2025-08-09,2025-08-23
BLS0022,IO-2025-0020,Upwave (mock),Brand Favorability,47.44,49.36,459,600,2025-08-09,2025-08-23
BLS0022,IO-2025-0020,Upwave (mock),Purchase Intent,24.64,26.45,661,607,2025-08-09,2025-08-23
BLS0023,IO-2025-0021,Kantar (mock),Aided Awareness,22.66,29.9,510,605,2025-08-03,2025-08-17
BLS0023,IO-2025-0021,Kantar (mock),Brand Favorability,41.95,45.56,590,687,2025-08-03,2025-08-17
BLS0023,IO-2025-0021,Kantar (mock),Purchase Intent,26.77,29.98,678,623,2025-08-03,2025-08-17
BLS0024,IO-2026-0017,Upwave (mock),Aided Awareness,31.99,34.19,590,509,2026-06-06,2026-06-20
BLS0024,IO-2026-0017,Upwave (mock),Brand Favorability,48.0,49.47,401,370,2026-06-06,2026-06-20
BLS0024,IO-2026-0017,Upwave (mock),Purchase Intent,18.64,19.54,461,659,2026-06-06,2026-06-20
BLS0025,IO-2025-0022,Lucid (mock),Aided Awareness,34.32,37.22,512,352,2026-02-12,2026-02-26
BLS0025,IO-2025-0022,Lucid (mock),Brand Favorability,49.3,50.9,467,641,2026-02-12,2026-02-26
BLS0025,IO-2025-0022,Lucid (mock),Purchase Intent,13.0,15.24,471,524,2026-02-12,2026-02-26
BLS0026,IO-2025-0023,Kantar (mock),Aided Awareness,42.12,47.12,621,532,2025-11-02,2025-11-16
BLS0026,IO-2025-0023,Kantar (mock),Brand Favorability,49.19,52.74,673,559,2025-11-02,2025-11-16
BLS0026,IO-2025-0023,Kantar (mock),Purchase Intent,23.14,25.84,546,567,2025-11-02,2025-11-16
BLS0027,IO-2025-0025,Upwave (mock),Aided Awareness,26.86,37.73,507,696,2026-02-15,2026-03-01
BLS0027,IO-2025-0025,Upwave (mock),Brand Favorability,41.7,50.87,551,358,2026-02-15,2026-03-01
BLS0027,IO-2025-0025,Upwave (mock),Purchase Intent,28.32,32.75,517,391,2026-02-15,2026-03-01
BLS0028,IO-2025-0028,Kantar (mock),Aided Awareness,33.51,37.84,416,549,2025-10-26,2025-11-09
BLS0028,IO-2025-0028,Kantar (mock),Brand Favorability,34.13,35.61,420,544,2025-10-26,2025-11-09
BLS0028,IO-2025-0028,Kantar (mock),Purchase Intent,17.59,20.6,685,496,2025-10-26,2025-11-09
BLS0029,IO-2025-0030,Kantar (mock),Aided Awareness,41.66,43.55,526,648,2025-12-24,2026-01-07
BLS0029,IO-2025-0030,Kantar (mock),Brand Favorability,37.33,37.69,606,528,2025-12-24,2026-01-07
BLS0029,IO-2025-0030,Kantar (mock),Purchase Intent,29.69,30.09,660,674,2025-12-24,2026-01-07
BLS0030,IO-2025-0031,Upwave (mock),Aided Awareness,30.59,34.2,522,430,2025-09-27,2025-10-11
BLS0030,IO-2025-0031,Upwave (mock),Brand Favorability,50.03,50.82,678,475,2025-09-27,2025-10-11
BLS0030,IO-2025-0031,Upwave (mock),Purchase Intent,20.47,22.16,582,652,2025-09-27,2025-10-11
BLS0031,IO-2025-0032,Upwave (mock),Aided Awareness,38.62,40.19,563,699,2025-12-05,2025-12-19
BLS0031,IO-2025-0032,Upwave (mock),Brand Favorability,53.16,54.43,515,584,2025-12-05,2025-12-19
BLS0031,IO-2025-0032,Upwave (mock),Purchase Intent,28.13,28.86,598,479,2025-12-05,2025-12-19
BLS0032,IO-2025-0033,Lucid (mock),Aided Awareness,40.37,43.03,530,429,2025-06-26,2025-07-10
BLS0032,IO-2025-0033,Lucid (mock),Brand Favorability,38.26,40.51,437,437,2025-06-26,2025-07-10
BLS0032,IO-2025-0033,Lucid (mock),Purchase Intent,28.98,31.44,632,498,2025-06-26,2025-07-10
BLS0033,IO-2025-0034,Lucid (mock),Aided Awareness,41.45,44.1,376,392,2025-06-15,2025-06-29
BLS0033,IO-2025-0034,Lucid (mock),Brand Favorability,46.49,48.84,516,436,2025-06-15,2025-06-29
BLS0033,IO-2025-0034,Lucid (mock),Purchase Intent,27.34,28.82,595,651,2025-06-15,2025-06-29
BLS0034,IO-2025-0036,Lucid (mock),Aided Awareness,37.77,46.49,569,517,2025-10-30,2025-11-13
BLS0034,IO-2025-0036,Lucid (mock),Brand Favorability,51.93,57.77,457,669,2025-10-30,2025-11-13
BLS0034,IO-2025-0036,Lucid (mock),Purchase Intent,19.15,22.68,480,697,2025-10-30,2025-11-13
BLS0035,IO-2025-0038,Kantar (mock),Aided Awareness,25.27,27.12,464,690,2025-07-15,2025-07-29
BLS0035,IO-2025-0038,Kantar (mock),Brand Favorability,42.93,45.55,487,369,2025-07-15,2025-07-29
BLS0035,IO-2025-0038,Kantar (mock),Purchase Intent,19.88,20.97,380,636,2025-07-15,2025-07-29
BLS0036,IO-2025-0039,Kantar (mock),Aided Awareness,29.88,34.09,392,415,2025-12-01,2025-12-15
BLS0036,IO-2025-0039,Kantar (mock),Brand Favorability,37.07,39.62,562,638,2025-12-01,2025-12-15
BLS0036,IO-2025-0039,Kantar (mock),Purchase Intent,25.32,27.0,590,513,2025-12-01,2025-12-15
BLS0037,IO-2025-0040,Lucid (mock),Aided Awareness,34.5,45.48,385,453,2025-09-15,2025-09-29
BLS0037,IO-2025-0040,Lucid (mock),Brand Favorability,46.89,55.9,661,596,2025-09-15,2025-09-29
BLS0037,IO-2025-0040,Lucid (mock),Purchase Intent,18.75,25.01,476,520,2025-09-15,2025-09-29
BLS0038,IO-2025-0041,Upwave (mock),Aided Awareness,31.6,35.51,509,416,2025-09-30,2025-10-14
BLS0038,IO-2025-0041,Upwave (mock),Brand Favorability,48.08,51.86,435,361,2025-09-30,2025-10-14
BLS0038,IO-2025-0041,Upwave (mock),Purchase Intent,16.88,18.04,611,531,2025-09-30,2025-10-14
BLS0039,IO-2025-0042,Upwave (mock),Aided Awareness,40.18,42.27,454,484,2026-03-04,2026-03-18
BLS0039,IO-2025-0042,Upwave (mock),Brand Favorability,52.13,54.13,389,385,2026-03-04,2026-03-18
BLS0039,IO-2025-0042,Upwave (mock),Purchase Intent,21.49,24.31,605,619,2026-03-04,2026-03-18
BLS0040,IO-2025-0043,Upwave (mock),Aided Awareness,25.31,31.57,441,683,2026-01-12,2026-01-26
BLS0040,IO-2025-0043,Upwave (mock),Brand Favorability,39.56,41.71,528,658,2026-01-12,2026-01-26
BLS0040,IO-2025-0043,Upwave (mock),Purchase Intent,28.08,30.61,446,687,2026-01-12,2026-01-26
BLS0041,IO-2025-0044,Lucid (mock),Aided Awareness,22.94,24.78,402,663,2025-12-17,2025-12-31
BLS0041,IO-2025-0044,Lucid (mock),Brand Favorability,31.65,34.01,393,546,2025-12-17,2025-12-31
BLS0041,IO-2025-0044,Lucid (mock),Purchase Intent,12.87,15.35,475,453,2025-12-17,2025-12-31
BLS0042,IO-2025-0047,Upwave (mock),Aided Awareness,28.71,35.28,394,620,2025-11-10,2025-11-24
BLS0042,IO-2025-0047,Upwave (mock),Brand Favorability,46.25,50.26,477,564,2025-11-10,2025-11-24
BLS0042,IO-2025-0047,Upwave (mock),Purchase Intent,23.75,26.44,570,377,2025-11-10,2025-11-24
BLS0043,IO-2026-0035,Lucid (mock),Aided Awareness,22.37,32.3,659,451,2026-05-06,2026-05-20
BLS0043,IO-2026-0035,Lucid (mock),Brand Favorability,32.18,40.22,591,633,2026-05-06,2026-05-20
BLS0043,IO-2026-0035,Lucid (mock),Purchase Intent,21.73,29.88,431,700,2026-05-06,2026-05-20
BLS0044,IO-2025-0048,Kantar (mock),Aided Awareness,43.39,45.76,598,561,2026-02-26,2026-03-12
BLS0044,IO-2025-0048,Kantar (mock),Brand Favorability,42.47,46.46,584,587,2026-02-26,2026-03-12
BLS0044,IO-2025-0048,Kantar (mock),Purchase Intent,20.19,22.44,563,525,2026-02-26,2026-03-12
BLS0045,IO-2025-0051,Upwave (mock),Aided Awareness,30.21,33.03,502,519,2025-10-22,2025-11-05
BLS0045,IO-2025-0051,Upwave (mock),Brand Favorability,45.44,46.97,379,456,2025-10-22,2025-11-05
BLS0045,IO-2025-0051,Upwave (mock),Purchase Intent,16.5,18.38,608,406,2025-10-22,2025-11-05
BLS0046,IO-2025-0052,Lucid (mock),Aided Awareness,27.75,30.88,533,406,2025-12-21,2026-01-04
BLS0046,IO-2025-0052,Lucid (mock),Brand Favorability,32.7,34.2,375,421,2025-12-21,2026-01-04
BLS0046,IO-2025-0052,Lucid (mock),Purchase Intent,18.87,20.66,454,643,2025-12-21,2026-01-04
BLS0047,IO-2025-0053,Kantar (mock),Aided Awareness,27.41,30.53,375,625,2025-12-27,2026-01-10
BLS0047,IO-2025-0053,Kantar (mock),Brand Favorability,45.46,46.86,419,448,2025-12-27,2026-01-10
BLS0047,IO-2025-0053,Kantar (mock),Purchase Intent,24.44,24.4,446,684,2025-12-27,2026-01-10
BLS0048,IO-2026-0043,Upwave (mock),Aided Awareness,37.61,41.27,385,509,2026-04-08,2026-04-22
BLS0048,IO-2026-0043,Upwave (mock),Brand Favorability,54.35,57.09,616,511,2026-04-08,2026-04-22
BLS0048,IO-2026-0043,Upwave (mock),Purchase Intent,18.05,20.11,364,587,2026-04-08,2026-04-22
BLS0049,IO-2025-0055,Upwave (mock),Aided Awareness,27.76,31.16,571,420,2025-06-28,2025-07-12
BLS0049,IO-2025-0055,Upwave (mock),Brand Favorability,50.01,53.92,566,357,2025-06-28,2025-07-12
BLS0049,IO-2025-0055,Upwave (mock),Purchase Intent,18.94,19.57,494,404,2025-06-28,2025-07-12
BLS0050,IO-2025-0057,Kantar (mock),Aided Awareness,39.17,41.16,502,506,2026-01-14,2026-01-28
BLS0050,IO-2025-0057,Kantar (mock),Brand Favorability,50.37,51.78,594,573,2026-01-14,2026-01-28
BLS0050,IO-2025-0057,Kantar (mock),Purchase Intent,14.83,17.03,565,496,2026-01-14,2026-01-28
BLS0051,IO-2025-0058,Kantar (mock),Aided Awareness,38.9,42.49,480,688,2026-01-03,2026-01-17
BLS0051,IO-2025-0058,Kantar (mock),Brand Favorability,33.4,36.3,646,582,2026-01-03,2026-01-17
BLS0051,IO-2025-0058,Kantar (mock),Purchase Intent,16.49,18.55,439,648,2026-01-03,2026-01-17
BLS0052,IO-2025-0059,Upwave (mock),Aided Awareness,35.04,37.79,594,436,2025-07-10,2025-07-24
BLS0052,IO-2025-0059,Upwave (mock),Brand Favorability,38.62,41.72,691,367,2025-07-10,2025-07-24
BLS0052,IO-2025-0059,Upwave (mock),Purchase Intent,14.84,15.69,534,609,2025-07-10,2025-07-24
BLS0053,IO-2025-0061,Kantar (mock),Aided Awareness,25.7,31.86,629,442,2025-11-12,2025-11-26
BLS0053,IO-2025-0061,Kantar (mock),Brand Favorability,43.43,49.73,621,636,2025-11-12,2025-11-26
BLS0053,IO-2025-0061,Kantar (mock),Purchase Intent,22.85,27.25,393,652,2025-11-12,2025-11-26
BLS0054,IO-2025-0063,Lucid (mock),Aided Awareness,35.56,45.12,503,658,2025-04-05,2025-04-19
BLS0054,IO-2025-0063,Lucid (mock),Brand Favorability,38.96,45.94,392,546,2025-04-05,2025-04-19
BLS0054,IO-2025-0063,Lucid (mock),Purchase Intent,24.22,30.79,520,669,2025-04-05,2025-04-19
BLS0055,IO-2025-0064,Lucid (mock),Aided Awareness,38.26,40.84,648,491,2025-06-18,2025-07-02
BLS0055,IO-2025-0064,Lucid (mock),Brand Favorability,37.84,38.81,551,686,2025-06-18,2025-07-02
BLS0055,IO-2025-0064,Lucid (mock),Purchase Intent,30.0,31.28,502,571,2025-06-18,2025-07-02
BLS0056,IO-2025-0065,Upwave (mock),Aided Awareness,25.32,28.86,649,353,2025-12-04,2025-12-18
BLS0056,IO-2025-0065,Upwave (mock),Brand Favorability,30.75,33.67,387,539,2025-12-04,2025-12-18
BLS0056,IO-2025-0065,Upwave (mock),Purchase Intent,15.06,16.83,429,619,2025-12-04,2025-12-18
BLS0057,IO-2025-0066,Lucid (mock),Aided Awareness,30.41,35.49,480,602,2025-12-11,2025-12-25
BLS0057,IO-2025-0066,Lucid (mock),Brand Favorability,52.26,58.46,385,607,2025-12-11,2025-12-25
BLS0057,IO-2025-0066,Lucid (mock),Purchase Intent,22.58,27.31,599,656,2025-12-11,2025-12-25
BLS0058,IO-2025-0067,Kantar (mock),Aided Awareness,42.55,47.74,504,542,2026-01-24,2026-02-07
BLS0058,IO-2025-0067,Kantar (mock),Brand Favorability,41.29,43.01,372,665,2026-01-24,2026-02-07
BLS0058,IO-2025-0067,Kantar (mock),Purchase Intent,24.22,26.26,466,566,2026-01-24,2026-02-07
BLS0059,IO-2025-0068,Lucid (mock),Aided Awareness,43.92,46.49,372,415,2025-12-12,2025-12-26
BLS0059,IO-2025-0068,Lucid (mock),Brand Favorability,52.69,54.37,364,379,2025-12-12,2025-12-26
BLS0059,IO-2025-0068,Lucid (mock),Purchase Intent,26.35,27.05,508,691,2025-12-12,2025-12-26
BLS0060,IO-2025-0070,Upwave (mock),Aided Awareness,42.71,43.64,366,675,2025-12-01,2025-12-15
BLS0060,IO-2025-0070,Upwave (mock),Brand Favorability,42.38,43.97,488,566,2025-12-01,2025-12-15
BLS0060,IO-2025-0070,Upwave (mock),Purchase Intent,12.77,13.6,477,404,2025-12-01,2025-12-15
BLS0061,IO-2026-0052,Kantar (mock),Aided Awareness,37.26,40.07,356,599,2026-07-24,2026-08-07
BLS0061,IO-2026-0052,Kantar (mock),Brand Favorability,44.69,48.55,415,700,2026-07-24,2026-08-07
BLS0061,IO-2026-0052,Kantar (mock),Purchase Intent,25.42,29.08,547,487,2026-07-24,2026-08-07
BLS0062,IO-2025-0071,Upwave (mock),Aided Awareness,41.39,43.43,599,526,2025-06-20,2025-07-04
BLS0062,IO-2025-0071,Upwave (mock),Brand Favorability,37.21,37.63,441,607,2025-06-20,2025-07-04
BLS0062,IO-2025-0071,Upwave (mock),Purchase Intent,24.81,26.18,691,453,2025-06-20,2025-07-04
BLS0063,IO-2026-0054,Upwave (mock),Aided Awareness,37.81,40.76,607,523,2026-03-23,2026-04-06
BLS0063,IO-2026-0054,Upwave (mock),Brand Favorability,53.01,56.11,531,698,2026-03-23,2026-04-06
BLS0063,IO-2026-0054,Upwave (mock),Purchase Intent,12.94,17.31,550,616,2026-03-23,2026-04-06
BLS0064,IO-2025-0075,Upwave (mock),Aided Awareness,39.08,40.64,406,516,2025-11-17,2025-12-01
BLS0064,IO-2025-0075,Upwave (mock),Brand Favorability,39.12,40.97,562,696,2025-11-17,2025-12-01
BLS0064,IO-2025-0075,Upwave (mock),Purchase Intent,19.5,20.3,565,562,2025-11-17,2025-12-01
BLS0065,IO-2025-0076,Lucid (mock),Aided Awareness,42.5,46.37,372,639,2026-04-03,2026-04-17
BLS0065,IO-2025-0076,Lucid (mock),Brand Favorability,35.99,39.59,472,548,2026-04-03,2026-04-17
BLS0065,IO-2025-0076,Lucid (mock),Purchase Intent,16.52,18.2,677,357,2026-04-03,2026-04-17
BLS0066,IO-2025-0077,Upwave (mock),Aided Awareness,29.21,32.79,561,409,2025-08-08,2025-08-22
BLS0066,IO-2025-0077,Upwave (mock),Brand Favorability,51.59,53.43,386,462,2025-08-08,2025-08-22
BLS0066,IO-2025-0077,Upwave (mock),Purchase Intent,15.73,17.21,521,562,2025-08-08,2025-08-22
BLS0067,IO-2026-0056,Upwave (mock),Aided Awareness,42.84,44.01,388,611,2026-07-15,2026-07-29
BLS0067,IO-2026-0056,Upwave (mock),Brand Favorability,33.71,35.66,552,660,2026-07-15,2026-07-29
BLS0067,IO-2026-0056,Upwave (mock),Purchase Intent,19.27,19.6,653,415,2026-07-15,2026-07-29
BLS0068,IO-2025-0079,Kantar (mock),Aided Awareness,36.75,40.15,569,640,2026-01-22,2026-02-05
BLS0068,IO-2025-0079,Kantar (mock),Brand Favorability,41.28,44.28,509,635,2026-01-22,2026-02-05
BLS0068,IO-2025-0079,Kantar (mock),Purchase Intent,27.11,29.8,548,646,2026-01-22,2026-02-05
BLS0069,IO-2025-0081,Upwave (mock),Aided Awareness,34.09,45.09,642,609,2025-06-14,2025-06-28
BLS0069,IO-2025-0081,Upwave (mock),Brand Favorability,45.69,52.67,559,451,2025-06-14,2025-06-28
BLS0069,IO-2025-0081,Upwave (mock),Purchase Intent,13.53,18.48,567,464,2025-06-14,2025-06-28
BLS0070,IO-2025-0082,Kantar (mock),Aided Awareness,33.38,39.62,376,483,2025-09-03,2025-09-17
BLS0070,IO-2025-0082,Kantar (mock),Brand Favorability,47.72,50.58,549,642,2025-09-03,2025-09-17
BLS0070,IO-2025-0082,Kantar (mock),Purchase Intent,27.75,30.01,443,442,2025-09-03,2025-09-17
BLS0071,IO-2025-0083,Lucid (mock),Aided Awareness,38.83,42.98,566,478,2025-11-29,2025-12-13
BLS0071,IO-2025-0083,Lucid (mock),Brand Favorability,33.33,35.54,352,411,2025-11-29,2025-12-13
BLS0071,IO-2025-0083,Lucid (mock),Purchase Intent,14.41,16.17,494,557,2025-11-29,2025-12-13
BLS0072,IO-2026-0057,Lucid (mock),Aided Awareness,39.62,44.0,406,599,2026-07-15,2026-07-29
BLS0072,IO-2026-0057,Lucid (mock),Brand Favorability,39.76,42.34,405,660,2026-07-15,2026-07-29
BLS0072,IO-2026-0057,Lucid (mock),Purchase Intent,13.63,14.92,607,567,2026-07-15,2026-07-29
BLS0073,IO-2025-0085,Lucid (mock),Aided Awareness,36.99,47.61,618,535,2025-05-08,2025-05-22
BLS0073,IO-2025-0085,Lucid (mock),Brand Favorability,46.68,53.75,465,548,2025-05-08,2025-05-22
BLS0073,IO-2025-0085,Lucid (mock),Purchase Intent,12.08,16.7,426,438,2025-05-08,2025-05-22
BLS0074,IO-2025-0086,Upwave (mock),Aided Awareness,26.34,29.03,563,590,2025-10-19,2025-11-02
BLS0074,IO-2025-0086,Upwave (mock),Brand Favorability,35.15,37.91,530,601,2025-10-19,2025-11-02
BLS0074,IO-2025-0086,Upwave (mock),Purchase Intent,20.19,21.49,550,667,2025-10-19,2025-11-02
BLS0075,IO-2026-0059,Lucid (mock),Aided Awareness,33.98,37.61,383,350,2026-03-17,2026-03-31
BLS0075,IO-2026-0059,Lucid (mock),Brand Favorability,49.98,52.42,354,368,2026-03-17,2026-03-31
BLS0075,IO-2026-0059,Lucid (mock),Purchase Intent,15.91,17.92,431,590,2026-03-17,2026-03-31
BLS0076,IO-2025-0087,Kantar (mock),Aided Awareness,39.31,47.61,507,618,2025-07-29,2025-08-12
BLS0076,IO-2025-0087,Kantar (mock),Brand Favorability,34.35,40.47,577,505,2025-07-29,2025-08-12
BLS0076,IO-2025-0087,Kantar (mock),Purchase Intent,27.57,30.91,545,455,2025-07-29,2025-08-12
BLS0077,IO-2026-0060,Lucid (mock),Aided Awareness,38.67,50.53,524,561,2026-06-07,2026-06-21
BLS0077,IO-2026-0060,Lucid (mock),Brand Favorability,32.02,38.8,635,613,2026-06-07,2026-06-21
BLS0077,IO-2026-0060,Lucid (mock),Purchase Intent,24.43,31.93,427,356,2026-06-07,2026-06-21
BLS0078,IO-2025-0092,Lucid (mock),Aided Awareness,41.39,44.49,694,648,2025-10-12,2025-10-26
BLS0078,IO-2025-0092,Lucid (mock),Brand Favorability,38.24,39.54,691,561,2025-10-12,2025-10-26
BLS0078,IO-2025-0092,Lucid (mock),Purchase Intent,29.4,32.04,688,384,2025-10-12,2025-10-26
BLS0079,IO-2025-0093,Kantar (mock),Aided Awareness,43.13,54.1,690,382,2025-09-28,2025-10-12
BLS0079,IO-2025-0093,Kantar (mock),Brand Favorability,47.75,56.52,398,685,2025-09-28,2025-10-12
BLS0079,IO-2025-0093,Kantar (mock),Purchase Intent,28.74,34.65,607,390,2025-09-28,2025-10-12
BLS0080,IO-2026-0063,Lucid (mock),Aided Awareness,22.69,27.03,457,676,2026-05-12,2026-05-26
BLS0080,IO-2026-0063,Lucid (mock),Brand Favorability,39.78,41.05,547,551,2026-05-12,2026-05-26
BLS0080,IO-2026-0063,Lucid (mock),Purchase Intent,16.11,17.79,683,665,2026-05-12,2026-05-26
BLS0081,IO-2026-0064,Kantar (mock),Aided Awareness,33.66,37.02,682,476,2026-08-10,2026-08-24
BLS0081,IO-2026-0064,Kantar (mock),Brand Favorability,33.96,37.17,517,647,2026-08-10,2026-08-24
BLS0081,IO-2026-0064,Kantar (mock),Purchase Intent,21.28,23.92,522,355,2026-08-10,2026-08-24
BLS0082,IO-2025-0094,Lucid (mock),Aided Awareness,33.3,36.79,375,438,2025-11-13,2025-11-27
BLS0082,IO-2025-0094,Lucid (mock),Brand Favorability,46.7,49.1,657,492,2025-11-13,2025-11-27
BLS0082,IO-2025-0094,Lucid (mock),Purchase Intent,29.78,29.46,365,465,2025-11-13,2025-11-27
BLS0083,IO-2025-0095,Kantar (mock),Aided Awareness,29.94,33.65,451,691,2025-12-30,2026-01-13
BLS0083,IO-2025-0095,Kantar (mock),Brand Favorability,48.56,50.8,687,452,2025-12-30,2026-01-13
BLS0083,IO-2025-0095,Kantar (mock),Purchase Intent,14.8,16.67,478,525,2025-12-30,2026-01-13
BLS0084,IO-2025-0097,Lucid (mock),Aided Awareness,32.31,34.83,518,562,2026-01-08,2026-01-22
BLS0084,IO-2025-0097,Lucid (mock),Brand Favorability,41.29,43.93,400,648,2026-01-08,2026-01-22
BLS0084,IO-2025-0097,Lucid (mock),Purchase Intent,23.36,25.02,374,477,2026-01-08,2026-01-22
BLS0085,IO-2026-0065,Upwave (mock),Aided Awareness,33.53,35.82,634,381,2026-05-10,2026-05-24
BLS0085,IO-2026-0065,Upwave (mock),Brand Favorability,41.4,42.33,384,414,2026-05-10,2026-05-24
BLS0085,IO-2026-0065,Upwave (mock),Purchase Intent,24.62,27.0,553,518,2026-05-10,2026-05-24
BLS0086,IO-2026-0066,Lucid (mock),Aided Awareness,28.72,31.74,627,659,2026-08-26,2026-09-09
BLS0086,IO-2026-0066,Lucid (mock),Brand Favorability,31.81,34.36,532,431,2026-08-26,2026-09-09
BLS0086,IO-2026-0066,Lucid (mock),Purchase Intent,26.39,29.89,656,608,2026-08-26,2026-09-09
BLS0087,IO-2025-0098,Lucid (mock),Aided Awareness,42.69,44.07,352,387,2025-11-20,2025-12-04
BLS0087,IO-2025-0098,Lucid (mock),Brand Favorability,38.2,39.41,491,650,2025-11-20,2025-12-04
BLS0087,IO-2025-0098,Lucid (mock),Purchase Intent,20.4,21.63,604,561,2025-11-20,2025-12-04
BLS0088,IO-2026-0067,Kantar (mock),Aided Awareness,27.66,28.85,393,559,2026-06-18,2026-07-02
BLS0088,IO-2026-0067,Kantar (mock),Brand Favorability,51.43,52.18,575,561,2026-06-18,2026-07-02
BLS0088,IO-2026-0067,Kantar (mock),Purchase Intent,27.1,28.38,420,610,2026-06-18,2026-07-02
BLS0089,IO-2026-0068,Kantar (mock),Aided Awareness,38.17,40.67,548,405,2026-08-01,2026-08-15
BLS0089,IO-2026-0068,Kantar (mock),Brand Favorability,50.99,53.14,685,517,2026-08-01,2026-08-15
BLS0089,IO-2026-0068,Kantar (mock),Purchase Intent,23.82,24.9,638,691,2026-08-01,2026-08-15
BLS0090,IO-2025-0100,Kantar (mock),Aided Awareness,34.94,43.31,637,484,2025-12-19,2026-01-02
BLS0090,IO-2025-0100,Kantar (mock),Brand Favorability,44.51,46.74,501,447,2025-12-19,2026-01-02
BLS0090,IO-2025-0100,Kantar (mock),Purchase Intent,24.08,28.12,481,513,2025-12-19,2026-01-02
BLS0091,IO-2025-0101,Upwave (mock),Aided Awareness,41.86,45.02,389,471,2026-01-03,2026-01-17
BLS0091,IO-2025-0101,Upwave (mock),Brand Favorability,52.96,55.15,624,573,2026-01-03,2026-01-17
BLS0091,IO-2025-0101,Upwave (mock),Purchase Intent,18.18,19.63,524,358,2026-01-03,2026-01-17
