wave,ip,parent_age_band,child_age_band,aware_pct,favorable_pct,co_view_weekly_pct,sample_n
2025-Q1,CoComelon,18-24,0-2,93.28,66.27,44.17,128
2025-Q1,CoComelon,18-24,3-5,80.5,61.9,43.69,143
2025-Q1,CoComelon,18-24,6-8,48.13,34.34,17.11,214
2025-Q1,CoComelon,18-24,9-11,35.7,27.11,24.37,208
2025-Q1,CoComelon,25-34,0-2,95.13,63.33,39.05,222
2025-Q1,CoComelon,25-34,3-5,79.08,57.24,34.69,233
2025-Q1,CoComelon,25-34,6-8,53.7,37.69,23.16,251
2025-Q1,CoComelon,25-34,9-11,39.17,28.05,22.53,168
2025-Q1,CoComelon,35-44,0-2,95.21,64.28,40.01,156
2025-Q1,CoComelon,35-44,3-5,83.43,61.73,36.23,173
2025-Q1,CoComelon,35-44,6-8,51.95,36.46,21.41,213
2025-Q1,CoComelon,35-44,9-11,36.32,28.66,31.68,168
2025-Q1,CoComelon,45+,0-2,93.19,70.76,45.29,218
2025-Q1,CoComelon,45+,3-5,79.78,48.83,45.58,123
2025-Q1,CoComelon,45+,6-8,51.58,35.8,22.24,149
2025-Q1,CoComelon,45+,9-11,37.96,32.95,19.35,192
2025-Q1,Blippi,18-24,0-2,61.85,48.53,44.44,142
2025-Q1,Blippi,18-24,3-5,81.39,56.87,37.24,159
2025-Q1,Blippi,18-24,6-8,64.05,45.88,22.16,237
2025-Q1,Blippi,18-24,9-11,51.88,42.01,25.56,127
2025-Q1,Blippi,25-34,0-2,63.34,45.55,44.42,226
2025-Q1,Blippi,25-34,3-5,79.22,61.56,42.02,218
2025-Q1,Blippi,25-34,6-8,69.19,44.48,27.47,147
2025-Q1,Blippi,25-34,9-11,51.16,38.63,23.57,203
2025-Q1,Blippi,35-44,0-2,62.17,48.81,35.63,178
2025-Q1,Blippi,35-44,3-5,80.14,54.58,40.88,224
2025-Q1,Blippi,35-44,6-8,68.9,47.44,22.47,128
2025-Q1,Blippi,35-44,9-11,49.26,34.54,23.77,255
2025-Q1,Blippi,45+,0-2,61.74,38.52,39.85,246
2025-Q1,Blippi,45+,3-5,78.59,54.96,32.36,256
2025-Q1,Blippi,45+,6-8,68.31,47.4,28.37,130
2025-Q1,Blippi,45+,9-11,46.9,31.51,16.84,232
2025-Q1,Little Baby Bum,18-24,0-2,64.32,50.08,40.52,154
2025-Q1,Little Baby Bum,18-24,3-5,52.91,36.96,33.95,120
2025-Q1,Little Baby Bum,18-24,6-8,35.82,24.98,14.94,155
2025-Q1,Little Baby Bum,18-24,9-11,27.27,21.36,21.11,127
2025-Q1,Little Baby Bum,25-34,0-2,64.04,41.29,27.7,177
2025-Q1,Little Baby Bum,25-34,3-5,51.4,36.89,36.46,174
2025-Q1,Little Baby Bum,25-34,6-8,35.89,25.49,26.94,260
2025-Q1,Little Baby Bum,25-34,9-11,27.84,19.6,16.98,260
2025-Q1,Little Baby Bum,35-44,0-2,59.97,47.48,33.29,145
2025-Q1,Little Baby Bum,35-44,3-5,52.11,37.86,30.56,137
2025-Q1,Little Baby Bum,35-44,6-8,35.06,24.65,26.62,160
2025-Q1,Little Baby Bum,35-44,9-11,27.77,21.53,23.03,122
2025-Q1,Little Baby Bum,45+,0-2,62.08,41.48,35.35,229
2025-Q1,Little Baby Bum,45+,3-5,59.09,41.81,38.81,221
2025-Q1,Little Baby Bum,45+,6-8,37.84,27.72,18.26,242
2025-Q1,Little Baby Bum,45+,9-11,27.56,19.25,23.45,229
2025-Q1,Little Angel,18-24,0-2,56.02,38.95,38.93,176
2025-Q1,Little Angel,18-24,3-5,50.7,34.92,44.58,233
2025-Q1,Little Angel,18-24,6-8,28.82,23.35,17.72,161
2025-Q1,Little Angel,18-24,9-11,21.71,17.27,29.76,124
2025-Q1,Little Angel,25-34,0-2,56.64,37.71,38.41,171
2025-Q1,Little Angel,25-34,3-5,47.5,32.17,41.48,233
2025-Q1,Little Angel,25-34,6-8,28.45,18.65,13.9,177
2025-Q1,Little Angel,25-34,9-11,25.92,18.0,19.55,195
2025-Q1,Little Angel,35-44,0-2,52.94,41.74,31.1,184
2025-Q1,Little Angel,35-44,3-5,45.09,31.74,37.89,248
2025-Q1,Little Angel,35-44,6-8,31.32,21.49,29.72,177
2025-Q1,Little Angel,35-44,9-11,21.16,14.17,16.48,216
2025-Q1,Little Angel,45+,0-2,53.45,35.36,41.75,212
2025-Q1,Little Angel,45+,3-5,45.5,32.46,32.85,227
2025-Q1,Little Angel,45+,6-8,27.65,21.44,30.01,243
2025-Q1,Little Angel,45+,9-11,25.04,16.19,15.34,120
2025-Q1,Oddbods,18-24,0-2,25.96,18.36,31.13,237
2025-Q1,Oddbods,18-24,3-5,39.56,28.62,40.85,145
2025-Q1,Oddbods,18-24,6-8,43.92,30.91,26.74,120
2025-Q1,Oddbods,18-24,9-11,42.72,33.4,15.42,208
2025-Q1,Oddbods,25-34,0-2,21.77,17.47,32.25,223
2025-Q1,Oddbods,25-34,3-5,37.94,28.43,38.46,203
2025-Q1,Oddbods,25-34,6-8,47.9,32.39,22.98,245
2025-Q1,Oddbods,25-34,9-11,43.79,28.39,27.5,193
2025-Q1,Oddbods,35-44,0-2,20.18,13.11,35.02,169
2025-Q1,Oddbods,35-44,3-5,35.61,25.18,31.79,224
2025-Q1,Oddbods,35-44,6-8,49.3,38.9,22.53,245
2025-Q1,Oddbods,35-44,9-11,41.11,27.72,23.11,242
2025-Q1,Oddbods,45+,0-2,18.07,11.89,29.76,128
2025-Q1,Oddbods,45+,3-5,37.63,31.16,31.7,201
2025-Q1,Oddbods,45+,6-8,50.03,34.61,15.4,186
2025-Q1,Oddbods,45+,9-11,47.13,39.02,24.06,220
2025-Q1,Morphle,18-24,0-2,33.03,23.88,37.26,235
2025-Q1,Morphle,18-24,3-5,42.48,32.02,46.32,171
2025-Q1,Morphle,18-24,6-8,35.05,25.46,21.56,182
2025-Q1,Morphle,18-24,9-11,28.65,24.06,27.29,139
2025-Q1,Morphle,25-34,0-2,33.9,25.94,44.34,220
2025-Q1,Morphle,25-34,3-5,46.63,29.64,41.0,184
2025-Q1,Morphle,25-34,6-8,30.94,23.75,24.76,121
2025-Q1,Morphle,25-34,9-11,25.51,14.96,21.93,207
2025-Q1,Morphle,35-44,0-2,32.75,23.47,34.89,189
2025-Q1,Morphle,35-44,3-5,40.01,28.7,33.99,228
2025-Q1,Morphle,35-44,6-8,37.72,27.01,13.38,260
2025-Q1,Morphle,35-44,9-11,26.95,19.96,30.09,256
2025-Q1,Morphle,45+,0-2,34.16,23.06,45.13,246
2025-Q1,Morphle,45+,3-5,39.03,28.16,41.77,181
2025-Q1,Morphle,45+,6-8,39.02,31.78,28.37,132
2025-Q1,Morphle,45+,9-11,26.33,19.72,23.12,210
2025-Q1,Gecko's Garage,18-24,0-2,29.18,20.84,46.99,252
2025-Q1,Gecko's Garage,18-24,3-5,40.89,33.65,32.59,248
2025-Q1,Gecko's Garage,18-24,6-8,33.44,24.77,25.71,229
2025-Q1,Gecko's Garage,18-24,9-11,24.97,18.98,25.96,256
2025-Q1,Gecko's Garage,25-34,0-2,27.82,21.08,43.37,151
2025-Q1,Gecko's Garage,25-34,3-5,40.19,25.24,36.62,134
2025-Q1,Gecko's Garage,25-34,6-8,35.08,23.74,26.59,161
2025-Q1,Gecko's Garage,25-34,9-11,26.66,19.37,22.09,204
2025-Q1,Gecko's Garage,35-44,0-2,30.99,22.3,31.57,174
2025-Q1,Gecko's Garage,35-44,3-5,38.74,28.03,45.09,144
2025-Q1,Gecko's Garage,35-44,6-8,35.58,28.24,14.98,154
2025-Q1,Gecko's Garage,35-44,9-11,24.49,20.17,18.29,165
2025-Q1,Gecko's Garage,45+,0-2,29.07,20.54,48.09,228
2025-Q1,Gecko's Garage,45+,3-5,38.26,28.61,39.96,227
2025-Q1,Gecko's Garage,45+,6-8,30.34,21.82,19.24,152
2025-Q1,Gecko's Garage,45+,9-11,26.56,21.43,20.28,200
2025-Q1,Supa Strikas,18-24,0-2,11.31,9.57,34.44,189
2025-Q1,Supa Strikas,18-24,3-5,15.31,12.08,37.75,246
2025-Q1,Supa Strikas,18-24,6-8,29.07,24.17,14.99,250
2025-Q1,Supa Strikas,18-24,9-11,34.11,22.45,23.68,132
2025-Q1,Supa Strikas,25-34,0-2,10.89,7.2,41.66,128
2025-Q1,Supa Strikas,25-34,3-5,18.02,11.85,32.05,203
2025-Q1,Supa Strikas,25-34,6-8,28.92,18.4,23.14,252
2025-Q1,Supa Strikas,25-34,9-11,37.18,28.01,18.88,133
2025-Q1,Supa Strikas,35-44,0-2,12.55,8.25,38.68,198
2025-Q1,Supa Strikas,35-44,3-5,17.35,11.59,41.12,123
2025-Q1,Supa Strikas,35-44,6-8,24.55,16.22,16.67,143
2025-Q1,Supa Strikas,35-44,9-11,33.49,26.29,25.77,195
2025-Q1,Supa Strikas,45+,0-2,12.21,8.83,37.94,218
2025-Q1,Supa Strikas,45+,3-5,20.74,13.05,41.86,151
2025-Q1,Supa Strikas,45+,6-8,27.48,20.48,24.54,200
2025-Q1,Supa Strikas,45+,9-11,35.97,28.74,15.14,239
2025-Q1,Go Buster,18-24,0-2,22.41,16.06,35.7,123
2025-Q1,Go Buster,18-24,3-5,30.47,23.01,35.91,130
2025-Q1,Go Buster,18-24,6-8,24.71,17.74,19.84,126
2025-Q1,Go Buster,18-24,9-11,15.59,11.46,18.93,138
2025-Q1,Go Buster,25-34,0-2,20.71,15.83,38.55,134
2025-Q1,Go Buster,25-34,3-5,30.35,21.87,44.75,128
2025-Q1,Go Buster,25-34,6-8,24.75,19.71,31.86,235
2025-Q1,Go Buster,25-34,9-11,13.28,9.74,21.44,173
2025-Q1,Go Buster,35-44,0-2,20.62,14.44,35.28,252
2025-Q1,Go Buster,35-44,3-5,24.2,17.54,42.67,249
2025-Q1,Go Buster,35-44,6-8,21.81,15.35,18.51,201
2025-Q1,Go Buster,35-44,9-11,14.81,10.49,23.72,185
2025-Q1,Go Buster,45+,0-2,22.91,15.13,37.85,220
2025-Q1,Go Buster,45+,3-5,28.76,19.01,44.34,232
2025-Q1,Go Buster,45+,6-8,21.92,16.56,20.91,179
2025-Q1,Go Buster,45+,9-11,17.72,14.18,21.39,199
2025-Q1,Arpo,18-24,0-2,18.99,13.94,34.07,247
2025-Q1,Arpo,18-24,3-5,21.71,15.4,30.94,192
2025-Q1,Arpo,18-24,6-8,19.92,15.0,26.06,182
2025-Q1,Arpo,18-24,9-11,16.86,12.94,18.98,222
2025-Q1,Arpo,25-34,0-2,16.22,12.36,39.95,179
2025-Q1,Arpo,25-34,3-5,21.96,14.85,35.35,128
2025-Q1,Arpo,25-34,6-8,20.17,12.55,10.3,190
2025-Q1,Arpo,25-34,9-11,15.39,10.67,24.34,146
2025-Q1,Arpo,35-44,0-2,20.15,13.49,29.65,173
2025-Q1,Arpo,35-44,3-5,21.45,14.71,37.87,147
2025-Q1,Arpo,35-44,6-8,20.08,14.78,22.23,255
2025-Q1,Arpo,35-44,9-11,16.12,12.14,21.09,201
2025-Q1,Arpo,45+,0-2,18.27,11.74,43.32,216
2025-Q1,Arpo,45+,3-5,22.04,14.55,35.92,247
2025-Q1,Arpo,45+,6-8,21.08,14.37,24.05,137
2025-Q1,Arpo,45+,9-11,15.76,11.36,17.68,254
2025-Q2,CoComelon,18-24,0-2,94.47,61.36,35.56,176
2025-Q2,CoComelon,18-24,3-5,79.49,57.04,31.65,156
2025-Q2,CoComelon,18-24,6-8,51.77,40.2,27.98,147
2025-Q2,CoComelon,18-24,9-11,36.21,24.86,26.26,171
2025-Q2,CoComelon,25-34,0-2,96.01,66.17,35.57,123
2025-Q2,CoComelon,25-34,3-5,81.86,51.44,40.63,209
2025-Q2,CoComelon,25-34,6-8,53.77,37.67,14.9,195
2025-Q2,CoComelon,25-34,9-11,41.53,30.35,25.54,152
2025-Q2,CoComelon,35-44,0-2,91.96,60.15,40.07,258
2025-Q2,CoComelon,35-44,3-5,83.76,55.57,37.49,184
2025-Q2,CoComelon,35-44,6-8,48.43,33.17,20.71,164
2025-Q2,CoComelon,35-44,9-11,39.68,24.39,28.6,211
2025-Q2,CoComelon,45+,0-2,94.26,73.97,41.49,137
2025-Q2,CoComelon,45+,3-5,83.4,68.48,34.09,146
2025-Q2,CoComelon,45+,6-8,51.87,34.78,21.49,142
2025-Q2,CoComelon,45+,9-11,40.14,31.16,20.09,130
2025-Q2,Blippi,18-24,0-2,59.81,43.28,33.74,170
2025-Q2,Blippi,18-24,3-5,79.36,59.81,40.43,210
2025-Q2,Blippi,18-24,6-8,71.21,50.07,27.04,196
2025-Q2,Blippi,18-24,9-11,51.27,36.19,16.51,123
2025-Q2,Blippi,25-34,0-2,58.04,37.25,39.08,195
2025-Q2,Blippi,25-34,3-5,78.7,50.19,35.9,162
2025-Q2,Blippi,25-34,6-8,70.1,51.93,21.86,192
2025-Q2,Blippi,25-34,9-11,51.12,35.43,25.17,136
2025-Q2,Blippi,35-44,0-2,61.87,44.31,43.19,166
2025-Q2,Blippi,35-44,3-5,82.1,58.36,36.36,200
2025-Q2,Blippi,35-44,6-8,68.87,42.63,27.48,234
2025-Q2,Blippi,35-44,9-11,49.87,38.04,22.21,129
2025-Q2,Blippi,45+,0-2,65.0,48.52,42.56,178
2025-Q2,Blippi,45+,3-5,79.34,52.02,38.74,155
2025-Q2,Blippi,45+,6-8,65.71,45.77,16.05,183
2025-Q2,Blippi,45+,9-11,49.56,37.16,24.65,258
2025-Q2,Little Baby Bum,18-24,0-2,62.6,46.07,35.3,234
2025-Q2,Little Baby Bum,18-24,3-5,59.19,43.51,35.05,227
2025-Q2,Little Baby Bum,18-24,6-8,36.07,28.21,18.13,239
2025-Q2,Little Baby Bum,18-24,9-11,22.9,15.09,18.65,219
2025-Q2,Little Baby Bum,25-34,0-2,62.81,40.11,35.91,230
2025-Q2,Little Baby Bum,25-34,3-5,53.92,39.7,41.06,129
2025-Q2,Little Baby Bum,25-34,6-8,35.12,28.44,27.47,219
2025-Q2,Little Baby Bum,25-34,9-11,26.18,17.58,18.62,162
2025-Q2,Little Baby Bum,35-44,0-2,60.06,43.71,39.66,254
2025-Q2,Little Baby Bum,35-44,3-5,56.13,41.16,43.27,201
2025-Q2,Little Baby Bum,35-44,6-8,36.47,24.38,19.41,138
2025-Q2,Little Baby Bum,35-44,9-11,25.72,17.61,20.78,171
2025-Q2,Little Baby Bum,45+,0-2,63.52,45.35,38.0,199
2025-Q2,Little Baby Bum,45+,3-5,52.45,39.1,40.17,124
2025-Q2,Little Baby Bum,45+,6-8,32.79,21.49,28.15,174
2025-Q2,Little Baby Bum,45+,9-11,29.24,21.39,20.19,240
2025-Q2,Little Angel,18-24,0-2,57.09,42.45,36.95,260
2025-Q2,Little Angel,18-24,3-5,49.44,33.59,34.55,175
2025-Q2,Little Angel,18-24,6-8,30.73,22.3,25.19,256
2025-Q2,Little Angel,18-24,9-11,24.89,15.99,22.19,238
2025-Q2,Little Angel,25-34,0-2,58.8,40.58,34.43,193
2025-Q2,Little Angel,25-34,3-5,43.02,31.19,40.9,194
2025-Q2,Little Angel,25-34,6-8,31.16,20.82,21.96,169
2025-Q2,Little Angel,25-34,9-11,22.94,16.58,16.53,125
2025-Q2,Little Angel,35-44,0-2,55.15,37.46,28.64,255
2025-Q2,Little Angel,35-44,3-5,48.86,35.52,40.96,145
2025-Q2,Little Angel,35-44,6-8,28.93,21.74,27.11,250
2025-Q2,Little Angel,35-44,9-11,26.01,19.78,23.92,170
2025-Q2,Little Angel,45+,0-2,52.24,37.33,30.89,224
2025-Q2,Little Angel,45+,3-5,45.86,37.5,32.88,181
2025-Q2,Little Angel,45+,6-8,25.31,19.26,18.63,161
2025-Q2,Little Angel,45+,9-11,24.04,15.9,19.87,172
2025-Q2,Oddbods,18-24,0-2,24.39,15.95,37.15,234
2025-Q2,Oddbods,18-24,3-5,37.98,25.98,39.21,122
2025-Q2,Oddbods,18-24,6-8,48.43,36.16,31.21,166
2025-Q2,Oddbods,18-24,9-11,49.35,36.68,21.45,218
2025-Q2,Oddbods,25-34,0-2,22.88,16.21,30.06,217
2025-Q2,Oddbods,25-34,3-5,37.31,28.88,30.68,182
2025-Q2,Oddbods,25-34,6-8,46.43,32.08,23.86,250
2025-Q2,Oddbods,25-34,9-11,48.75,33.13,22.46,162
2025-Q2,Oddbods,35-44,0-2,22.01,15.52,37.76,121
2025-Q2,Oddbods,35-44,3-5,36.47,31.26,41.75,240
2025-Q2,Oddbods,35-44,6-8,47.49,37.0,23.28,151
2025-Q2,Oddbods,35-44,9-11,44.12,31.36,20.75,209
2025-Q2,Oddbods,45+,0-2,19.56,12.45,39.85,199
2025-Q2,Oddbods,45+,3-5,37.02,28.28,33.55,140
2025-Q2,Oddbods,45+,6-8,46.2,35.06,20.52,203
2025-Q2,Oddbods,45+,9-11,45.71,32.99,31.39,150
2025-Q2,Morphle,18-24,0-2,33.81,25.04,42.0,176
2025-Q2,Morphle,18-24,3-5,41.25,26.31,39.8,177
2025-Q2,Morphle,18-24,6-8,39.98,24.21,24.35,146
2025-Q2,Morphle,18-24,9-11,23.53,16.91,22.4,139
2025-Q2,Morphle,25-34,0-2,33.79,24.69,44.87,240
2025-Q2,Morphle,25-34,3-5,44.13,31.34,43.47,250
2025-Q2,Morphle,25-34,6-8,35.47,24.68,15.98,226
2025-Q2,Morphle,25-34,9-11,29.22,20.6,9.89,134
2025-Q2,Morphle,35-44,0-2,33.38,23.31,36.51,207
2025-Q2,Morphle,35-44,3-5,41.33,29.06,51.64,232
2025-Q2,Morphle,35-44,6-8,39.43,29.76,23.21,234
2025-Q2,Morphle,35-44,9-11,28.86,21.13,26.08,223
2025-Q2,Morphle,45+,0-2,33.42,24.27,42.7,235
2025-Q2,Morphle,45+,3-5,40.96,29.61,33.1,246
2025-Q2,Morphle,45+,6-8,34.37,20.4,24.28,138
2025-Q2,Morphle,45+,9-11,28.06,21.73,16.49,154
2025-Q2,Gecko's Garage,18-24,0-2,32.07,23.09,41.69,154
2025-Q2,Gecko's Garage,18-24,3-5,39.07,27.47,30.23,128
2025-Q2,Gecko's Garage,18-24,6-8,33.43,24.08,22.87,178
2025-Q2,Gecko's Garage,18-24,9-11,22.32,15.5,22.8,135
2025-Q2,Gecko's Garage,25-34,0-2,34.01,23.05,40.45,159
2025-Q2,Gecko's Garage,25-34,3-5,39.25,27.38,33.61,255
2025-Q2,Gecko's Garage,25-34,6-8,32.78,22.82,27.24,233
2025-Q2,Gecko's Garage,25-34,9-11,24.18,16.31,23.05,201
2025-Q2,Gecko's Garage,35-44,0-2,31.21,22.36,39.27,232
2025-Q2,Gecko's Garage,35-44,3-5,38.35,25.89,42.93,189
2025-Q2,Gecko's Garage,35-44,6-8,34.57,25.92,28.12,128
2025-Q2,Gecko's Garage,35-44,9-11,27.38,17.84,21.42,211
2025-Q2,Gecko's Garage,45+,0-2,33.28,24.83,38.92,248
2025-Q2,Gecko's Garage,45+,3-5,37.09,25.56,38.35,167
2025-Q2,Gecko's Garage,45+,6-8,32.01,24.32,21.41,180
2025-Q2,Gecko's Garage,45+,9-11,21.73,15.03,20.57,123
2025-Q2,Supa Strikas,18-24,0-2,11.74,9.29,40.89,173
2025-Q2,Supa Strikas,18-24,3-5,15.27,9.86,36.67,226
2025-Q2,Supa Strikas,18-24,6-8,28.75,22.13,30.65,123
2025-Q2,Supa Strikas,18-24,9-11,38.07,26.57,26.67,216
2025-Q2,Supa Strikas,25-34,0-2,12.85,8.55,28.56,232
2025-Q2,Supa Strikas,25-34,3-5,18.29,11.8,33.74,245
2025-Q2,Supa Strikas,25-34,6-8,27.13,19.83,28.4,255
2025-Q2,Supa Strikas,25-34,9-11,34.53,23.93,11.66,243
2025-Q2,Supa Strikas,35-44,0-2,12.92,9.32,35.25,148
2025-Q2,Supa Strikas,35-44,3-5,20.33,13.43,34.58,163
2025-Q2,Supa Strikas,35-44,6-8,28.01,19.38,24.75,188
2025-Q2,Supa Strikas,35-44,9-11,35.43,27.37,24.51,240
2025-Q2,Supa Strikas,45+,0-2,11.77,8.27,40.28,164
2025-Q2,Supa Strikas,45+,3-5,17.62,12.73,40.55,216
2025-Q2,Supa Strikas,45+,6-8,28.78,21.16,18.05,202
2025-Q2,Supa Strikas,45+,9-11,37.2,24.73,24.2,207
2025-Q2,Go Buster,18-24,0-2,19.43,15.04,42.42,239
2025-Q2,Go Buster,18-24,3-5,26.4,21.06,37.06,136
2025-Q2,Go Buster,18-24,6-8,24.56,16.79,24.02,168
2025-Q2,Go Buster,18-24,9-11,14.94,10.77,21.74,223
2025-Q2,Go Buster,25-34,0-2,22.16,15.21,53.37,192
2025-Q2,Go Buster,25-34,3-5,23.64,17.29,39.44,226
2025-Q2,Go Buster,25-34,6-8,23.88,16.58,23.21,242
2025-Q2,Go Buster,25-34,9-11,15.67,12.75,18.82,186
2025-Q2,Go Buster,35-44,0-2,20.1,13.81,34.0,213
2025-Q2,Go Buster,35-44,3-5,23.6,17.78,34.64,144
2025-Q2,Go Buster,35-44,6-8,21.21,14.25,23.52,199
2025-Q2,Go Buster,35-44,9-11,16.84,12.15,18.19,200
2025-Q2,Go Buster,45+,0-2,21.27,14.61,38.35,178
2025-Q2,Go Buster,45+,3-5,26.12,16.6,48.14,235
2025-Q2,Go Buster,45+,6-8,23.95,17.46,23.69,211
2025-Q2,Go Buster,45+,9-11,20.9,16.24,23.74,165
2025-Q2,Arpo,18-24,0-2,15.58,10.79,28.98,210
2025-Q2,Arpo,18-24,3-5,21.26,16.01,41.17,233
2025-Q2,Arpo,18-24,6-8,20.23,14.05,24.76,196
2025-Q2,Arpo,18-24,9-11,15.65,9.52,23.52,196
2025-Q2,Arpo,25-34,0-2,21.16,14.93,25.39,252
2025-Q2,Arpo,25-34,3-5,20.37,12.82,34.83,256
2025-Q2,Arpo,25-34,6-8,16.55,12.69,25.89,157
2025-Q2,Arpo,25-34,9-11,14.69,11.47,19.17,202
2025-Q2,Arpo,35-44,0-2,17.15,14.23,40.93,155
2025-Q2,Arpo,35-44,3-5,23.17,15.79,35.92,227
2025-Q2,Arpo,35-44,6-8,16.99,13.66,14.21,132
2025-Q2,Arpo,35-44,9-11,15.83,11.86,13.98,148
2025-Q2,Arpo,45+,0-2,19.28,13.64,31.4,253
2025-Q2,Arpo,45+,3-5,22.73,15.43,36.98,213
2025-Q2,Arpo,45+,6-8,17.99,12.16,16.06,146
2025-Q2,Arpo,45+,9-11,15.59,11.48,23.3,146
2025-Q3,CoComelon,18-24,0-2,93.87,67.83,34.32,148
2025-Q3,CoComelon,18-24,3-5,80.19,64.6,42.42,200
2025-Q3,CoComelon,18-24,6-8,50.48,32.57,13.49,230
2025-Q3,CoComelon,18-24,9-11,37.43,27.15,22.59,241
2025-Q3,CoComelon,25-34,0-2,94.9,69.91,32.81,183
2025-Q3,CoComelon,25-34,3-5,84.72,60.16,39.47,179
2025-Q3,CoComelon,25-34,6-8,50.29,36.99,32.38,259
2025-Q3,CoComelon,25-34,9-11,36.72,24.39,17.68,208
2025-Q3,CoComelon,35-44,0-2,93.93,65.18,32.8,139
2025-Q3,CoComelon,35-44,3-5,81.6,65.12,37.25,201
2025-Q3,CoComelon,35-44,6-8,51.41,37.89,25.24,237
2025-Q3,CoComelon,35-44,9-11,41.45,30.34,21.99,229
2025-Q3,CoComelon,45+,0-2,92.62,70.11,33.78,193
2025-Q3,CoComelon,45+,3-5,79.95,58.34,45.71,227
2025-Q3,CoComelon,45+,6-8,53.05,38.1,17.09,246
2025-Q3,CoComelon,45+,9-11,41.74,29.94,20.55,129
2025-Q3,Blippi,18-24,0-2,64.35,44.89,34.23,214
2025-Q3,Blippi,18-24,3-5,80.53,55.32,32.36,135
2025-Q3,Blippi,18-24,6-8,68.2,52.42,25.34,225
2025-Q3,Blippi,18-24,9-11,50.43,38.55,23.55,256
2025-Q3,Blippi,25-34,0-2,62.59,41.23,39.71,122
2025-Q3,Blippi,25-34,3-5,85.57,61.67,42.99,259
2025-Q3,Blippi,25-34,6-8,70.26,53.82,21.25,171
2025-Q3,Blippi,25-34,9-11,47.27,32.33,22.66,249
2025-Q3,Blippi,35-44,0-2,65.41,46.59,38.15,173
2025-Q3,Blippi,35-44,3-5,80.67,64.37,45.5,137
2025-Q3,Blippi,35-44,6-8,69.33,44.66,12.96,177
2025-Q3,Blippi,35-44,9-11,53.29,38.73,18.09,186
2025-Q3,Blippi,45+,0-2,63.78,42.0,41.97,231
2025-Q3,Blippi,45+,3-5,81.08,53.99,36.16,202
2025-Q3,Blippi,45+,6-8,69.88,51.59,27.83,135
2025-Q3,Blippi,45+,9-11,54.31,39.54,21.06,165
2025-Q3,Little Baby Bum,18-24,0-2,60.9,38.47,37.9,244
2025-Q3,Little Baby Bum,18-24,3-5,51.88,40.51,37.0,201
2025-Q3,Little Baby Bum,18-24,6-8,35.33,24.59,18.62,250
2025-Q3,Little Baby Bum,18-24,9-11,26.59,19.51,23.61,229
2025-Q3,Little Baby Bum,25-34,0-2,61.85,46.98,41.22,133
2025-Q3,Little Baby Bum,25-34,3-5,49.23,34.81,43.07,183
2025-Q3,Little Baby Bum,25-34,6-8,31.8,20.21,21.31,196
2025-Q3,Little Baby Bum,25-34,9-11,26.42,18.42,28.46,208
2025-Q3,Little Baby Bum,35-44,0-2,65.73,41.0,36.08,216
2025-Q3,Little Baby Bum,35-44,3-5,49.02,36.91,34.6,171
2025-Q3,Little Baby Bum,35-44,6-8,32.89,25.57,15.36,181
2025-Q3,Little Baby Bum,35-44,9-11,22.22,13.47,28.35,172
2025-Q3,Little Baby Bum,45+,0-2,64.12,45.22,31.62,258
2025-Q3,Little Baby Bum,45+,3-5,55.25,47.39,36.82,158
2025-Q3,Little Baby Bum,45+,6-8,31.43,24.58,16.34,182
2025-Q3,Little Baby Bum,45+,9-11,24.65,14.49,20.48,196
2025-Q3,Little Angel,18-24,0-2,52.44,41.06,33.12,212
2025-Q3,Little Angel,18-24,3-5,49.06,35.07,38.63,155
2025-Q3,Little Angel,18-24,6-8,31.04,22.27,18.76,191
2025-Q3,Little Angel,18-24,9-11,20.88,15.56,12.49,202
2025-Q3,Little Angel,25-34,0-2,58.36,42.4,36.31,235
2025-Q3,Little Angel,25-34,3-5,48.03,33.16,37.11,133
2025-Q3,Little Angel,25-34,6-8,27.74,20.49,21.61,206
2025-Q3,Little Angel,25-34,9-11,22.87,18.17,17.98,139
2025-Q3,Little Angel,35-44,0-2,54.74,34.89,40.75,201
2025-Q3,Little Angel,35-44,3-5,47.47,34.22,37.21,206
2025-Q3,Little Angel,35-44,6-8,28.84,24.37,22.19,240
2025-Q3,Little Angel,35-44,9-11,23.09,15.31,26.43,255
2025-Q3,Little Angel,45+,0-2,54.75,40.64,42.51,154
2025-Q3,Little Angel,45+,3-5,47.29,32.45,26.36,223
2025-Q3,Little Angel,45+,6-8,29.23,20.05,16.28,169
2025-Q3,Little Angel,45+,9-11,25.41,19.54,12.85,257
2025-Q3,Oddbods,18-24,0-2,22.31,15.15,39.83,259
2025-Q3,Oddbods,18-24,3-5,35.8,24.81,42.82,121
2025-Q3,Oddbods,18-24,6-8,50.04,39.8,20.91,171
2025-Q3,Oddbods,18-24,9-11,41.09,31.48,26.64,162
2025-Q3,Oddbods,25-34,0-2,23.26,15.88,32.65,188
2025-Q3,Oddbods,25-34,3-5,38.47,26.0,36.46,157
2025-Q3,Oddbods,25-34,6-8,54.21,44.8,25.96,238
2025-Q3,Oddbods,25-34,9-11,42.68,29.19,25.58,142
2025-Q3,Oddbods,35-44,0-2,24.99,17.36,35.72,216
2025-Q3,Oddbods,35-44,3-5,37.58,24.44,31.21,148
2025-Q3,Oddbods,35-44,6-8,46.05,34.41,23.36,254
2025-Q3,Oddbods,35-44,9-11,46.27,29.3,14.42,219
2025-Q3,Oddbods,45+,0-2,22.91,15.5,34.0,161
2025-Q3,Oddbods,45+,3-5,39.43,27.3,35.82,250
2025-Q3,Oddbods,45+,6-8,47.9,34.03,25.42,216
2025-Q3,Oddbods,45+,9-11,41.58,29.55,27.81,238
2025-Q3,Morphle,18-24,0-2,36.57,23.85,39.66,184
2025-Q3,Morphle,18-24,3-5,41.42,29.62,34.05,243
2025-Q3,Morphle,18-24,6-8,37.61,28.41,34.61,226
2025-Q3,Morphle,18-24,9-11,23.96,15.16,32.27,166
2025-Q3,Morphle,25-34,0-2,32.2,22.45,38.94,175
2025-Q3,Morphle,25-34,3-5,39.01,28.82,37.6,240
2025-Q3,Morphle,25-34,6-8,38.25,29.18,26.7,126
2025-Q3,Morphle,25-34,9-11,26.98,21.59,24.88,173
2025-Q3,Morphle,35-44,0-2,31.23,21.22,34.52,208
2025-Q3,Morphle,35-44,3-5,42.98,28.08,38.78,191
2025-Q3,Morphle,35-44,6-8,34.43,22.64,16.54,240
2025-Q3,Morphle,35-44,9-11,26.55,20.13,18.62,233
2025-Q3,Morphle,45+,0-2,28.15,24.71,43.59,167
2025-Q3,Morphle,45+,3-5,43.66,34.99,38.46,225
2025-Q3,Morphle,45+,6-8,35.83,28.23,28.75,254
2025-Q3,Morphle,45+,9-11,27.83,21.27,15.81,144
2025-Q3,Gecko's Garage,18-24,0-2,31.28,25.18,42.02,168
2025-Q3,Gecko's Garage,18-24,3-5,38.22,26.5,45.7,151
2025-Q3,Gecko's Garage,18-24,6-8,36.44,26.57,23.06,159
2025-Q3,Gecko's Garage,18-24,9-11,26.01,18.05,17.83,165
2025-Q3,Gecko's Garage,25-34,0-2,33.81,24.75,41.54,191
2025-Q3,Gecko's Garage,25-34,3-5,42.23,33.38,40.27,143
2025-Q3,Gecko's Garage,25-34,6-8,37.18,27.08,17.26,164
2025-Q3,Gecko's Garage,25-34,9-11,25.73,19.28,25.39,177
2025-Q3,Gecko's Garage,35-44,0-2,34.69,24.18,39.13,155
2025-Q3,Gecko's Garage,35-44,3-5,40.88,32.76,39.88,250
2025-Q3,Gecko's Garage,35-44,6-8,36.32,26.09,20.87,120
2025-Q3,Gecko's Garage,35-44,9-11,23.28,15.3,22.89,220
2025-Q3,Gecko's Garage,45+,0-2,31.9,23.26,42.71,167
2025-Q3,Gecko's Garage,45+,3-5,41.33,29.03,36.95,209
2025-Q3,Gecko's Garage,45+,6-8,36.02,25.25,27.32,181
2025-Q3,Gecko's Garage,45+,9-11,26.16,19.16,17.92,184
2025-Q3,Supa Strikas,18-24,0-2,14.13,11.19,31.18,144
2025-Q3,Supa Strikas,18-24,3-5,18.8,13.44,39.42,248
2025-Q3,Supa Strikas,18-24,6-8,29.4,17.89,25.8,212
2025-Q3,Supa Strikas,18-24,9-11,36.72,28.69,17.28,190
2025-Q3,Supa Strikas,25-34,0-2,11.94,8.27,28.42,207
2025-Q3,Supa Strikas,25-34,3-5,16.76,11.16,39.67,214
2025-Q3,Supa Strikas,25-34,6-8,25.24,16.93,19.4,191
2025-Q3,Supa Strikas,25-34,9-11,36.04,30.95,23.52,136
2025-Q3,Supa Strikas,35-44,0-2,9.94,6.82,41.29,258
2025-Q3,Supa Strikas,35-44,3-5,15.31,11.86,39.37,162
2025-Q3,Supa Strikas,35-44,6-8,28.25,17.96,26.6,201
2025-Q3,Supa Strikas,35-44,9-11,32.98,24.0,21.21,257
2025-Q3,Supa Strikas,45+,0-2,8.83,6.26,31.95,255
2025-Q3,Supa Strikas,45+,3-5,16.7,12.38,41.51,181
2025-Q3,Supa Strikas,45+,6-8,28.46,19.24,18.76,141
2025-Q3,Supa Strikas,45+,9-11,33.17,20.34,22.37,186
2025-Q3,Go Buster,18-24,0-2,17.07,12.35,30.7,120
2025-Q3,Go Buster,18-24,3-5,23.99,18.07,38.12,133
2025-Q3,Go Buster,18-24,6-8,19.03,13.17,23.31,179
2025-Q3,Go Buster,18-24,9-11,15.56,10.94,23.22,208
2025-Q3,Go Buster,25-34,0-2,20.49,13.74,38.11,222
2025-Q3,Go Buster,25-34,3-5,25.83,20.82,37.48,177
2025-Q3,Go Buster,25-34,6-8,23.07,16.91,20.39,127
2025-Q3,Go Buster,25-34,9-11,15.36,11.41,24.34,171
2025-Q3,Go Buster,35-44,0-2,24.57,18.6,41.8,160
2025-Q3,Go Buster,35-44,3-5,27.84,19.08,31.71,249
2025-Q3,Go Buster,35-44,6-8,20.79,15.69,29.11,158
2025-Q3,Go Buster,35-44,9-11,18.27,13.0,30.38,230
2025-Q3,Go Buster,45+,0-2,19.51,12.93,39.26,241
2025-Q3,Go Buster,45+,3-5,28.98,19.65,29.48,168
2025-Q3,Go Buster,45+,6-8,22.88,17.35,7.18,203
2025-Q3,Go Buster,45+,9-11,18.75,12.22,25.62,197
2025-Q3,Arpo,18-24,0-2,13.01,8.41,41.09,122
2025-Q3,Arpo,18-24,3-5,24.43,17.58,49.98,198
2025-Q3,Arpo,18-24,6-8,16.95,11.33,20.49,234
2025-Q3,Arpo,18-24,9-11,13.3,9.76,18.29,259
2025-Q3,Arpo,25-34,0-2,18.14,13.55,46.07,217
2025-Q3,Arpo,25-34,3-5,21.02,15.49,41.03,212
2025-Q3,Arpo,25-34,6-8,18.99,13.47,11.68,233
2025-Q3,Arpo,25-34,9-11,14.17,10.62,21.71,145
2025-Q3,Arpo,35-44,0-2,15.44,9.82,40.27,229
2025-Q3,Arpo,35-44,3-5,22.07,17.42,30.75,248
2025-Q3,Arpo,35-44,6-8,18.06,11.81,27.13,231
2025-Q3,Arpo,35-44,9-11,16.48,13.45,24.61,155
2025-Q3,Arpo,45+,0-2,18.58,13.78,40.87,143
2025-Q3,Arpo,45+,3-5,22.1,16.59,48.7,169
2025-Q3,Arpo,45+,6-8,19.44,14.02,22.99,157
2025-Q3,Arpo,45+,9-11,13.7,10.03,21.09,213
2025-Q4,CoComelon,18-24,0-2,96.89,74.82,48.83,135
2025-Q4,CoComelon,18-24,3-5,81.65,59.97,39.23,254
2025-Q4,CoComelon,18-24,6-8,52.0,40.38,13.88,226
2025-Q4,CoComelon,18-24,9-11,39.62,32.48,28.81,164
2025-Q4,CoComelon,25-34,0-2,97.0,73.92,35.02,258
2025-Q4,CoComelon,25-34,3-5,80.2,54.77,32.31,224
2025-Q4,CoComelon,25-34,6-8,53.49,42.44,24.17,257
2025-Q4,CoComelon,25-34,9-11,40.31,29.61,24.84,200
2025-Q4,CoComelon,35-44,0-2,90.37,66.49,35.87,218
2025-Q4,CoComelon,35-44,3-5,81.62,59.69,34.42,194
2025-Q4,CoComelon,35-44,6-8,49.45,33.76,14.76,173
2025-Q4,CoComelon,35-44,9-11,36.39,24.35,14.82,196
2025-Q4,CoComelon,45+,0-2,95.66,64.57,28.68,232
2025-Q4,CoComelon,45+,3-5,80.9,53.74,45.3,218
2025-Q4,CoComelon,45+,6-8,51.87,33.53,24.84,132
2025-Q4,CoComelon,45+,9-11,38.87,27.52,29.87,254
2025-Q4,Blippi,18-24,0-2,62.31,48.09,35.95,257
2025-Q4,Blippi,18-24,3-5,83.12,56.73,34.57,164
2025-Q4,Blippi,18-24,6-8,70.95,44.34,23.73,173
2025-Q4,Blippi,18-24,9-11,53.15,34.29,25.3,125
2025-Q4,Blippi,25-34,0-2,67.17,46.13,34.08,163
2025-Q4,Blippi,25-34,3-5,85.39,63.2,37.32,212
2025-Q4,Blippi,25-34,6-8,73.45,53.89,29.14,259
2025-Q4,Blippi,25-34,9-11,52.89,39.21,27.49,232
2025-Q4,Blippi,35-44,0-2,59.36,46.11,35.47,165
2025-Q4,Blippi,35-44,3-5,84.16,67.6,36.47,253
2025-Q4,Blippi,35-44,6-8,70.91,50.86,14.74,194
2025-Q4,Blippi,35-44,9-11,57.32,41.15,30.23,221
2025-Q4,Blippi,45+,0-2,63.59,45.9,42.72,239
2025-Q4,Blippi,45+,3-5,80.96,57.87,42.53,174
2025-Q4,Blippi,45+,6-8,71.39,49.68,27.58,220
2025-Q4,Blippi,45+,9-11,55.72,44.47,18.63,173
2025-Q4,Little Baby Bum,18-24,0-2,60.0,41.79,41.59,139
2025-Q4,Little Baby Bum,18-24,3-5,50.43,33.43,34.43,221
2025-Q4,Little Baby Bum,18-24,6-8,31.48,24.06,26.08,171
2025-Q4,Little Baby Bum,18-24,9-11,24.06,17.09,9.3,182
2025-Q4,Little Baby Bum,25-34,0-2,60.25,47.12,35.44,124
2025-Q4,Little Baby Bum,25-34,3-5,50.63,39.94,32.43,195
2025-Q4,Little Baby Bum,25-34,6-8,36.45,31.51,21.45,219
2025-Q4,Little Baby Bum,25-34,9-11,27.51,17.51,13.44,130
2025-Q4,Little Baby Bum,35-44,0-2,59.57,45.34,38.01,146
2025-Q4,Little Baby Bum,35-44,3-5,52.45,34.38,37.36,240
2025-Q4,Little Baby Bum,35-44,6-8,32.07,21.61,16.96,160
2025-Q4,Little Baby Bum,35-44,9-11,25.4,17.38,21.97,220
2025-Q4,Little Baby Bum,45+,0-2,57.62,42.94,39.2,158
2025-Q4,Little Baby Bum,45+,3-5,52.36,38.12,42.67,251
2025-Q4,Little Baby Bum,45+,6-8,30.46,22.03,15.47,123
2025-Q4,Little Baby Bum,45+,9-11,25.2,17.81,21.88,180
2025-Q4,Little Angel,18-24,0-2,56.7,43.14,43.43,173
2025-Q4,Little Angel,18-24,3-5,46.71,35.27,40.53,223
2025-Q4,Little Angel,18-24,6-8,29.26,21.24,21.34,199
2025-Q4,Little Angel,18-24,9-11,25.29,19.23,20.32,132
2025-Q4,Little Angel,25-34,0-2,54.19,41.61,44.7,251
2025-Q4,Little Angel,25-34,3-5,48.13,36.24,44.52,192
2025-Q4,Little Angel,25-34,6-8,29.65,21.47,24.43,247
2025-Q4,Little Angel,25-34,9-11,21.64,17.42,19.81,192
2025-Q4,Little Angel,35-44,0-2,55.12,44.97,28.69,140
2025-Q4,Little Angel,35-44,3-5,47.93,32.93,38.0,143
2025-Q4,Little Angel,35-44,6-8,27.59,19.35,22.12,230
2025-Q4,Little Angel,35-44,9-11,22.98,17.57,10.38,181
2025-Q4,Little Angel,45+,0-2,54.75,38.94,37.68,185
2025-Q4,Little Angel,45+,3-5,47.56,32.27,30.27,176
2025-Q4,Little Angel,45+,6-8,30.43,20.4,24.01,128
2025-Q4,Little Angel,45+,9-11,20.63,15.56,21.73,178
2025-Q4,Oddbods,18-24,0-2,22.03,15.59,35.97,144
2025-Q4,Oddbods,18-24,3-5,36.93,28.77,30.33,135
2025-Q4,Oddbods,18-24,6-8,47.1,36.4,26.1,145
2025-Q4,Oddbods,18-24,9-11,46.69,33.48,15.41,219
2025-Q4,Oddbods,25-34,0-2,19.78,13.95,41.8,225
2025-Q4,Oddbods,25-34,3-5,36.89,25.95,39.98,180
2025-Q4,Oddbods,25-34,6-8,48.46,33.82,16.99,216
2025-Q4,Oddbods,25-34,9-11,45.89,35.45,16.71,230
2025-Q4,Oddbods,35-44,0-2,21.19,15.97,32.31,165
2025-Q4,Oddbods,35-44,3-5,38.13,26.83,31.92,156
2025-Q4,Oddbods,35-44,6-8,51.95,36.52,24.62,254
2025-Q4,Oddbods,35-44,9-11,41.76,33.31,31.74,190
2025-Q4,Oddbods,45+,0-2,19.0,13.52,44.64,212
2025-Q4,Oddbods,45+,3-5,36.46,27.0,29.6,201
2025-Q4,Oddbods,45+,6-8,46.82,34.43,19.05,198
2025-Q4,Oddbods,45+,9-11,43.28,27.88,25.27,138
2025-Q4,Morphle,18-24,0-2,29.62,23.61,34.59,194
2025-Q4,Morphle,18-24,3-5,43.4,32.77,33.07,120
2025-Q4,Morphle,18-24,6-8,34.95,24.36,20.05,256
2025-Q4,Morphle,18-24,9-11,24.0,17.92,18.56,204
2025-Q4,Morphle,25-34,0-2,32.07,24.71,40.86,236
2025-Q4,Morphle,25-34,3-5,40.56,31.31,41.33,216
2025-Q4,Morphle,25-34,6-8,34.69,24.08,27.0,158
2025-Q4,Morphle,25-34,9-11,28.16,18.16,16.97,161
2025-Q4,Morphle,35-44,0-2,33.69,22.28,42.02,210
2025-Q4,Morphle,35-44,3-5,45.67,33.74,33.39,139
2025-Q4,Morphle,35-44,6-8,36.45,28.13,22.49,146
2025-Q4,Morphle,35-44,9-11,27.57,18.75,18.38,120
2025-Q4,Morphle,45+,0-2,34.11,23.35,25.07,250
2025-Q4,Morphle,45+,3-5,41.19,30.3,43.29,199
2025-Q4,Morphle,45+,6-8,39.39,28.53,25.29,254
2025-Q4,Morphle,45+,9-11,26.84,19.8,21.07,229
2025-Q4,Gecko's Garage,18-24,0-2,33.16,22.66,47.9,140
2025-Q4,Gecko's Garage,18-24,3-5,37.13,27.79,39.6,129
2025-Q4,Gecko's Garage,18-24,6-8,36.94,24.41,13.61,217
2025-Q4,Gecko's Garage,18-24,9-11,27.88,21.94,23.1,226
2025-Q4,Gecko's Garage,25-34,0-2,34.0,23.7,39.66,131
2025-Q4,Gecko's Garage,25-34,3-5,44.36,31.24,43.93,135
2025-Q4,Gecko's Garage,25-34,6-8,32.93,22.7,24.73,166
2025-Q4,Gecko's Garage,25-34,9-11,30.48,21.96,16.83,219
2025-Q4,Gecko's Garage,35-44,0-2,36.15,25.8,41.32,121
2025-Q4,Gecko's Garage,35-44,3-5,41.24,29.99,35.19,195
2025-Q4,Gecko's Garage,35-44,6-8,40.71,31.74,30.84,227
2025-Q4,Gecko's Garage,35-44,9-11,25.09,15.78,20.54,124
2025-Q4,Gecko's Garage,45+,0-2,37.42,26.34,43.26,146
2025-Q4,Gecko's Garage,45+,3-5,39.86,27.05,37.6,233
2025-Q4,Gecko's Garage,45+,6-8,40.41,31.32,11.73,187
2025-Q4,Gecko's Garage,45+,9-11,28.0,18.55,18.59,205
2025-Q4,Supa Strikas,18-24,0-2,13.02,10.29,44.75,171
2025-Q4,Supa Strikas,18-24,3-5,18.66,13.76,44.73,250
2025-Q4,Supa Strikas,18-24,6-8,25.35,20.57,18.32,147
2025-Q4,Supa Strikas,18-24,9-11,35.02,24.35,16.22,217
2025-Q4,Supa Strikas,25-34,0-2,12.92,9.46,37.47,154
2025-Q4,Supa Strikas,25-34,3-5,17.69,14.09,48.96,199
2025-Q4,Supa Strikas,25-34,6-8,31.01,22.75,13.81,191
2025-Q4,Supa Strikas,25-34,9-11,35.75,26.94,25.86,138
2025-Q4,Supa Strikas,35-44,0-2,9.72,7.41,45.81,126
2025-Q4,Supa Strikas,35-44,3-5,16.03,12.09,33.94,226
2025-Q4,Supa Strikas,35-44,6-8,28.29,19.03,20.25,219
2025-Q4,Supa Strikas,35-44,9-11,33.81,25.04,26.45,245
2025-Q4,Supa Strikas,45+,0-2,14.43,9.92,39.8,259
2025-Q4,Supa Strikas,45+,3-5,15.8,11.29,38.21,259
2025-Q4,Supa Strikas,45+,6-8,26.65,19.94,21.22,193
2025-Q4,Supa Strikas,45+,9-11,34.81,27.19,19.86,201
2025-Q4,Go Buster,18-24,0-2,22.1,17.51,44.91,240
2025-Q4,Go Buster,18-24,3-5,26.02,17.47,34.45,176
2025-Q4,Go Buster,18-24,6-8,19.63,14.8,25.74,157
2025-Q4,Go Buster,18-24,9-11,17.03,11.09,20.17,139
2025-Q4,Go Buster,25-34,0-2,23.16,17.38,41.92,230
2025-Q4,Go Buster,25-34,3-5,33.02,24.31,27.21,209
2025-Q4,Go Buster,25-34,6-8,20.6,15.15,22.09,134
2025-Q4,Go Buster,25-34,9-11,16.46,11.72,18.08,165
2025-Q4,Go Buster,35-44,0-2,21.15,16.7,46.66,190
2025-Q4,Go Buster,35-44,3-5,29.81,20.04,37.9,159
2025-Q4,Go Buster,35-44,6-8,22.17,16.62,21.59,174
2025-Q4,Go Buster,35-44,9-11,16.35,12.96,22.49,254
2025-Q4,Go Buster,45+,0-2,20.65,15.29,41.38,169
2025-Q4,Go Buster,45+,3-5,27.76,22.14,31.57,208
2025-Q4,Go Buster,45+,6-8,23.45,16.76,20.5,188
2025-Q4,Go Buster,45+,9-11,18.32,14.37,19.04,185
2025-Q4,Arpo,18-24,0-2,20.37,13.21,40.95,123
2025-Q4,Arpo,18-24,3-5,20.22,13.91,38.3,237
2025-Q4,Arpo,18-24,6-8,18.2,10.5,25.06,139
2025-Q4,Arpo,18-24,9-11,15.56,11.08,20.8,137
2025-Q4,Arpo,25-34,0-2,16.25,10.31,28.91,123
2025-Q4,Arpo,25-34,3-5,23.61,18.25,40.98,238
2025-Q4,Arpo,25-34,6-8,19.76,15.0,25.58,163
2025-Q4,Arpo,25-34,9-11,12.43,9.09,20.52,252
2025-Q4,Arpo,35-44,0-2,16.43,12.77,45.87,215
2025-Q4,Arpo,35-44,3-5,17.31,12.24,36.46,126
2025-Q4,Arpo,35-44,6-8,21.32,13.81,7.05,163
2025-Q4,Arpo,35-44,9-11,15.64,12.02,13.08,182
2025-Q4,Arpo,45+,0-2,16.75,13.34,32.61,126
2025-Q4,Arpo,45+,3-5,22.2,16.55,30.86,208
2025-Q4,Arpo,45+,6-8,17.87,11.36,21.18,127
2025-Q4,Arpo,45+,9-11,12.42,9.07,25.17,228
2026-Q1,CoComelon,18-24,0-2,97.0,81.15,39.04,231
2026-Q1,CoComelon,18-24,3-5,81.07,56.85,33.18,233
2026-Q1,CoComelon,18-24,6-8,52.5,36.5,24.59,144
2026-Q1,CoComelon,18-24,9-11,36.83,25.66,24.16,184
2026-Q1,CoComelon,25-34,0-2,94.35,58.87,37.92,258
2026-Q1,CoComelon,25-34,3-5,80.1,62.4,42.86,206
2026-Q1,CoComelon,25-34,6-8,47.03,35.75,23.95,179
2026-Q1,CoComelon,25-34,9-11,35.73,27.3,15.6,176
2026-Q1,CoComelon,35-44,0-2,96.89,66.63,30.41,170
2026-Q1,CoComelon,35-44,3-5,85.94,55.23,33.97,151
2026-Q1,CoComelon,35-44,6-8,50.38,35.13,25.49,247
2026-Q1,CoComelon,35-44,9-11,38.82,29.9,23.86,140
2026-Q1,CoComelon,45+,0-2,91.25,68.21,39.17,185
2026-Q1,CoComelon,45+,3-5,80.45,66.27,41.04,236
2026-Q1,CoComelon,45+,6-8,53.48,41.12,19.9,201
2026-Q1,CoComelon,45+,9-11,39.97,29.41,19.21,211
2026-Q1,Blippi,18-24,0-2,62.84,45.32,40.93,185
2026-Q1,Blippi,18-24,3-5,84.51,60.08,38.14,136
2026-Q1,Blippi,18-24,6-8,72.39,57.73,23.35,163
2026-Q1,Blippi,18-24,9-11,52.79,33.23,21.01,162
2026-Q1,Blippi,25-34,0-2,64.13,44.2,42.71,194
2026-Q1,Blippi,25-34,3-5,84.64,53.82,41.09,165
2026-Q1,Blippi,25-34,6-8,69.8,52.67,19.62,160
2026-Q1,Blippi,25-34,9-11,53.93,38.77,21.26,121
2026-Q1,Blippi,35-44,0-2,65.7,47.57,47.35,166
2026-Q1,Blippi,35-44,3-5,84.93,62.2,34.45,249
2026-Q1,Blippi,35-44,6-8,73.72,49.31,27.75,260
2026-Q1,Blippi,35-44,9-11,50.79,34.43,13.85,138
2026-Q1,Blippi,45+,0-2,66.12,46.2,41.43,211
2026-Q1,Blippi,45+,3-5,82.53,61.61,40.9,166
2026-Q1,Blippi,45+,6-8,73.38,52.95,22.69,132
2026-Q1,Blippi,45+,9-11,51.94,34.6,24.72,250
2026-Q1,Little Baby Bum,18-24,0-2,59.54,44.22,45.75,210
2026-Q1,Little Baby Bum,18-24,3-5,51.15,35.29,36.38,155
2026-Q1,Little Baby Bum,18-24,6-8,32.96,24.74,21.86,148
2026-Q1,Little Baby Bum,18-24,9-11,28.82,21.35,25.9,232
2026-Q1,Little Baby Bum,25-34,0-2,60.21,46.39,36.97,220
2026-Q1,Little Baby Bum,25-34,3-5,50.77,38.85,37.71,260
2026-Q1,Little Baby Bum,25-34,6-8,33.37,25.67,22.69,120
2026-Q1,Little Baby Bum,25-34,9-11,24.36,16.89,27.31,150
2026-Q1,Little Baby Bum,35-44,0-2,59.6,42.76,39.43,160
2026-Q1,Little Baby Bum,35-44,3-5,52.63,40.56,37.65,226
2026-Q1,Little Baby Bum,35-44,6-8,35.63,25.21,23.85,230
2026-Q1,Little Baby Bum,35-44,9-11,24.29,20.03,20.25,162
2026-Q1,Little Baby Bum,45+,0-2,59.76,43.37,36.67,205
2026-Q1,Little Baby Bum,45+,3-5,52.69,41.17,38.74,131
2026-Q1,Little Baby Bum,45+,6-8,33.25,23.56,19.47,203
2026-Q1,Little Baby Bum,45+,9-11,24.85,17.9,27.87,134
2026-Q1,Little Angel,18-24,0-2,53.08,42.08,37.27,242
2026-Q1,Little Angel,18-24,3-5,47.8,31.87,40.81,178
2026-Q1,Little Angel,18-24,6-8,28.08,20.74,23.38,154
2026-Q1,Little Angel,18-24,9-11,21.85,13.47,32.8,191
2026-Q1,Little Angel,25-34,0-2,52.89,38.8,34.35,136
2026-Q1,Little Angel,25-34,3-5,49.6,34.77,34.24,179
2026-Q1,Little Angel,25-34,6-8,31.19,20.47,19.93,195
2026-Q1,Little Angel,25-34,9-11,23.88,18.99,17.19,181
2026-Q1,Little Angel,35-44,0-2,53.78,39.67,28.01,133
2026-Q1,Little Angel,35-44,3-5,50.22,33.65,35.81,183
2026-Q1,Little Angel,35-44,6-8,30.52,22.05,17.18,163
2026-Q1,Little Angel,35-44,9-11,25.94,15.34,16.39,213
2026-Q1,Little Angel,45+,0-2,53.73,36.13,44.1,131
2026-Q1,Little Angel,45+,3-5,44.18,35.25,36.61,163
2026-Q1,Little Angel,45+,6-8,27.28,16.77,20.92,244
2026-Q1,Little Angel,45+,9-11,21.1,15.44,19.75,184
2026-Q1,Oddbods,18-24,0-2,23.91,17.05,35.88,221
2026-Q1,Oddbods,18-24,3-5,39.35,28.78,41.87,158
2026-Q1,Oddbods,18-24,6-8,50.7,35.76,22.19,181
2026-Q1,Oddbods,18-24,9-11,45.69,27.3,21.49,178
2026-Q1,Oddbods,25-34,0-2,21.55,15.92,33.99,249
2026-Q1,Oddbods,25-34,3-5,39.59,27.05,35.7,192
2026-Q1,Oddbods,25-34,6-8,47.07,36.79,11.57,195
2026-Q1,Oddbods,25-34,9-11,47.57,37.76,19.18,132
2026-Q1,Oddbods,35-44,0-2,24.05,17.48,46.26,179
2026-Q1,Oddbods,35-44,3-5,39.3,32.61,30.19,243
2026-Q1,Oddbods,35-44,6-8,48.78,30.92,19.41,220
2026-Q1,Oddbods,35-44,9-11,48.5,36.05,26.92,210
2026-Q1,Oddbods,45+,0-2,23.03,17.1,35.39,185
2026-Q1,Oddbods,45+,3-5,35.98,24.92,24.35,173
2026-Q1,Oddbods,45+,6-8,48.24,35.31,18.9,188
2026-Q1,Oddbods,45+,9-11,43.74,32.64,26.42,159
2026-Q1,Morphle,18-24,0-2,29.9,20.34,41.76,211
2026-Q1,Morphle,18-24,3-5,42.98,33.83,44.51,254
2026-Q1,Morphle,18-24,6-8,40.93,28.87,29.89,124
2026-Q1,Morphle,18-24,9-11,24.76,20.79,24.27,168
2026-Q1,Morphle,25-34,0-2,33.38,25.69,31.22,177
2026-Q1,Morphle,25-34,3-5,39.65,28.78,39.73,126
2026-Q1,Morphle,25-34,6-8,40.27,27.08,29.7,253
2026-Q1,Morphle,25-34,9-11,26.07,18.41,21.18,225
2026-Q1,Morphle,35-44,0-2,31.69,23.59,36.03,185
2026-Q1,Morphle,35-44,3-5,38.98,27.54,40.28,144
2026-Q1,Morphle,35-44,6-8,33.3,24.94,27.9,193
2026-Q1,Morphle,35-44,9-11,29.56,21.78,12.98,225
2026-Q1,Morphle,45+,0-2,33.6,25.81,34.52,182
2026-Q1,Morphle,45+,3-5,41.65,31.0,46.94,152
2026-Q1,Morphle,45+,6-8,35.59,27.21,23.58,131
2026-Q1,Morphle,45+,9-11,27.0,21.24,17.84,251
2026-Q1,Gecko's Garage,18-24,0-2,33.44,24.12,30.47,201
2026-Q1,Gecko's Garage,18-24,3-5,45.15,34.38,38.17,125
2026-Q1,Gecko's Garage,18-24,6-8,36.34,26.16,25.54,205
2026-Q1,Gecko's Garage,18-24,9-11,27.27,18.72,19.41,134
2026-Q1,Gecko's Garage,25-34,0-2,32.96,22.19,39.67,189
2026-Q1,Gecko's Garage,25-34,3-5,41.09,27.63,53.97,250
2026-Q1,Gecko's Garage,25-34,6-8,40.74,29.63,26.26,246
2026-Q1,Gecko's Garage,25-34,9-11,29.2,20.92,23.41,147
2026-Q1,Gecko's Garage,35-44,0-2,32.46,25.41,44.35,205
2026-Q1,Gecko's Garage,35-44,3-5,45.8,33.59,48.84,127
2026-Q1,Gecko's Garage,35-44,6-8,36.71,30.19,19.68,200
2026-Q1,Gecko's Garage,35-44,9-11,24.57,20.18,25.3,150
2026-Q1,Gecko's Garage,45+,0-2,34.02,23.88,33.77,152
2026-Q1,Gecko's Garage,45+,3-5,41.18,29.93,37.25,174
2026-Q1,Gecko's Garage,45+,6-8,32.98,26.54,19.9,239
2026-Q1,Gecko's Garage,45+,9-11,29.64,20.29,22.77,244
2026-Q1,Supa Strikas,18-24,0-2,13.94,10.62,36.66,163
2026-Q1,Supa Strikas,18-24,3-5,19.02,14.34,37.26,146
2026-Q1,Supa Strikas,18-24,6-8,26.27,18.1,20.1,135
2026-Q1,Supa Strikas,18-24,9-11,34.55,27.63,26.54,133
2026-Q1,Supa Strikas,25-34,0-2,10.37,8.42,37.61,243
2026-Q1,Supa Strikas,25-34,3-5,19.34,13.02,35.74,184
2026-Q1,Supa Strikas,25-34,6-8,30.58,20.67,22.28,193
2026-Q1,Supa Strikas,25-34,9-11,35.44,23.71,13.11,185
2026-Q1,Supa Strikas,35-44,0-2,13.81,11.92,40.29,240
2026-Q1,Supa Strikas,35-44,3-5,19.3,13.04,45.35,179
2026-Q1,Supa Strikas,35-44,6-8,27.75,21.59,25.04,147
2026-Q1,Supa Strikas,35-44,9-11,35.76,26.81,24.81,138
2026-Q1,Supa Strikas,45+,0-2,12.57,9.66,34.37,240
2026-Q1,Supa Strikas,45+,3-5,17.52,13.9,38.86,151
2026-Q1,Supa Strikas,45+,6-8,27.85,21.49,26.19,244
2026-Q1,Supa Strikas,45+,9-11,31.9,24.13,22.69,184
2026-Q1,Go Buster,18-24,0-2,21.82,15.72,40.32,122
2026-Q1,Go Buster,18-24,3-5,22.74,15.35,41.7,127
2026-Q1,Go Buster,18-24,6-8,28.04,20.71,18.54,171
2026-Q1,Go Buster,18-24,9-11,17.07,11.53,28.25,185
2026-Q1,Go Buster,25-34,0-2,20.5,15.84,37.23,211
2026-Q1,Go Buster,25-34,3-5,28.68,18.32,38.12,220
2026-Q1,Go Buster,25-34,6-8,23.88,16.87,23.8,255
2026-Q1,Go Buster,25-34,9-11,17.49,13.51,25.11,249
2026-Q1,Go Buster,35-44,0-2,21.19,16.19,31.23,190
2026-Q1,Go Buster,35-44,3-5,24.9,16.2,40.74,255
2026-Q1,Go Buster,35-44,6-8,23.63,18.65,23.76,221
2026-Q1,Go Buster,35-44,9-11,15.54,11.29,12.62,204
2026-Q1,Go Buster,45+,0-2,19.58,11.8,39.64,244
2026-Q1,Go Buster,45+,3-5,25.84,18.43,33.34,173
2026-Q1,Go Buster,45+,6-8,21.46,16.2,14.82,242
2026-Q1,Go Buster,45+,9-11,17.81,12.1,13.59,195
2026-Q1,Arpo,18-24,0-2,19.45,15.3,35.3,191
2026-Q1,Arpo,18-24,3-5,20.9,14.79,33.95,216
2026-Q1,Arpo,18-24,6-8,17.73,13.17,32.37,223
2026-Q1,Arpo,18-24,9-11,13.29,10.25,23.76,216
2026-Q1,Arpo,25-34,0-2,13.66,9.82,37.25,121
2026-Q1,Arpo,25-34,3-5,24.93,19.83,39.88,233
2026-Q1,Arpo,25-34,6-8,21.43,15.27,27.6,154
2026-Q1,Arpo,25-34,9-11,14.2,11.0,28.0,176
2026-Q1,Arpo,35-44,0-2,18.43,12.59,35.9,220
2026-Q1,Arpo,35-44,3-5,23.5,17.97,38.79,216
2026-Q1,Arpo,35-44,6-8,18.38,13.41,20.61,134
2026-Q1,Arpo,35-44,9-11,13.45,11.01,19.62,194
2026-Q1,Arpo,45+,0-2,18.02,13.11,31.87,240
2026-Q1,Arpo,45+,3-5,19.48,13.95,28.24,187
2026-Q1,Arpo,45+,6-8,22.66,15.91,19.78,146
2026-Q1,Arpo,45+,9-11,16.45,11.73,25.26,157
2026-Q2,CoComelon,18-24,0-2,93.45,67.5,42.84,121
2026-Q2,CoComelon,18-24,3-5,79.98,59.69,25.92,147
2026-Q2,CoComelon,18-24,6-8,54.13,37.47,21.57,259
2026-Q2,CoComelon,18-24,9-11,38.5,25.85,16.74,120
2026-Q2,CoComelon,25-34,0-2,95.64,71.58,33.57,169
2026-Q2,CoComelon,25-34,3-5,82.78,61.91,36.11,231
2026-Q2,CoComelon,25-34,6-8,49.01,35.2,23.83,252
2026-Q2,CoComelon,25-34,9-11,38.58,26.64,24.33,173
2026-Q2,CoComelon,35-44,0-2,97.0,66.1,36.51,248
2026-Q2,CoComelon,35-44,3-5,87.19,64.04,31.67,159
2026-Q2,CoComelon,35-44,6-8,50.64,34.55,23.9,211
2026-Q2,CoComelon,35-44,9-11,39.32,27.06,31.28,153
2026-Q2,CoComelon,45+,0-2,94.77,66.08,31.89,256
2026-Q2,CoComelon,45+,3-5,79.91,52.56,37.05,192
2026-Q2,CoComelon,45+,6-8,49.83,37.83,19.08,121
2026-Q2,CoComelon,45+,9-11,40.38,30.07,25.23,198
2026-Q2,Blippi,18-24,0-2,68.09,55.81,33.76,175
2026-Q2,Blippi,18-24,3-5,87.49,64.74,43.32,183
2026-Q2,Blippi,18-24,6-8,74.32,57.88,15.54,213
2026-Q2,Blippi,18-24,9-11,52.59,36.37,21.63,149
2026-Q2,Blippi,25-34,0-2,66.39,45.35,33.05,222
2026-Q2,Blippi,25-34,3-5,84.49,53.61,36.56,124
2026-Q2,Blippi,25-34,6-8,73.98,54.9,22.83,155
2026-Q2,Blippi,25-34,9-11,58.19,44.26,25.69,221
2026-Q2,Blippi,35-44,0-2,67.03,50.06,36.9,204
2026-Q2,Blippi,35-44,3-5,86.0,70.18,37.65,243
2026-Q2,Blippi,35-44,6-8,71.44,53.92,26.38,232
2026-Q2,Blippi,35-44,9-11,54.91,34.38,28.43,215
2026-Q2,Blippi,45+,0-2,66.76,47.03,43.94,153
2026-Q2,Blippi,45+,3-5,81.75,59.32,35.3,230
2026-Q2,Blippi,45+,6-8,77.08,56.44,17.68,227
2026-Q2,Blippi,45+,9-11,56.88,33.96,24.54,194
2026-Q2,Little Baby Bum,18-24,0-2,56.87,39.63,36.8,133
2026-Q2,Little Baby Bum,18-24,3-5,53.12,44.1,29.1,175
2026-Q2,Little Baby Bum,18-24,6-8,33.29,27.64,19.14,145
2026-Q2,Little Baby Bum,18-24,9-11,23.03,16.85,26.14,229
2026-Q2,Little Baby Bum,25-34,0-2,60.72,42.63,33.99,170
2026-Q2,Little Baby Bum,25-34,3-5,53.93,36.74,28.42,222
2026-Q2,Little Baby Bum,25-34,6-8,29.49,20.39,29.46,240
2026-Q2,Little Baby Bum,25-34,9-11,21.92,17.45,28.53,253
2026-Q2,Little Baby Bum,35-44,0-2,59.85,35.46,32.08,137
2026-Q2,Little Baby Bum,35-44,3-5,50.03,40.35,35.15,237
2026-Q2,Little Baby Bum,35-44,6-8,30.85,22.51,14.95,200
2026-Q2,Little Baby Bum,35-44,9-11,24.25,16.49,35.44,158
2026-Q2,Little Baby Bum,45+,0-2,57.56,47.0,32.3,186
2026-Q2,Little Baby Bum,45+,3-5,51.83,38.61,38.71,137
2026-Q2,Little Baby Bum,45+,6-8,32.56,24.85,24.09,183
2026-Q2,Little Baby Bum,45+,9-11,23.95,16.44,21.17,206
2026-Q2,Little Angel,18-24,0-2,54.64,38.8,38.38,182
2026-Q2,Little Angel,18-24,3-5,44.68,29.87,42.16,244
2026-Q2,Little Angel,18-24,6-8,25.5,19.89,19.21,218
2026-Q2,Little Angel,18-24,9-11,25.84,20.19,20.36,188
2026-Q2,Little Angel,25-34,0-2,54.55,43.62,44.37,160
2026-Q2,Little Angel,25-34,3-5,49.45,38.43,32.56,251
2026-Q2,Little Angel,25-34,6-8,30.41,20.72,16.43,178
2026-Q2,Little Angel,25-34,9-11,22.83,15.96,21.17,176
2026-Q2,Little Angel,35-44,0-2,54.0,35.49,46.48,122
2026-Q2,Little Angel,35-44,3-5,47.81,30.98,38.91,173
2026-Q2,Little Angel,35-44,6-8,33.04,25.37,19.41,211
2026-Q2,Little Angel,35-44,9-11,21.51,14.46,18.29,181
2026-Q2,Little Angel,45+,0-2,53.68,34.71,35.78,213
2026-Q2,Little Angel,45+,3-5,48.19,33.7,39.09,154
2026-Q2,Little Angel,45+,6-8,33.24,26.99,21.66,221
2026-Q2,Little Angel,45+,9-11,24.26,17.27,19.56,130
2026-Q2,Oddbods,18-24,0-2,19.77,14.32,43.42,253
2026-Q2,Oddbods,18-24,3-5,34.85,24.59,36.32,257
2026-Q2,Oddbods,18-24,6-8,48.89,35.85,24.69,208
2026-Q2,Oddbods,18-24,9-11,47.79,32.33,17.37,168
2026-Q2,Oddbods,25-34,0-2,22.49,17.83,30.69,166
2026-Q2,Oddbods,25-34,3-5,38.06,27.02,42.27,239
2026-Q2,Oddbods,25-34,6-8,49.66,35.87,24.44,180
2026-Q2,Oddbods,25-34,9-11,42.68,32.44,28.93,194
2026-Q2,Oddbods,35-44,0-2,22.2,15.53,37.27,127
2026-Q2,Oddbods,35-44,3-5,38.98,27.98,32.0,143
2026-Q2,Oddbods,35-44,6-8,50.3,33.75,24.12,141
2026-Q2,Oddbods,35-44,9-11,40.27,29.21,21.66,185
2026-Q2,Oddbods,45+,0-2,18.07,13.31,32.49,245
2026-Q2,Oddbods,45+,3-5,37.57,26.28,30.6,197
2026-Q2,Oddbods,45+,6-8,46.31,31.11,26.91,236
2026-Q2,Oddbods,45+,9-11,45.67,37.89,19.44,204
2026-Q2,Morphle,18-24,0-2,31.21,22.68,36.22,189
2026-Q2,Morphle,18-24,3-5,40.63,29.37,41.52,245
2026-Q2,Morphle,18-24,6-8,31.88,22.04,14.99,171
2026-Q2,Morphle,18-24,9-11,26.29,19.5,27.58,235
2026-Q2,Morphle,25-34,0-2,31.43,22.8,29.59,238
2026-Q2,Morphle,25-34,3-5,40.08,29.27,31.2,129
2026-Q2,Morphle,25-34,6-8,38.57,28.78,17.48,190
2026-Q2,Morphle,25-34,9-11,23.64,16.17,17.5,130
2026-Q2,Morphle,35-44,0-2,29.87,19.4,36.85,226
2026-Q2,Morphle,35-44,3-5,43.26,29.61,40.22,237
2026-Q2,Morphle,35-44,6-8,35.44,26.61,18.07,256
2026-Q2,Morphle,35-44,9-11,27.16,19.72,28.81,137
2026-Q2,Morphle,45+,0-2,33.42,24.49,30.65,199
2026-Q2,Morphle,45+,3-5,40.75,27.71,33.89,213
2026-Q2,Morphle,45+,6-8,36.13,26.45,23.4,219
2026-Q2,Morphle,45+,9-11,29.12,21.67,15.86,206
2026-Q2,Gecko's Garage,18-24,0-2,33.98,25.46,44.31,242
2026-Q2,Gecko's Garage,18-24,3-5,43.14,30.75,43.39,235
2026-Q2,Gecko's Garage,18-24,6-8,37.88,24.25,12.94,179
2026-Q2,Gecko's Garage,18-24,9-11,31.33,19.87,21.16,218
2026-Q2,Gecko's Garage,25-34,0-2,35.34,22.33,32.59,144
2026-Q2,Gecko's Garage,25-34,3-5,40.96,33.18,48.09,128
2026-Q2,Gecko's Garage,25-34,6-8,36.06,27.01,23.54,171
2026-Q2,Gecko's Garage,25-34,9-11,27.09,17.3,33.54,184
2026-Q2,Gecko's Garage,35-44,0-2,29.94,21.88,34.76,125
2026-Q2,Gecko's Garage,35-44,3-5,45.47,34.66,33.11,207
2026-Q2,Gecko's Garage,35-44,6-8,35.94,23.09,22.97,240
2026-Q2,Gecko's Garage,35-44,9-11,29.07,20.29,20.78,172
2026-Q2,Gecko's Garage,45+,0-2,37.39,28.67,44.74,222
2026-Q2,Gecko's Garage,45+,3-5,38.97,29.12,39.26,258
2026-Q2,Gecko's Garage,45+,6-8,35.02,23.39,20.91,144
2026-Q2,Gecko's Garage,45+,9-11,24.97,16.98,19.69,133
2026-Q2,Supa Strikas,18-24,0-2,13.15,9.0,35.76,252
2026-Q2,Supa Strikas,18-24,3-5,20.05,12.67,39.14,125
2026-Q2,Supa Strikas,18-24,6-8,29.28,21.69,19.49,195
2026-Q2,Supa Strikas,18-24,9-11,32.37,25.77,17.72,148
2026-Q2,Supa Strikas,25-34,0-2,9.77,7.04,34.3,247
2026-Q2,Supa Strikas,25-34,3-5,20.1,14.21,43.9,200
2026-Q2,Supa Strikas,25-34,6-8,29.4,20.6,27.57,229
2026-Q2,Supa Strikas,25-34,9-11,33.2,23.37,24.65,191
2026-Q2,Supa Strikas,35-44,0-2,12.45,8.55,30.32,174
2026-Q2,Supa Strikas,35-44,3-5,17.96,12.28,38.15,128
2026-Q2,Supa Strikas,35-44,6-8,27.66,18.92,20.66,241
2026-Q2,Supa Strikas,35-44,9-11,34.35,25.93,24.12,161
2026-Q2,Supa Strikas,45+,0-2,16.19,11.77,34.64,146
2026-Q2,Supa Strikas,45+,3-5,17.67,13.22,43.02,248
2026-Q2,Supa Strikas,45+,6-8,31.18,20.87,28.4,249
2026-Q2,Supa Strikas,45+,9-11,34.41,23.18,20.98,236
2026-Q2,Go Buster,18-24,0-2,22.82,16.95,31.94,236
2026-Q2,Go Buster,18-24,3-5,23.99,15.8,34.34,137
2026-Q2,Go Buster,18-24,6-8,22.95,15.23,19.86,228
2026-Q2,Go Buster,18-24,9-11,19.6,15.7,29.75,145
2026-Q2,Go Buster,25-34,0-2,16.81,13.51,38.46,219
2026-Q2,Go Buster,25-34,3-5,26.56,20.49,41.52,201
2026-Q2,Go Buster,25-34,6-8,19.06,13.14,20.17,249
2026-Q2,Go Buster,25-34,9-11,14.14,10.89,29.19,238
2026-Q2,Go Buster,35-44,0-2,20.38,14.98,37.94,166
2026-Q2,Go Buster,35-44,3-5,26.6,20.64,29.17,179
2026-Q2,Go Buster,35-44,6-8,23.77,17.13,18.43,225
2026-Q2,Go Buster,35-44,9-11,15.79,12.82,15.36,183
2026-Q2,Go Buster,45+,0-2,20.06,16.08,31.65,198
2026-Q2,Go Buster,45+,3-5,25.49,18.41,40.06,137
2026-Q2,Go Buster,45+,6-8,22.64,15.29,24.24,150
2026-Q2,Go Buster,45+,9-11,16.6,12.47,26.62,128
2026-Q2,Arpo,18-24,0-2,14.03,10.82,36.73,187
2026-Q2,Arpo,18-24,3-5,23.65,17.61,47.27,257
2026-Q2,Arpo,18-24,6-8,19.01,13.31,19.44,204
2026-Q2,Arpo,18-24,9-11,11.93,9.07,16.49,232
2026-Q2,Arpo,25-34,0-2,18.6,13.18,29.18,227
2026-Q2,Arpo,25-34,3-5,24.98,13.77,37.59,235
2026-Q2,Arpo,25-34,6-8,19.47,11.77,24.21,148
2026-Q2,Arpo,25-34,9-11,12.66,8.96,28.72,157
2026-Q2,Arpo,35-44,0-2,17.29,12.14,37.15,218
2026-Q2,Arpo,35-44,3-5,25.55,18.91,33.58,203
2026-Q2,Arpo,35-44,6-8,18.02,11.9,19.74,242
2026-Q2,Arpo,35-44,9-11,17.22,12.25,15.31,160
2026-Q2,Arpo,45+,0-2,17.86,12.51,40.81,260
2026-Q2,Arpo,45+,3-5,21.52,17.05,33.45,137
2026-Q2,Arpo,45+,6-8,16.67,12.78,11.98,156
2026-Q2,Arpo,45+,9-11,13.66,10.38,11.03,150
2026-Q3,CoComelon,18-24,0-2,94.73,61.12,28.78,162
2026-Q3,CoComelon,18-24,3-5,79.57,56.56,34.47,245
2026-Q3,CoComelon,18-24,6-8,53.81,38.97,19.56,256
2026-Q3,CoComelon,18-24,9-11,36.08,26.38,32.29,250
2026-Q3,CoComelon,25-34,0-2,93.19,64.37,32.7,213
2026-Q3,CoComelon,25-34,3-5,84.07,64.43,35.77,162
2026-Q3,CoComelon,25-34,6-8,50.4,33.91,20.55,186
2026-Q3,CoComelon,25-34,9-11,40.74,29.42,28.44,136
2026-Q3,CoComelon,35-44,0-2,93.16,56.3,51.03,223
2026-Q3,CoComelon,35-44,3-5,82.13,62.33,34.06,126
2026-Q3,CoComelon,35-44,6-8,48.87,35.57,12.04,255
2026-Q3,CoComelon,35-44,9-11,38.17,29.43,24.24,194
2026-Q3,CoComelon,45+,0-2,95.11,76.77,39.88,145
2026-Q3,CoComelon,45+,3-5,77.89,55.5,47.63,209
2026-Q3,CoComelon,45+,6-8,50.98,41.46,27.12,205
2026-Q3,CoComelon,45+,9-11,37.88,25.23,23.7,214
2026-Q3,Blippi,18-24,0-2,69.86,44.79,38.6,169
2026-Q3,Blippi,18-24,3-5,83.04,58.38,29.73,239
2026-Q3,Blippi,18-24,6-8,76.36,52.35,27.79,178
2026-Q3,Blippi,18-24,9-11,54.36,37.42,13.92,135
2026-Q3,Blippi,25-34,0-2,68.1,50.71,42.7,191
2026-Q3,Blippi,25-34,3-5,88.43,65.44,40.98,174
2026-Q3,Blippi,25-34,6-8,76.63,58.65,14.36,236
2026-Q3,Blippi,25-34,9-11,54.52,34.83,23.66,226
2026-Q3,Blippi,35-44,0-2,70.58,53.98,34.96,172
2026-Q3,Blippi,35-44,3-5,88.13,64.99,39.17,151
2026-Q3,Blippi,35-44,6-8,72.63,57.07,16.11,255
2026-Q3,Blippi,35-44,9-11,54.71,42.01,20.13,202
2026-Q3,Blippi,45+,0-2,67.48,48.99,38.33,214
2026-Q3,Blippi,45+,3-5,87.35,63.83,38.37,223
2026-Q3,Blippi,45+,6-8,73.45,47.19,26.99,246
2026-Q3,Blippi,45+,9-11,57.53,42.39,23.65,125
2026-Q3,Little Baby Bum,18-24,0-2,56.69,33.9,36.76,246
2026-Q3,Little Baby Bum,18-24,3-5,46.75,34.09,44.52,151
2026-Q3,Little Baby Bum,18-24,6-8,30.69,21.24,16.97,231
2026-Q3,Little Baby Bum,18-24,9-11,24.03,17.26,16.9,185
2026-Q3,Little Baby Bum,25-34,0-2,60.35,51.6,43.95,185
2026-Q3,Little Baby Bum,25-34,3-5,50.32,35.92,35.43,260
2026-Q3,Little Baby Bum,25-34,6-8,30.85,23.69,27.01,144
2026-Q3,Little Baby Bum,25-34,9-11,21.6,15.95,27.56,189
2026-Q3,Little Baby Bum,35-44,0-2,57.82,41.02,41.48,198
2026-Q3,Little Baby Bum,35-44,3-5,51.99,38.55,39.27,120
2026-Q3,Little Baby Bum,35-44,6-8,32.7,23.09,16.41,121
2026-Q3,Little Baby Bum,35-44,9-11,20.83,15.62,22.54,135
2026-Q3,Little Baby Bum,45+,0-2,59.43,40.33,38.51,189
2026-Q3,Little Baby Bum,45+,3-5,50.7,39.74,42.26,129
2026-Q3,Little Baby Bum,45+,6-8,30.44,22.68,18.27,233
2026-Q3,Little Baby Bum,45+,9-11,18.71,15.09,20.13,214
2026-Q3,Little Angel,18-24,0-2,57.08,39.21,33.96,225
2026-Q3,Little Angel,18-24,3-5,46.41,34.0,38.88,131
2026-Q3,Little Angel,18-24,6-8,31.0,21.55,22.2,158
2026-Q3,Little Angel,18-24,9-11,20.81,16.51,15.43,181
2026-Q3,Little Angel,25-34,0-2,53.36,37.29,49.94,151
2026-Q3,Little Angel,25-34,3-5,49.03,33.21,42.11,133
2026-Q3,Little Angel,25-34,6-8,31.03,22.77,25.48,228
2026-Q3,Little Angel,25-34,9-11,22.62,16.48,14.24,199
2026-Q3,Little Angel,35-44,0-2,57.89,40.38,31.81,130
2026-Q3,Little Angel,35-44,3-5,46.49,32.4,33.99,233
2026-Q3,Little Angel,35-44,6-8,31.56,24.26,12.2,244
2026-Q3,Little Angel,35-44,9-11,21.47,14.98,21.14,160
2026-Q3,Little Angel,45+,0-2,58.41,39.68,45.81,225
2026-Q3,Little Angel,45+,3-5,47.21,37.7,36.45,254
2026-Q3,Little Angel,45+,6-8,29.14,20.95,28.46,161
2026-Q3,Little Angel,45+,9-11,22.82,16.67,25.18,165
2026-Q3,Oddbods,18-24,0-2,20.24,14.91,34.86,248
2026-Q3,Oddbods,18-24,3-5,40.34,29.89,41.46,204
2026-Q3,Oddbods,18-24,6-8,44.32,33.48,21.11,198
2026-Q3,Oddbods,18-24,9-11,41.13,29.81,14.41,159
2026-Q3,Oddbods,25-34,0-2,23.22,18.38,29.05,236
2026-Q3,Oddbods,25-34,3-5,37.34,26.58,28.05,172
2026-Q3,Oddbods,25-34,6-8,50.23,37.74,32.13,188
2026-Q3,Oddbods,25-34,9-11,44.99,30.42,24.57,186
2026-Q3,Oddbods,35-44,0-2,24.57,17.12,42.26,244
2026-Q3,Oddbods,35-44,3-5,32.69,25.95,42.0,158
2026-Q3,Oddbods,35-44,6-8,43.31,32.01,12.07,215
2026-Q3,Oddbods,35-44,9-11,42.78,32.25,21.32,149
2026-Q3,Oddbods,45+,0-2,24.51,17.73,37.81,242
2026-Q3,Oddbods,45+,3-5,39.6,27.84,37.87,169
2026-Q3,Oddbods,45+,6-8,48.61,34.84,27.8,225
2026-Q3,Oddbods,45+,9-11,42.67,28.95,16.69,224
2026-Q3,Morphle,18-24,0-2,28.02,22.25,33.5,202
2026-Q3,Morphle,18-24,3-5,41.32,32.97,37.29,190
2026-Q3,Morphle,18-24,6-8,37.13,24.1,28.99,234
2026-Q3,Morphle,18-24,9-11,26.36,17.63,16.9,213
2026-Q3,Morphle,25-34,0-2,35.68,24.64,33.02,250
2026-Q3,Morphle,25-34,3-5,40.93,29.57,38.76,238
2026-Q3,Morphle,25-34,6-8,36.99,27.07,25.24,182
2026-Q3,Morphle,25-34,9-11,26.05,21.46,19.56,243
2026-Q3,Morphle,35-44,0-2,35.0,24.16,30.86,137
2026-Q3,Morphle,35-44,3-5,38.47,28.28,43.81,135
2026-Q3,Morphle,35-44,6-8,33.8,22.85,23.93,202
2026-Q3,Morphle,35-44,9-11,26.59,18.37,15.6,168
2026-Q3,Morphle,45+,0-2,32.92,24.78,40.46,156
2026-Q3,Morphle,45+,3-5,41.85,27.92,39.57,210
2026-Q3,Morphle,45+,6-8,36.58,23.94,20.49,134
2026-Q3,Morphle,45+,9-11,27.33,19.57,12.2,230
2026-Q3,Gecko's Garage,18-24,0-2,32.89,22.52,40.8,246
2026-Q3,Gecko's Garage,18-24,3-5,49.42,35.91,32.01,237
2026-Q3,Gecko's Garage,18-24,6-8,37.87,27.29,25.78,150
2026-Q3,Gecko's Garage,18-24,9-11,30.62,24.18,24.69,202
2026-Q3,Gecko's Garage,25-34,0-2,34.17,27.14,36.26,169
2026-Q3,Gecko's Garage,25-34,3-5,44.33,31.38,27.34,222
2026-Q3,Gecko's Garage,25-34,6-8,40.73,30.7,10.15,120
2026-Q3,Gecko's Garage,25-34,9-11,30.14,21.25,26.94,147
2026-Q3,Gecko's Garage,35-44,0-2,34.32,22.38,38.13,241
2026-Q3,Gecko's Garage,35-44,3-5,42.42,27.95,42.34,194
2026-Q3,Gecko's Garage,35-44,6-8,38.97,30.98,20.03,177
2026-Q3,Gecko's Garage,35-44,9-11,26.21,19.71,17.83,125
2026-Q3,Gecko's Garage,45+,0-2,33.55,25.04,37.37,185
2026-Q3,Gecko's Garage,45+,3-5,43.24,28.1,42.68,135
2026-Q3,Gecko's Garage,45+,6-8,37.45,28.12,24.43,160
2026-Q3,Gecko's Garage,45+,9-11,30.32,21.48,20.26,209
2026-Q3,Supa Strikas,18-24,0-2,9.78,6.78,39.71,216
2026-Q3,Supa Strikas,18-24,3-5,16.37,12.04,45.34,135
2026-Q3,Supa Strikas,18-24,6-8,27.61,18.06,19.93,131
2026-Q3,Supa Strikas,18-24,9-11,31.65,24.9,22.42,195
2026-Q3,Supa Strikas,25-34,0-2,10.54,7.3,32.09,150
2026-Q3,Supa Strikas,25-34,3-5,20.02,16.26,30.53,171
2026-Q3,Supa Strikas,25-34,6-8,30.59,21.65,28.34,145
2026-Q3,Supa Strikas,25-34,9-11,30.83,22.55,19.96,224
2026-Q3,Supa Strikas,35-44,0-2,13.32,9.63,38.11,221
2026-Q3,Supa Strikas,35-44,3-5,17.79,14.2,37.13,246
2026-Q3,Supa Strikas,35-44,6-8,30.23,22.71,26.44,239
2026-Q3,Supa Strikas,35-44,9-11,32.47,24.53,23.68,210
2026-Q3,Supa Strikas,45+,0-2,9.62,6.83,49.47,157
2026-Q3,Supa Strikas,45+,3-5,17.22,12.08,40.25,242
2026-Q3,Supa Strikas,45+,6-8,27.42,19.93,19.76,120
2026-Q3,Supa Strikas,45+,9-11,35.3,25.31,31.76,232
2026-Q3,Go Buster,18-24,0-2,20.49,14.53,43.15,148
2026-Q3,Go Buster,18-24,3-5,23.62,19.0,33.06,159
2026-Q3,Go Buster,18-24,6-8,25.18,19.97,19.37,234
2026-Q3,Go Buster,18-24,9-11,15.94,11.39,25.11,239
2026-Q3,Go Buster,25-34,0-2,18.4,13.15,36.43,146
2026-Q3,Go Buster,25-34,3-5,24.1,16.09,38.64,232
2026-Q3,Go Buster,25-34,6-8,23.02,15.7,22.4,230
2026-Q3,Go Buster,25-34,9-11,15.51,12.18,21.49,174
2026-Q3,Go Buster,35-44,0-2,22.6,14.36,39.61,203
2026-Q3,Go Buster,35-44,3-5,27.59,19.68,35.31,122
2026-Q3,Go Buster,35-44,6-8,22.49,17.03,15.95,225
2026-Q3,Go Buster,35-44,9-11,18.2,13.39,20.7,195
2026-Q3,Go Buster,45+,0-2,19.96,14.44,46.29,165
2026-Q3,Go Buster,45+,3-5,27.1,18.23,35.82,237
2026-Q3,Go Buster,45+,6-8,20.51,12.83,16.19,160
2026-Q3,Go Buster,45+,9-11,17.04,13.35,26.98,126
2026-Q3,Arpo,18-24,0-2,14.69,9.99,33.31,195
2026-Q3,Arpo,18-24,3-5,16.84,11.98,42.02,173
2026-Q3,Arpo,18-24,6-8,18.5,12.14,17.77,251
2026-Q3,Arpo,18-24,9-11,13.34,10.12,21.09,260
2026-Q3,Arpo,25-34,0-2,18.27,13.08,39.18,145
2026-Q3,Arpo,25-34,3-5,20.12,13.8,31.72,244
2026-Q3,Arpo,25-34,6-8,20.2,14.25,5.0,224
2026-Q3,Arpo,25-34,9-11,14.96,11.5,17.94,238
2026-Q3,Arpo,35-44,0-2,17.96,12.74,27.41,221
2026-Q3,Arpo,35-44,3-5,25.91,18.39,39.01,154
2026-Q3,Arpo,35-44,6-8,17.75,12.52,22.81,162
2026-Q3,Arpo,35-44,9-11,11.91,9.59,26.19,232
2026-Q3,Arpo,45+,0-2,18.03,12.86,34.19,128
2026-Q3,Arpo,45+,3-5,24.06,18.06,36.0,156
2026-Q3,Arpo,45+,6-8,16.83,10.79,22.14,209
2026-Q3,Arpo,45+,9-11,13.5,10.52,26.96,199
