channel_id,handle,channel_title,owner_group,brand,subscriber_count,view_count,video_count,pulled_at
UCbCmjCuTUZos6Inko4u57UQ,@CoComelon,Cocomelon - Nursery Rhymes,Moonbug,CoComelon,202000000,227504802193,2128,2026-09-20 19:52:40
UC5PYHgAzJ1wLEidB58SK6Xw,@Blippi,Blippi - Educational Videos for Kids,Moonbug,Blippi,27500000,24549455832,1962,2026-09-20 19:52:40
UCKAqou7V9FAWXpZd9xtOg3Q,@LittleBabyBum,Little Baby Bum - Nursery Rhymes & Kids Songs,Moonbug,Little Baby Bum,41700000,44582196182,3478,2026-09-20 19:52:40
UCvksjnr7kInzcIjMpJpqF2A,@LittleAngel,Little Angel: Nursery Rhymes & Kids Songs,Moonbug,Little Angel,7280000,4652852626,2224,2026-09-20 19:52:40
UCtlth0w7_mYqpHPViMhQ99Q,@Oddbods,Oddbods - Official Channel,Moonbug,Oddbods,11900000,9550252698,2856,2026-09-20 19:52:40
UChULBXQf9VDYAi3vRLu_U-w,@GeckosGarage,Gecko's Garage - Trucks For Children,Moonbug,Gecko's Garage,3480000,2418325890,1810,2026-09-20 19:52:40
UCcdwLMPsaU2ezNSJU1nFoBQ,@Pinkfong,Baby Shark - Pinkfong Kids’ Songs & Stories,Competitor,Pinkfong,85100000,57462738892,3976,2026-09-20 19:52:40
UCG2CL6EUjG8TVT1Tpl9nJdg,@msrachel,Ms Rachel - Toddler Learning Videos,Competitor,Ms Rachel,21300000,17520303020,126,2026-09-20 19:52:40
UCLsooMJoIpl_7ux2jvdPB-Q,@SuperSimpleSongs,Super Simple Songs - Kids Songs,Competitor,Super Simple Songs,46900000,64064979033,903,2026-09-20 19:52:40
UCBnZ16ahKA2DZ_T5W0FPUXg,@ChuChuTV,ChuChu TV Nursery Rhymes & Kids Songs,Competitor,ChuChu TV,98200000,60564733757,1133,2026-09-20 19:52:40
UCVzLLZkDuFGAE2BGdBuBNBg,@BlueyOfficialChannel,Bluey - Official Channel,Competitor,Bluey,14600000,11636862684,1744,2026-09-20 19:52:40
