video_id,channel_id,title,published_at,duration_iso,made_for_kids,view_count,like_count,comment_count,pulled_at
m5QK5g86dJE,UCbCmjCuTUZos6Inko4u57UQ,Let's Clean the Dirty Bus! 🚌🧼🫧 Wheels on the Bus Toy Play #cocomelon #shorts,2026-09-20 12:00:15,PT31S,True,159190,1793,0,2026-09-20 19:52:40
Dq2mT4C1B30,UCbCmjCuTUZos6Inko4u57UQ,Wheels on the Halloween Bus | Costume Party for Kids | CoComelon Nursery Rhymes & Kids Songs,2026-09-19 07:00:36,PT6M15S,True,604560,801,0,2026-09-20 19:52:40
-52GxWVNFLI,UCbCmjCuTUZos6Inko4u57UQ,Mixing COLORS! 🌈🎨Let's Play with JJ! #cocomelon #kids #shorts,2026-09-18 12:00:38,PT32S,True,723907,5718,0,2026-09-20 19:52:40
6j38CYnpq9g,UCbCmjCuTUZos6Inko4u57UQ,CeCe's Bubble Bath Mix | Bathtime Fun | CoComelon Nursery Rhymes & Kids Songs,2026-09-17 07:00:27,PT5M30S,True,557803,1452,0,2026-09-20 19:52:40
xh4GKGRwpdA,UCbCmjCuTUZos6Inko4u57UQ,How to Make Cardboard JJ 📦 30 Second Challenge 🤔❓ #cocomelon #art #diy,2026-09-16 07:00:17,PT32S,True,693728,6368,0,2026-09-20 19:52:40
UjZtlE_7PMo,UCbCmjCuTUZos6Inko4u57UQ,I like to Wiggle & Dance | Mommy & Baby JJ Play Time | CoComelon Nursery Rhymes and Kids Song,2026-09-15 07:00:10,PT2M55S,True,776226,1870,0,2026-09-20 19:52:40
xNqS0kfdeEk,UCbCmjCuTUZos6Inko4u57UQ,Let's Paint Bingo in 20 SECONDS! 🐶🖌️ #cocomelon #art #dog,2026-09-14 07:00:05,PT22S,True,610527,5188,0,2026-09-20 19:52:40
xBxY3hCFgTs,UCbCmjCuTUZos6Inko4u57UQ,Can YOU Find the Hidden Toys? 🤔🔍 Search the Room Game! #cocomelon #games,2026-09-13 07:00:33,PT41S,True,845490,8855,0,2026-09-20 19:52:40
PxvLQcW0tJU,UCbCmjCuTUZos6Inko4u57UQ,Twinkle Star is in Trouble! ⭐ Night Time Songs 😴 | CoComelon Nursery Rhymes & Kids Songs,2026-09-12 07:00:11,PT6M10S,True,1813023,2081,0,2026-09-20 19:52:40
baf3NdlUvsQ,UCbCmjCuTUZos6Inko4u57UQ,Why Did the Cow Cross the Road? 🐮❓ To Eat CARROTS! 🥕 #cocomelon #animals,2026-09-11 12:00:09,PT38S,True,891349,9138,0,2026-09-20 19:52:40
h5SVBuetBSA,UCbCmjCuTUZos6Inko4u57UQ,Learn Your ABCs with JJ and Bella! 🩷 | CoComelon Nursery Rhymes & Kids Songs,2026-09-10 07:00:30,PT5M38S,True,1285104,1920,0,2026-09-20 19:52:40
nLE70icViPw,UCbCmjCuTUZos6Inko4u57UQ,Stacking Colorful Building Blocks 🧱 Toy Play Fun with JJ & Cody!  🌈 #cocomelon #shorts,2026-09-09 12:00:35,PT34S,True,724063,6772,0,2026-09-20 19:52:40
WMtSPnsgr1U,UCbCmjCuTUZos6Inko4u57UQ,The Farmer in the Dell | Farm Animals Play Pretend | CoComelon Nursery Rhymes & Kids Songs,2026-09-08 07:00:35,PT2M40S,True,1205864,2205,0,2026-09-20 19:52:40
KW8SPq5lYbA,UCbCmjCuTUZos6Inko4u57UQ,FARM ANIMALS Toy Play! 🐮🚜 Learn Farm Animals Sounds! #cocomelon #shorts,2026-09-07 12:00:26,PT41S,True,1021395,9914,0,2026-09-20 19:52:40
Sk2XlM_uP7A,UCbCmjCuTUZos6Inko4u57UQ,Let's Read a CoComelon Story! 📖📚 Read-Along #cocomelon #kids #shorts,2026-09-06 12:00:29,PT57S,True,745167,6913,0,2026-09-20 19:52:40
TIy5Iy6V54E,UCbCmjCuTUZos6Inko4u57UQ,I Love My Bed + More Bedtime Routine Songs for Babies | CoComelon Nursery Rhymes & Kids Songs,2026-09-05 07:00:28,PT5M33S,True,1335372,1760,0,2026-09-20 19:52:40
2qkOH0MEsP0,UCbCmjCuTUZos6Inko4u57UQ,"Let's Learn About Emotions & Feelings! 😊😢😡 Happy, Sad & Angry! #cocomelon #kids #shorts",2026-09-04 12:00:09,PT58S,True,1992784,22507,0,2026-09-20 19:52:40
bL4drdg-41Y,UCbCmjCuTUZos6Inko4u57UQ,Nina Builds a New Best Friend! 🎨 Pin Pon Paper Doll Song | CoComelon Nursery Rhymes & Kids Songs,2026-09-03 07:00:00,PT5M48S,True,939904,2019,0,2026-09-20 19:52:40
ob9vmcv3tF0,UCbCmjCuTUZos6Inko4u57UQ,The Dinosaur Went RAWR! 🦖 📚 Reading with JJ & Cody #cocomelon #shorts,2026-09-02 12:00:46,PT26S,True,1147799,13417,0,2026-09-20 19:52:40
vTLfOqEolsk,UCbCmjCuTUZos6Inko4u57UQ,Finger Family - Classic Nursery Rhymes | CoComelon Nursery Rhymes & Kids Songs,2026-09-01 07:00:13,PT2M37S,True,10029399,9781,0,2026-09-20 19:52:40
8eiHRy-p4HM,UCbCmjCuTUZos6Inko4u57UQ,Cute Fruit Sea Creatures! 🐙🐢🍓 Yummy Beach Day Healthy Treats 🏖️#CoComelon #Shorts,2026-08-31 12:00:16,PT37S,True,2039299,17061,0,2026-09-20 19:52:40
GYcC7whgVZk,UCbCmjCuTUZos6Inko4u57UQ,Learn Numbers with Beach Balls! 🌞 JJ & Cody Counting Fun! 🔢🏖️ #CoComelon #kids #shortd,2026-08-30 12:00:17,PT15S,True,1265796,9425,0,2026-09-20 19:52:40
7Qfq7vsVWWQ,UCbCmjCuTUZos6Inko4u57UQ,Yes Yes Let’s Get Dressed & Time To Go to School! | CoComelon Nursery Rhymes & Kids Songs,2026-08-29 07:00:22,PT5M44S,True,9472078,5941,0,2026-09-20 19:52:40
z9zbaTvDGck,UCbCmjCuTUZos6Inko4u57UQ,Let's Count Colorful Building Blocks with JJ! 🧱🌈 🔢 #Shorts,2026-08-28 12:01:17,PT24S,True,1383747,11922,0,2026-09-20 19:52:40
enI7IxrqyuM,UCbCmjCuTUZos6Inko4u57UQ,"Oh No! Cody dropped his Ice Cream | Happy, and You Know It | CoComelon Nursery Rhymes & Kids Songs",2026-08-27 07:00:09,PT5M39S,True,7962581,4951,0,2026-09-20 19:52:40
iGGOOXV_Teg,UCbCmjCuTUZos6Inko4u57UQ,JJ Popsicle Puzzle CHALLENGE! 🧩 Kids Crafts #cocomelon #shorts,2026-08-26 12:00:21,PT18S,True,1243467,9035,0,2026-09-20 19:52:40
MEAR7ENkieM,UCbCmjCuTUZos6Inko4u57UQ,Jelly on a Plate 🧑‍🍳 Cooking with JJ & Cody | CoComelon Nursery Rhymes & Kids Songs,2026-08-25 07:00:06,PT2M46S,True,2047869,2760,0,2026-09-20 19:52:40
ssoD2v9D4uk,UCbCmjCuTUZos6Inko4u57UQ,Yummy Campfire Cookies! 🍪🪵 JJ's Delicious Homemade Snacks 😋 #cocomelon #food,2026-08-24 12:00:36,PT28S,True,1056096,8388,0,2026-09-20 19:52:40
qfilPDgZ-mI,UCbCmjCuTUZos6Inko4u57UQ,Fork OR Spoon!? 🍴🥄 Can You Guess with Ms. Appleberry? #cocomelon #shorts,2026-08-23 12:00:04,PT58S,True,1762842,19103,0,2026-09-20 19:52:40
wBv_ywwaAfk,UCbCmjCuTUZos6Inko4u57UQ,My Daddy Song - CoComelon's Dad Best Moments | CoComelon Nursery Rhymes & Kids Songs,2026-08-22 07:00:18,PT5M43S,True,3177434,2367,0,2026-09-20 19:52:40
27URbeSom1A,UCbCmjCuTUZos6Inko4u57UQ,🎨 Can You Name the COLORS? 🔴🔵🟢 Catch the Bouncing Balls with JJ! 🏀 #Shorts,2026-08-21 12:00:20,PT18S,True,2786923,15903,0,2026-09-20 19:52:40
_cmxOYRWYQA,UCbCmjCuTUZos6Inko4u57UQ,Freeze Dance Challenge | Toddler Games Freeze and Stop | CoComelon Nursery Rhymes & Kids Songs,2026-08-20 07:00:38,PT5M8S,True,1451330,2193,0,2026-09-20 19:52:40
4nsWmFt2bPU,UCbCmjCuTUZos6Inko4u57UQ,"It's Time for Bed, JJ! Goodnight! 😴💤🌙 #cocomelon #kids #shorts",2026-08-19 12:01:31,PT17S,True,23707749,154771,0,2026-09-20 19:52:40
vFdBQ64gZf4,UCbCmjCuTUZos6Inko4u57UQ,Humpty Dumpty at School with JJ's Friends | CoComelon Nursery Rhymes & Kids Songs,2026-08-18 07:00:29,PT2M41S,True,2518095,2866,0,2026-09-20 19:52:40
lIjx8WqqpxI,UCbCmjCuTUZos6Inko4u57UQ,Let's Decorate JJ's School Backpack! 🎒 Easy CoComelon Crafts 🎨 #kids #shorts,2026-08-17 12:00:20,PT50S,True,1225391,9573,0,2026-09-20 19:52:40
AGZFMMgMIEo,UCbCmjCuTUZos6Inko4u57UQ,I Love to Go to School! ❤️🚌 Back to School Bus Toy Play #cocomelon #kids #shorts,2026-08-16 12:00:38,PT26S,True,1427686,11113,0,2026-09-20 19:52:40
O0nV7hJ9qzk,UCbCmjCuTUZos6Inko4u57UQ,Potty Training Song | CoComelon Nursery Rhymes & Kids Songs,2026-08-15 07:00:06,PT5M30S,True,2965207,2517,0,2026-09-20 19:52:40
7NMvvPL76tU,UCbCmjCuTUZos6Inko4u57UQ,Pat-a-Cake! Sing Along with JJ & Cody 🎂 #cocomelon #kids #shorts,2026-08-14 12:00:50,PT18S,True,3042127,18157,0,2026-09-20 19:52:40
Gfcybr0q-HA,UCbCmjCuTUZos6Inko4u57UQ,Bus Wash Song and Wheels on the Animal Bus | CoComelon Nursery Rhymes & Kids Songs,2026-08-13 07:00:33,PT5M32S,True,4991202,4080,0,2026-09-20 19:52:40
gJ_8xQ8a7ME,UCbCmjCuTUZos6Inko4u57UQ,Let's Stack Healthy Fruit with JJ! 🍎🍉🍊🍍🍌 #cocomelon #kids #shorts,2026-08-12 12:00:29,PT38S,True,3724189,30595,0,2026-09-20 19:52:40
3G8OSUZgPCw,UCbCmjCuTUZos6Inko4u57UQ,Clap Along with JJ and His Siblings | Beach Boom-Clap | CoComelon Nursery Rhymes & Kids Songs,2026-08-11 07:00:38,PT2M55S,True,1560271,1545,0,2026-09-20 19:52:40
fwkmBfDfWUc,UCbCmjCuTUZos6Inko4u57UQ,Wheels on the Bus! 🚌 Back to School Song! 🎒 #cocomelon #kids #shorts,2026-08-10 12:00:06,PT17S,True,10031657,30129,0,2026-09-20 19:52:40
TFxvacs1-IE,UCbCmjCuTUZos6Inko4u57UQ,Can You Name the Colorful Fruit in JELLO?! 🍉🍓🍋🍊 Toy Play #cocomelon #shorts,2026-08-09 12:00:27,PT59S,True,2221305,11466,0,2026-09-20 19:52:40
tgFynI0l06U,UCbCmjCuTUZos6Inko4u57UQ,Old MacDonald Had A Farm + More 🐮 Classic Nursery Rhymes &  CoComelon Kids Songs,2026-08-08 07:00:29,PT5M23S,True,2990577,1942,0,2026-09-20 19:52:40
udEJJh19v6E,UCbCmjCuTUZos6Inko4u57UQ,CoComelon: The Movie | Official Teaser Trailer,2026-08-06 15:01:02,PT1M13S,True,1321808,7341,0,2026-09-20 19:52:40
-rzG116pLbw,UCbCmjCuTUZos6Inko4u57UQ,CoComelon: The Movie | Official Teaser Trailer,2026-08-06 15:00:37,PT1M14S,True,923969,2425,0,2026-09-20 19:52:40
kjR0g0vjXb0,UCbCmjCuTUZos6Inko4u57UQ,Rainbow Color Matching Game! 🌈 #cocomelon #kids #shorts,2026-08-05 12:00:04,PT24S,True,2401200,9733,0,2026-09-20 19:52:40
hqehvbhky5k,UCbCmjCuTUZos6Inko4u57UQ,On My Way To School | JJ Races his Friends! | CoComelon Nursery Rhymes and Kids Songs,2026-08-04 07:00:09,PT2M47S,True,2386373,2137,0,2026-09-20 19:52:40
Zu1MRVuc8RM,UCbCmjCuTUZos6Inko4u57UQ,Wheels on the Bus! 🚌 DIY CoComelon Paper Craft! ✂️ #Shorts,2026-08-03 12:01:11,PT16S,True,6090228,17623,0,2026-09-20 19:52:40
bIuTwASXHvg,UCbCmjCuTUZos6Inko4u57UQ,Eat Your Healthy Green Vegetables JJ! 🥦 #Cocomelon #Kids #Shorts,2026-08-02 12:00:05,PT15S,True,6905481,32069,0,2026-09-20 19:52:40
E71VKkJxzOk,UC5PYHgAzJ1wLEidB58SK6Xw,Let's Play Sink or Float with Blippi! 🐋🦈🐬 Learn with Ocean Animals!,2026-09-20 12:00:22,PT43S,True,11171,148,0,2026-09-20 19:52:40
v6_wC6upYNU,UC5PYHgAzJ1wLEidB58SK6Xw,Blippi Gets Ready for Halloween! 🎃,2026-09-19 10:00:21,PT12M19S,True,71514,210,0,2026-09-20 19:52:40
nYNlcR8wjSE,UC5PYHgAzJ1wLEidB58SK6Xw,Cooking with Carter Challenges Blippi! 👨🏻‍🍳 Can Blippi Beat a Food BLIND TEST? 😎,2026-09-18 11:00:29,PT2M41S,True,70061,1188,0,2026-09-20 19:52:40
rFo6JBt-X7E,UC5PYHgAzJ1wLEidB58SK6Xw,Blippi Fire Truck Ball Pit Adventure! 🚒,2026-09-17 10:00:35,PT35M17S,True,69962,178,0,2026-09-20 19:52:40
8EXajVLL4Ao,UC5PYHgAzJ1wLEidB58SK6Xw,Can Blippi SOLVE the Popsicle Stick Puzzle? 🧩🎨 Easy DIY Crafts for Kids,2026-09-16 12:00:10,PT26S,True,114064,856,0,2026-09-20 19:52:40
dTMx3cj3bQk,UC5PYHgAzJ1wLEidB58SK6Xw,POP the balloon 🎈 and RACE to the finish line! 🚗💨,2026-09-15 12:00:38,PT53S,True,92093,1060,0,2026-09-20 19:52:40
N5SNh8pte14,UC5PYHgAzJ1wLEidB58SK6Xw,Can YOU Do the Blippi Wiggle with Swoop? 🦅🏈 Dance Challenge!,2026-09-14 12:00:01,PT25S,True,90767,1060,0,2026-09-20 19:52:40
C_HnznKaAF4,UC5PYHgAzJ1wLEidB58SK6Xw,Blippi & Shawn Johnson Get Up & Move! 🏃,2026-09-12 10:00:30,PT13M37S,True,89615,296,0,2026-09-20 19:52:40
Fkzj_LeDxl0,UC5PYHgAzJ1wLEidB58SK6Xw,Can You BAA Like Old Macdonald's Sheep? 👨🏻‍🌾🐑,2026-09-11 12:00:38,PT13S,True,153445,1286,0,2026-09-20 19:52:40
1075JerYmoo,UC5PYHgAzJ1wLEidB58SK6Xw,Blippi Meets a T-Rex at Dinotropolis! 🦖,2026-09-10 10:00:39,PT56M22S,True,255184,418,0,2026-09-20 19:52:40
veKqvMtx1kY,UC5PYHgAzJ1wLEidB58SK6Xw,WATCH OUT Blippi! 🔥🏈 The Football Field is LAVA! #challenge,2026-09-09 12:00:01,PT31S,True,209851,1702,0,2026-09-20 19:52:40
Y8gUl4JFlQs,UC5PYHgAzJ1wLEidB58SK6Xw,Blippi Rescues a LOST Dinosaur! 🦕 Follow the Dino Footprints! 🐾,2026-09-08 12:00:15,PT1M,True,220234,2581,0,2026-09-20 19:52:40
XE-ZMIHNAFs,UC5PYHgAzJ1wLEidB58SK6Xw,Blippi vs. Kids Football Showdown! 🏈 Can Blippi Score a Touchdown?,2026-09-07 12:00:17,PT54S,True,199163,1987,0,2026-09-20 19:52:40
1b_FNlu2wCI,UC5PYHgAzJ1wLEidB58SK6Xw,How to MAKE a Play-Doh Blippi Face! 🎨🟠 Easy DIY Kids Arts and Crafts,2026-09-06 12:00:23,PT44S,True,269141,2287,0,2026-09-20 19:52:40
XzH3SrUEbMk,UC5PYHgAzJ1wLEidB58SK6Xw,Blippi & Meekah’s NASCAR Balloon Race! 🏎️,2026-09-05 10:00:06,PT12M16S,True,335453,716,0,2026-09-20 19:52:40
wCZNRyWKRq8,UC5PYHgAzJ1wLEidB58SK6Xw,"DON'T Hit the Lava Pin, Blippi! 🎳🔥 Learn Colors with a Bowling Challenge!",2026-09-04 12:00:22,PT44S,True,202400,1540,0,2026-09-20 19:52:40
xFF---x1VPo,UC5PYHgAzJ1wLEidB58SK6Xw,Blippi & Meekah Underwater Hide and Seek! 🦀,2026-09-03 10:00:08,PT24M47S,True,322864,491,0,2026-09-20 19:52:40
7Q1JWBT84Ec,UC5PYHgAzJ1wLEidB58SK6Xw,Blippi Draws Vehicles with Chalk! 🚗🖍️ Outdoor Street Art for Kids!,2026-09-02 12:00:35,PT54S,True,158695,1348,0,2026-09-20 19:52:40
qyDEASPCWog,UC5PYHgAzJ1wLEidB58SK6Xw,Blippi VS Swoop! 🏃🏻‍♂️💨🦅 Who Wins in a 40-yard DASH?,2026-09-01 12:00:30,PT32S,True,413149,2888,0,2026-09-20 19:52:40
u4s4hAhZdEQ,UC5PYHgAzJ1wLEidB58SK6Xw,How Many Languages Can YOU Speak? 🛩️🌍 Blippi Flies Around the World!,2026-08-31 12:00:34,PT1M15S,True,277360,3206,0,2026-09-20 19:52:40
aekygXuF0jg,UC5PYHgAzJ1wLEidB58SK6Xw,Let's Play Backyard SINK or FLOAT! 🍎⚖️🍉,2026-08-30 12:00:35,PT22S,True,410551,3072,0,2026-09-20 19:52:40
YgQkbTmrB0M,UC5PYHgAzJ1wLEidB58SK6Xw,Blippi x Doggyland Ice Cream Truck Song 🍧,2026-08-29 10:00:35,PT2M48S,True,180513,370,0,2026-09-20 19:52:40
VdNjdU-CAWE,UC5PYHgAzJ1wLEidB58SK6Xw,Guess WHO the DIY Popsicle Stick Painting Is! 🤔🍭,2026-08-28 12:00:14,PT17S,True,452976,2881,0,2026-09-20 19:52:40
GuFtlcLbM5g,UC5PYHgAzJ1wLEidB58SK6Xw,Blippi Goes to School 🏫 Freeze Dance & Shaving Cream Fun!,2026-08-27 10:00:33,PT24M45S,True,185477,259,0,2026-09-20 19:52:40
8l6tL-EW-9E,UC5PYHgAzJ1wLEidB58SK6Xw,Blippi's DIY Beach Party is ALL YEAR ROUND! 🥳,2026-08-26 12:00:14,PT31S,True,238114,1966,0,2026-09-20 19:52:40
Ht6G7AE6l20,UC5PYHgAzJ1wLEidB58SK6Xw,GUESS the Dinosaur! 🦖 Dino Car Parade Challenge 🚗,2026-08-25 12:00:36,PT1M6S,True,204703,1933,0,2026-09-20 19:52:40
rLmbE5g70rI,UC5PYHgAzJ1wLEidB58SK6Xw,OH NO! 🚌 Why is the School Bus SO SAD? 😭 #emotions,2026-08-24 12:00:09,PT40S,True,163886,1341,0,2026-09-20 19:52:40
mZAJpkwIRwA,UC5PYHgAzJ1wLEidB58SK6Xw,"Do the BOOM Clap 👏🏾💃🏾 with Meekah, Minnie and the Disney Princesses!",2026-08-23 12:00:36,PT24S,True,1010499,5825,0,2026-09-20 19:52:40
66h7CEh7VIc,UC5PYHgAzJ1wLEidB58SK6Xw,Blippi Learns Pool Safety & How to Swim! 🌊🏊‍♂️,2026-08-22 10:00:30,PT15M4S,True,702861,819,0,2026-09-20 19:52:40
nctmu6_cUz0,UC5PYHgAzJ1wLEidB58SK6Xw,Blippi vs Zack Baun 🦘⬆️ Who Can JUMP The Highest?,2026-08-21 12:00:02,PT36S,True,333572,2191,0,2026-09-20 19:52:40
Q5JNX9lY4PQ,UC5PYHgAzJ1wLEidB58SK6Xw,Dance Party with Blippi & Los Meñiques De La Casa 🎵 Baila A Lo Loco & Curious Como Yo,2026-08-21 10:00:37,PT6M38S,True,442975,359,0,2026-09-20 19:52:40
dtYXraDuZ6U,UC5PYHgAzJ1wLEidB58SK6Xw,Bada Bing Bada BOOM! 💥 Blippi Builds a Blue Train! 🚂,2026-08-19 12:00:22,PT46S,True,470425,3873,0,2026-09-20 19:52:40
g_jO2V8ZPmE,UC5PYHgAzJ1wLEidB58SK6Xw,"Sink or Float ⚖️💧 Let's Test Trains, Planes, Cars and Boats!",2026-08-17 12:00:10,PT39S,True,467830,3215,0,2026-09-20 19:52:40
M-9yUuzFf00,UC5PYHgAzJ1wLEidB58SK6Xw,What Vehicle Carries the MOST Candy? 🍬 Toy Vehicle Challenge!,2026-08-16 12:00:14,PT49S,True,556655,5220,0,2026-09-20 19:52:40
mXnKExSeaUw,UC5PYHgAzJ1wLEidB58SK6Xw,Blippi's Super Silly Vehicle Race! 🏎️,2026-08-15 10:00:10,PT42M30S,True,7351697,3681,0,2026-09-20 19:52:40
a_v0YX0Nqjo,UC5PYHgAzJ1wLEidB58SK6Xw,Can You GUESS the Sand Vehicles? 🚗🏖️ Summer Vehicle Challenge!,2026-08-14 12:00:05,PT51S,True,442674,3378,0,2026-09-20 19:52:40
cn4cxq6m7sU,UC5PYHgAzJ1wLEidB58SK6Xw,Blippi's Best Space Adventures! 🚀 Top 5 Special,2026-08-13 10:00:01,PT16M19S,True,311400,281,0,2026-09-20 19:52:40
y9YvWyH5eWg,UC5PYHgAzJ1wLEidB58SK6Xw,Blippi Builds a FRUIT Monster Truck! 🍓🛻,2026-08-12 12:00:34,PT45S,True,3904266,18786,0,2026-09-20 19:52:40
L91B_OiWgQA,UC5PYHgAzJ1wLEidB58SK6Xw,"Blippi Meets a Kid with his OWN AIRPLANE? ✈️  Big Vehicles, Bigger Questions",2026-08-10 12:00:00,PT53S,True,521597,3489,0,2026-09-20 19:52:40
aKpp8Mu0sYg,UC5PYHgAzJ1wLEidB58SK6Xw,It's so HOT! ☀️🍨 Can Blippi Find the Ice Cream Colors in the Farm?,2026-08-09 12:00:35,PT46S,True,238245,1208,0,2026-09-20 19:52:40
Q35dLHdxhDc,UC5PYHgAzJ1wLEidB58SK6Xw,PAW Patrol & Blippi's Rescue Mission on Dino Island! 🦖,2026-08-07 10:00:21,PT11M19S,True,1377090,2101,0,2026-09-20 19:52:40
eKM-7b91PMg,UC5PYHgAzJ1wLEidB58SK6Xw,SHAPE CHALLENGE! 🟦🟡🔺 Can Blippi Find All the Keys in 30 seconds?,2026-08-07 10:00:21,PT1M7S,True,212135,1429,0,2026-09-20 19:52:40
KfcgIeEkM-U,UC5PYHgAzJ1wLEidB58SK6Xw,HOW MANY Fish Can Mini Blippi Catch? 🐟🐠🐡 Counting Challenge!,2026-08-05 12:00:05,PT51S,True,412333,2152,0,2026-09-20 19:52:40
2T2ufNy9Lw0,UC5PYHgAzJ1wLEidB58SK6Xw,Blippi’s Back to School Special! 🏫,2026-08-05 10:00:04,PT39M16S,True,528864,460,0,2026-09-20 19:52:40
66khhR9cSz0,UC5PYHgAzJ1wLEidB58SK6Xw,Can Blippi Fill the Dump Truck BLINDFOLDED?! 🫣🛻,2026-08-03 12:00:18,PT58S,True,274741,1954,0,2026-09-20 19:52:40
n2KjGU80YEc,UC5PYHgAzJ1wLEidB58SK6Xw,Blippi & Meekah's Air Vs. Water Vehicle Challenge ✈️,2026-08-01 10:00:26,PT17M11S,True,715230,635,0,2026-09-20 19:52:40
wnLM_PjRhKs,UC5PYHgAzJ1wLEidB58SK6Xw,If You're Like Curious Like Blippi... 🪩🧡 DANCE!,2026-07-31 12:00:15,PT56S,True,533409,3025,0,2026-09-20 19:52:40
KlCosaZNSUo,UC5PYHgAzJ1wLEidB58SK6Xw,Blippi and the BIGGEST Bulldozer Ever! 🚧,2026-07-30 10:00:37,PT24M50S,True,510671,381,0,2026-09-20 19:52:40
6RtGRiPC8H8,UC5PYHgAzJ1wLEidB58SK6Xw,Learn Emotions... 😀😭 with ICE CREAM! 🍧,2026-07-29 12:00:35,PT49S,True,601636,3412,0,2026-09-20 19:52:40
mHjc7D5W77s,UC5PYHgAzJ1wLEidB58SK6Xw,"Blippi Says... 🚂🛩️ MOVE Like a Train, Plane, and Excavator!",2026-07-27 12:00:34,PT37S,True,436077,2802,0,2026-09-20 19:52:40
rA-EliBRjbI,UCKAqou7V9FAWXpZd9xtOg3Q,A to N! ABCs Jumping 🔤🦘 #LBB #Short #ABC,2026-09-20 07:45:32,PT23S,True,25448,190,0,2026-09-20 19:52:40
o2r9C8VPCPc,UCKAqou7V9FAWXpZd9xtOg3Q,10-100 Song 🎵🎶 Count to 100 by Tens! #short #LBB #number,2026-09-20 07:45:15,PT40S,True,16047,120,0,2026-09-20 19:52:40
6NEZZtYoCCM,UCKAqou7V9FAWXpZd9xtOg3Q,Cars Song 🚗🚗 Explore the City at Night! | Little Baby Bum,2026-09-19 12:00:27,PT1M46S,True,11568,39,0,2026-09-20 19:52:40
GppT9neo31I,UCKAqou7V9FAWXpZd9xtOg3Q,A Day as a Teacher! 🏫 Count the Students | Little Baby Bum,2026-09-18 12:00:33,PT5M8S,True,21974,84,0,2026-09-20 19:52:40
UwAtEWtPqvY,UCKAqou7V9FAWXpZd9xtOg3Q,Singing with the bus driver! 🎒📚 #short #LBB #School,2026-09-17 07:45:25,PT41S,True,79778,529,0,2026-09-20 19:52:40
9dfd4aiUE0I,UCKAqou7V9FAWXpZd9xtOg3Q,"Triangle, Square & Circle 🔺⏺️🟦 | Learning Shapes & Nursery Rhymes  | Little Baby Bum",2026-09-16 12:00:04,PT4M51S,True,53424,94,0,2026-09-20 19:52:40
NlrIQC6LL7w,UCKAqou7V9FAWXpZd9xtOg3Q,Guess the Vehicle by Shape! 🚒💨 #Shorts #VehicleQuiz #KidsFun,2026-09-15 07:45:39,PT25S,True,84192,519,0,2026-09-20 19:52:40
fmEc7vho5J4,UCKAqou7V9FAWXpZd9xtOg3Q,Let's Learn Shapes Together! 🔴 #short #LBB #shape,2026-09-14 07:45:32,PT23S,True,143185,771,0,2026-09-20 19:52:40
tPGRv8gMxQs,UCKAqou7V9FAWXpZd9xtOg3Q,Popular Bus #Shorts! 🚌🔟 10 Little Buses #short #LBB #best,2026-09-13 07:45:37,PT32S,True,351241,1608,0,2026-09-20 19:52:40
qrO82JpccVU,UCKAqou7V9FAWXpZd9xtOg3Q,"Hello, Teacher! 🏫 Learn ABCs & Letters | Little Baby Bum",2026-09-12 12:00:18,PT3M53S,True,22364,74,0,2026-09-20 19:52:40
DjgBzdkjHDY,UCKAqou7V9FAWXpZd9xtOg3Q,The Moon Song 🌙 Autumn Song Collection for Kids | Little Baby Bum,2026-09-11 12:00:07,PT6M30S,True,49272,137,0,2026-09-20 19:52:40
IYGGkwCPPI4,UCKAqou7V9FAWXpZd9xtOg3Q,What Can You See? 🎨🎶 Yes Yellow! #short #LBB #color,2026-09-10 07:45:26,PT26S,True,114517,628,0,2026-09-20 19:52:40
uSiIogqK9u0,UCKAqou7V9FAWXpZd9xtOg3Q,Lion Song Collection 🦁 | Little Baby Bum,2026-09-09 12:00:18,PT4M25S,True,68733,114,0,2026-09-20 19:52:40
8AvNYrcRgwc,UCKAqou7V9FAWXpZd9xtOg3Q,Red🔴 Yellow🟡 Blue🔵 Orange🟠  #LittleBabyBum #Shorts #colors,2026-09-08 12:30:14,PT16S,True,130959,774,0,2026-09-20 19:52:40
PAODAfE8dUE,UCKAqou7V9FAWXpZd9xtOg3Q,Find ABC in the Town! 🚗🚚 ABC Vehicles Song #short #LBB #alphabet,2026-09-07 07:45:01,PT32S,True,192886,831,0,2026-09-20 19:52:40
7hUjZpAl57M,UCKAqou7V9FAWXpZd9xtOg3Q,The Color Train Song! 🎨🚂 Learn Colors with Little Baby Bum #short #LBB #color,2026-09-06 07:45:04,PT32S,True,423093,1963,0,2026-09-20 19:52:40
7OAtWP4tDSg,UCKAqou7V9FAWXpZd9xtOg3Q,Don't Talk To Strangers 🚫👤 | Safety Songs for Kids | Little Baby Bum,2026-09-05 12:00:32,PT1M33S,True,82681,150,0,2026-09-20 19:52:40
QwGF-MERsAE,UCKAqou7V9FAWXpZd9xtOg3Q,"Learn to Count 1-10! 🔢 1, 2, What Shall We Do? | Little Baby Bum",2026-09-04 12:00:19,PT4M50S,True,74812,127,0,2026-09-20 19:52:40
qqqZXgbTT4E,UCKAqou7V9FAWXpZd9xtOg3Q,Rocket Ship Countdown 10 to 1! 🚀🎆 #short #LBB #number,2026-09-03 07:45:23,PT49S,True,161355,878,0,2026-09-20 19:52:40
TmbYw0BP2Go,UCKAqou7V9FAWXpZd9xtOg3Q,Day & Night Yoga for Kids! 🧘 | Little Baby Bum,2026-09-02 12:00:18,PT4M4S,True,25830,61,0,2026-09-20 19:52:40
_Axq362ztfM,UCKAqou7V9FAWXpZd9xtOg3Q,Guess the Vehicle by Shape! 🚒💨 #Shorts #VehicleQuiz #KidsFun,2026-09-01 07:45:35,PT29S,True,169700,743,0,2026-09-20 19:52:40
2T2ydbrdQN8,UCKAqou7V9FAWXpZd9xtOg3Q,Two Two Number 2 Song 🎵🎶 #short #LBB #Numbers,2026-08-31 07:45:23,PT25S,True,243914,1296,0,2026-09-20 19:52:40
TfOZCtMr12Y,UCKAqou7V9FAWXpZd9xtOg3Q,London Fireworks Bus Tour! 🎆 #short #LBB #Bus,2026-08-30 07:45:17,PT14S,True,139545,750,0,2026-09-20 19:52:40
Mk7qg2evZUg,UCKAqou7V9FAWXpZd9xtOg3Q,Tongue Twister Song! 👅 | Little Baby Bum,2026-08-29 12:00:17,PT2M6S,True,74245,133,0,2026-09-20 19:52:40
YnAG_u8B8RE,UCKAqou7V9FAWXpZd9xtOg3Q,Clap Clap! If You're Happy and You Know It! 😃👏 #short #LBB #Happy,2026-08-28 14:00:25,PT35S,True,240295,1237,0,2026-09-20 19:52:40
PoirnPsWAhk,UCKAqou7V9FAWXpZd9xtOg3Q,London Bus Tour 🚌🧱 London Bridge Is Falling Down | Little Baby Bum,2026-08-28 12:00:17,PT6M19S,True,228805,240,0,2026-09-20 19:52:40
KzMAI0Yzodo,UCKAqou7V9FAWXpZd9xtOg3Q,Tasty Fruits Songs! 🍎 | LBB New Look VS Classic Look! | Little Baby Bum,2026-08-26 12:00:08,PT3M56S,True,70730,70,0,2026-09-20 19:52:40
PkJbw5YaCYI,UCKAqou7V9FAWXpZd9xtOg3Q,The Color Train Goes Around 🎨 #LittleBabyBum #Shorts #color,2026-08-25 13:00:04,PT27S,True,430701,1448,0,2026-09-20 19:52:40
q0jUcH2u4QM,UCKAqou7V9FAWXpZd9xtOg3Q,Good Morning Everyone! Wheels On The Bus 🚌 #short #LBB #Bus,2026-08-24 15:00:10,PT34S,True,434209,1769,0,2026-09-20 19:52:40
wcPBF_ThcLg,UCKAqou7V9FAWXpZd9xtOg3Q,6 Little Ducks 🦆🐤 #LBB #Short #animals,2026-08-23 07:45:06,PT19S,True,200289,1094,0,2026-09-20 19:52:40
ytKYTPWbaM8,UCKAqou7V9FAWXpZd9xtOg3Q,Make your own art! 🎨🖌️ We Love Art | Little Baby Bum,2026-08-22 12:00:15,PT2M7S,True,196123,239,0,2026-09-20 19:52:40
jIYRXUdKFVM,UCKAqou7V9FAWXpZd9xtOg3Q,Mia and Jacus Ride the Color Train! 🚂,2026-08-21 12:00:38,PT8M14S,True,350022,256,0,2026-09-20 19:52:40
iswsx8fvM3k,UCKAqou7V9FAWXpZd9xtOg3Q,Animal Circus Show! 🎪🐘 #LittleBabyBum #Shorts,2026-08-20 07:45:24,PT34S,True,263234,1042,0,2026-09-20 19:52:40
BFIOE2jKZbA,UCKAqou7V9FAWXpZd9xtOg3Q,Max and Twinkle’s Magic Shape Safari! 🪄✨ LBB New Look VS Classic Look! | Little Baby Bum,2026-08-19 12:00:12,PT3M52S,True,91266,54,0,2026-09-20 19:52:40
4_pXV7zTRWQ,UCKAqou7V9FAWXpZd9xtOg3Q,Guess the Vehicle by Shape! 🚒💨 #Shorts #VehicleQuiz #KidsFun,2026-08-18 16:00:01,PT21S,True,385229,1453,0,2026-09-20 19:52:40
mgYhkhDax3c,UCKAqou7V9FAWXpZd9xtOg3Q,Yellow Bus or Orange Bus? 🎵🚌 Wheels On The Bus #LBB #Short #bus,2026-08-17 07:45:26,PT56S,True,766149,3246,0,2026-09-20 19:52:40
jldmxx-1qds,UCKAqou7V9FAWXpZd9xtOg3Q,Let's Make Twinkle Star 🎨⭐ #LBB #Short #Twinkle,2026-08-16 07:45:18,PT12S,True,220821,960,0,2026-09-20 19:52:40
m02ZlHGaepU,UCKAqou7V9FAWXpZd9xtOg3Q,Mia’s Perfect Picnic Day! 🧺| Little Baby Bum,2026-08-15 12:00:35,PT1M47S,True,186364,240,0,2026-09-20 19:52:40
4Z12ihnmYTI,UCKAqou7V9FAWXpZd9xtOg3Q,We Visit the Dino Museum! 🦖🏛️ Wheels On the Bus | Little Baby Bum,2026-08-14 12:00:36,PT1M56S,True,195532,113,0,2026-09-20 19:52:40
f-_NvvFxjjc,UCKAqou7V9FAWXpZd9xtOg3Q,Color Wheel With Little Baby Bum! 🚌Color Bus Song #short #LBB #bus,2026-08-13 07:45:27,PT16S,True,328812,1777,0,2026-09-20 19:52:40
OIyBrKTy0OY,UCKAqou7V9FAWXpZd9xtOg3Q,Twinkle & Monkey Bathtime🛁👶 LBB New Look VS Classic Look! | Little Baby Bum,2026-08-12 12:00:30,PT3M47S,True,180040,149,0,2026-09-20 19:52:40
HXjGs4QOkwM,UCKAqou7V9FAWXpZd9xtOg3Q,Colorful Sharks 🦈✨ #LBB #Short #color,2026-08-11 07:45:24,PT20S,True,533214,1485,0,2026-09-20 19:52:40
YKkrjatAr2k,UCKAqou7V9FAWXpZd9xtOg3Q,Sing! Wheels On The Bus Night and Day! 🚌🎶 #LBB #Short #bus,2026-08-10 07:45:31,PT49S,True,847202,2487,0,2026-09-20 19:52:40
qwqfFV5pUZ8,UCKAqou7V9FAWXpZd9xtOg3Q,Learn in the Gallery 🤝🧑‍🤝‍🧑 Everyone is different! | Little Baby Bum,2026-08-08 12:00:26,PT1M37S,True,286687,119,0,2026-09-20 19:52:40
atajXGwWXnE,UCKAqou7V9FAWXpZd9xtOg3Q,Veggie Songs for Kids 🥦🥕 Eat Your Vegetables | Little Baby Bum,2026-08-07 12:00:19,PT8M8S,True,228460,102,0,2026-09-20 19:52:40
gBFxSbDpE2s,UCKAqou7V9FAWXpZd9xtOg3Q,Panda Family Finger Puppet Fun! 🐼 #short #LBB #fingerfamily,2026-08-06 07:45:24,PT36S,True,415399,1154,0,2026-09-20 19:52:40
8y0BLnDbbwc,UCKAqou7V9FAWXpZd9xtOg3Q,Old Macdonald 🍪 LBB New Look VS Classic Look! | Little Baby Bum,2026-08-05 12:00:16,PT4M17S,True,137152,79,0,2026-09-20 19:52:40
OU3IdVbpkhg,UCKAqou7V9FAWXpZd9xtOg3Q,Guess the Vehicle by Shape! 🚒💨 #Shorts #VehicleQuiz #KidsFun,2026-08-04 07:45:25,PT30S,True,401742,1073,0,2026-09-20 19:52:40
jqHqGX3-wgM,UCKAqou7V9FAWXpZd9xtOg3Q,Which Bus Song Do You Like? 🚌🎶 10 Little Buses #LBB #Short #Bus,2026-08-03 07:45:26,PT48S,True,1436288,4421,0,2026-09-20 19:52:40
Kn4bGxwX3jc,UCKAqou7V9FAWXpZd9xtOg3Q,Pick Your Favorite Bus Color! 🚌✨ #LBB #Short #color,2026-08-02 12:45:39,PT28S,True,1601419,3775,0,2026-09-20 19:52:40
85VHH1Zqj50,UCvksjnr7kInzcIjMpJpqF2A,I Want to Be Just Like Mommy! 👩‍👦❤️ #littleangel #shorts,2026-09-20 13:00:04,PT23S,True,4194,41,0,2026-09-20 19:52:40
8Tud4CV8NJg,UCvksjnr7kInzcIjMpJpqF2A,Mermaid Treasure Hunt! 🪙 Emmie's Hidden Treasure! | Little Angel Nursery Rhymes & Kid Songs,2026-09-19 12:30:06,PT3M32S,True,4030,17,0,2026-09-20 19:52:40
SZjbRGX2tD4,UCvksjnr7kInzcIjMpJpqF2A,Get Ready with Me! 🏫 School Routine! | Little Angel Nursery Rhymes & Kid Songs,2026-09-18 12:30:20,PT29M57S,True,7656,29,0,2026-09-20 19:52:40
WMGBUnwJa_k,UCvksjnr7kInzcIjMpJpqF2A,Hello Baby John! 🎈 | Little Angel Nursery Rhymes & Kid Songs,2026-09-17 12:30:23,PT7M,True,19139,30,0,2026-09-20 19:52:40
X9ubpW5dRDA,UCvksjnr7kInzcIjMpJpqF2A,No Sleep for Baby John! 😴 Pyjama Party Song! | Little Angel Nursery Rhymes & Kid Songs,2026-09-16 12:30:39,PT13M30S,True,59994,81,0,2026-09-20 19:52:40
ariq0Mxf2c4,UCvksjnr7kInzcIjMpJpqF2A,Can You Name the Starfish Colors? ⭐️🧜🏻‍♀️ #LittleAngel #LearnColors #shorts,2026-09-15 12:30:01,PT19S,True,31934,168,0,2026-09-20 19:52:40
cb7BGVvOxQ0,UCvksjnr7kInzcIjMpJpqF2A,Uh Oh! Baby John Spills the Paint! 🎨 #LittleAngel #BabyJohn #shorts,2026-09-13 12:30:10,PT39S,True,23829,154,0,2026-09-20 19:52:40
r531apbJsA0,UCvksjnr7kInzcIjMpJpqF2A,Ten in the Bed Camping Trip! 🏕️ Baby John & Family Muddy Oopsie! | Little Angel,2026-09-12 12:30:17,PT3M2S,True,16139,45,0,2026-09-20 19:52:40
AncI3yLKdW8,UCvksjnr7kInzcIjMpJpqF2A,Baby John Has the Hiccups! 🫧 | Funny Family Remedies | Little Angel,2026-09-11 12:30:24,PT27M54S,True,21598,65,0,2026-09-20 19:52:40
caMskW8DGQU,UCvksjnr7kInzcIjMpJpqF2A,Baby John & Jill Meet Teeny Tiny Bug Friends! 🐞✨ Little Angel Kids Songs,2026-09-10 12:30:32,PT7M55S,True,164689,64,0,2026-09-20 19:52:40
eAaowD_3Zwk,UCvksjnr7kInzcIjMpJpqF2A,Baby John Learns Hot and Cold! ☀️❄️ | Safety Song | Little Angel Nursery Rhymes,2026-09-09 12:30:31,PT10M45S,True,114885,156,0,2026-09-20 19:52:40
hPgosmkbJhI,UCvksjnr7kInzcIjMpJpqF2A,Wheee! Mermaid Emmie Goes Down the Water Slide! #Mermaid #WaterSlide #KidsSongs,2026-09-08 12:30:22,PT57S,True,29950,329,0,2026-09-20 19:52:40
vhJFEWKZiMA,UCvksjnr7kInzcIjMpJpqF2A,Watch Jill Swim Like a Mermaid! 🧜‍♀️ #littleangel #shorts #mermaid,2026-09-06 13:00:12,PT24S,True,45302,331,0,2026-09-20 19:52:40
820NykDpeVM,UCvksjnr7kInzcIjMpJpqF2A,Emmie's Rainy Day Mermaid Makeover! 🧜‍♀️🌧️ | Little Angel Kid Songs,2026-09-05 12:30:15,PT3M18S,True,103553,71,0,2026-09-20 19:52:40
UANwj0_62nQ,UCvksjnr7kInzcIjMpJpqF2A,Jill's Birthday Spa Party! 💅✨ Baby John's Messy Surprise | Little Angel,2026-09-04 12:30:23,PT29M22S,True,166555,305,0,2026-09-20 19:52:40
Reem5Y8rY6Q,UCvksjnr7kInzcIjMpJpqF2A,Baby John's Beach Safety Adventure! 🏖️ | Little Angel Kids Songs,2026-09-03 12:30:29,PT7M40S,True,106237,58,0,2026-09-20 19:52:40
3T6_qCC22Sg,UCvksjnr7kInzcIjMpJpqF2A,Baby John the Cookie Detective! 🕵️‍♂️🍪 | Who Took the Cookie? | Little Angel,2026-09-02 13:30:08,PT12M42S,True,26676,64,0,2026-09-20 19:52:40
nKv_VUxH9AY,UCvksjnr7kInzcIjMpJpqF2A,Emmie's Magical Outfit Change to Mermaid! 🧜‍♀️ #Mermaid #shorts #DressUp,2026-09-01 12:30:02,PT27S,True,37220,235,0,2026-09-20 19:52:40
jKeci-R1ke8,UCvksjnr7kInzcIjMpJpqF2A,Jill Popsicle Stick Puzzle! #littleangel #puzzle,2026-08-30 13:00:06,PT30S,True,44347,255,0,2026-09-20 19:52:40
jr4TiOi8TWA,UCvksjnr7kInzcIjMpJpqF2A,Emmie the Mermaid to the Rescue!🧜‍♀️ Water Park Adventure | Little Angel Nursery Rhymes & Kid Songs,2026-08-29 12:30:40,PT3M10S,True,23285,54,0,2026-09-20 19:52:40
5Sr3hBTJEJI,UCvksjnr7kInzcIjMpJpqF2A,Jill the Mermaid vs. Baby John the Shark! 🧜‍♀️🦈 | Little Angel Nursery Rhymes & Kid Songs,2026-08-27 12:30:23,PT6M52S,True,123422,87,0,2026-09-20 19:52:40
amXAl91LrCI,UCvksjnr7kInzcIjMpJpqF2A,Baby John’s School Playground Beach Day! 🏖️ | Little Angel Nursery Rhymes & Kid Songs,2026-08-26 12:30:35,PT9M48S,True,145462,139,0,2026-09-20 19:52:40
PK_j_glNmSc,UCvksjnr7kInzcIjMpJpqF2A,Shh... Helping Baby John Fall Asleep! 😴🌙#BedtimeSong #LittleAngel,2026-08-25 12:30:14,PT58S,True,88238,963,0,2026-09-20 19:52:40
rKgsowR5b-Y,UCvksjnr7kInzcIjMpJpqF2A,Baby John to the Rescue! 🐢 Beach Day Adventure | Little Angel Kids Songs,2026-08-23 12:30:38,PT3M6S,True,69981,63,0,2026-09-20 19:52:40
p9vLfz2EouM,UCvksjnr7kInzcIjMpJpqF2A,POP Water Balloons & Learn Colors!🎈 #LittleAngel #LearnColors,2026-08-22 13:00:35,PT29S,True,49365,299,0,2026-09-20 19:52:40
-MNdnAI2Mbo,UCvksjnr7kInzcIjMpJpqF2A,Baby John's First Day of School! 🎒 Back to School 🏫 | Little Angel Nursery Rhymes & Kid Songs,2026-08-21 13:00:39,PT30M57S,True,63010,111,0,2026-09-20 19:52:40
cv_3UbJ33vU,UCvksjnr7kInzcIjMpJpqF2A,Baby John Learns Pool Safety Rules! 🌊 Little Angel Kids Songs,2026-08-19 12:30:01,PT11M24S,True,282812,250,0,2026-09-20 19:52:40
Sbi4qryqmBM,UCvksjnr7kInzcIjMpJpqF2A,Mermaid Summer Dress Up! 🧜‍♀️#LittleAngel #TreasureHunt,2026-08-18 12:30:32,PT40S,True,75155,403,0,2026-09-20 19:52:40
5HEPLn7z9Xo,UCvksjnr7kInzcIjMpJpqF2A,Baby John Gets Ready for School! 🎒 Back to School ⭐ | Little Angel Nursery Rhymes & Kid Songs,2026-08-17 13:00:03,PT6M28S,True,133357,77,0,2026-09-20 19:52:40
lVxigCyFm7c,UCvksjnr7kInzcIjMpJpqF2A,I Want to Be Just Like Mommy! 💖 👸🏻 #littleangel,2026-08-16 13:00:39,PT23S,True,103238,519,0,2026-09-20 19:52:40
jaIzsCZktX8,UCvksjnr7kInzcIjMpJpqF2A,Baby John’s Yummy Lunchbox Surprise! 🍱🥪 | Little Angel Nursery Rhymes & Kid Songs,2026-08-15 12:30:27,PT2M13S,True,135085,177,0,2026-09-20 19:52:40
U26RdO-Plew,UCvksjnr7kInzcIjMpJpqF2A,Jill’s First Day of School! 🎒 Back to School🚌  | Little Angel Kids Songs & Nursery Rhymes,2026-08-14 13:00:34,PT31M38S,True,42740,60,0,2026-09-20 19:52:40
g27rak0p0zw,UCvksjnr7kInzcIjMpJpqF2A,Baby John’s Shark Games at the Pool! 🦈🏊‍♂️ Little Angel Nursery Rhymes & Kid Songs,2026-08-13 12:30:11,PT7M28S,True,135119,92,0,2026-09-20 19:52:40
p-L676BrImE,UCvksjnr7kInzcIjMpJpqF2A,"Oh No, the Key Fell in the Water! Help Mermaid Jill! 🧜🏻‍♀️🗝️ #LittleAngel #Mermaid",2026-08-13 06:00:37,PT1M,True,49448,293,0,2026-09-20 19:52:40
qnpDAfExqxc,UCvksjnr7kInzcIjMpJpqF2A,Baby John’s Hot and Cold Beach Day! 🏖️ Little Angel Nursery Rhymes & Kid Songs,2026-08-12 12:30:07,PT10M24S,True,87110,104,0,2026-09-20 19:52:40
DfZprd7oess,UCvksjnr7kInzcIjMpJpqF2A,Look at Baby John’s Tiger Face Paint! 🎨 #littleangel #facepaint,2026-08-09 13:00:12,PT38S,True,98988,237,0,2026-09-20 19:52:40
ZzxrrLTyAcc,UCvksjnr7kInzcIjMpJpqF2A,Baby John Builds a Giant Sandcastle! 🏖️ Little Angel Kids Songs,2026-08-08 12:30:16,PT3M10S,True,69887,45,0,2026-09-20 19:52:40
9Zc5ft9V9aQ,UCvksjnr7kInzcIjMpJpqF2A,Baby John's Fresh Lemonade Stand! 🍋 Little Angel Kids Songs,2026-08-07 12:30:29,PT32M39S,True,447461,140,0,2026-09-20 19:52:40
QvzVHxIVTGc,UCvksjnr7kInzcIjMpJpqF2A,Baby John Learns to Swim! 🌊 | Let's Swim Like Baby Sharks | Little Angel Kids Songs,2026-08-05 12:30:06,PT10M7S,True,147020,37,0,2026-09-20 19:52:40
7aJbT0LamA4,UCvksjnr7kInzcIjMpJpqF2A,"Ew, So Yucky! Don't Eat That, Baby John! 🛑 #littleangel #BabyJohn",2026-08-04 13:00:29,PT28S,True,91336,603,0,2026-09-20 19:52:40
0EmFo19QcBo,UCvksjnr7kInzcIjMpJpqF2A,Baby John’s Splash Pad Adventure! 🏊🏻 Little Angel Kids Songs,2026-08-03 12:30:00,PT6M17S,True,482784,146,0,2026-09-20 19:52:40
cjFXX2k9JpA,UCvksjnr7kInzcIjMpJpqF2A,Animal Finger Family Puppets! 😺 International Cat Day | Little Angel Kids Songs,2026-08-02 17:00:06,PT3M17S,True,59714,42,0,2026-09-20 19:52:40
udKRed2cViw,UCvksjnr7kInzcIjMpJpqF2A,Which Color Ice Cream is Your Favorite? 🍧 #littleangel #LearnColors #Icecream,2026-08-01 13:00:28,PT15S,True,67711,308,0,2026-09-20 19:52:40
PCjjNUIZc58,UCvksjnr7kInzcIjMpJpqF2A,Baby John’s Giant Banana Split! 🍌🍨 | Little Angel Kid Songs,2026-07-31 12:30:12,PT30M33S,True,536656,105,0,2026-09-20 19:52:40
dmsn319pXoI,UCvksjnr7kInzcIjMpJpqF2A,Baby John’s Big Day at the Amusement Park! 🎡| Little Angel Nursery Rhymes & Kid Songs,2026-07-30 12:30:23,PT7M24S,True,82931,41,0,2026-09-20 19:52:40
CPnzlw2x95w,UCvksjnr7kInzcIjMpJpqF2A,Baby John’s Wildlife Adventure! 🦎🦅| Little Angel Nursery Rhymes,2026-07-29 12:30:07,PT10M57S,True,190382,64,0,2026-09-20 19:52:40
Xu6eqmbVrTU,UCvksjnr7kInzcIjMpJpqF2A,What is inside Baby John's backpack?! 🎒🤔 | #littleangel #BabyJohn #shorts,2026-07-28 17:00:40,PT24S,True,70467,387,0,2026-09-20 19:52:40
obXTm-0y5t8,UCvksjnr7kInzcIjMpJpqF2A,Cat Rescue 🚒 Baby John the Fireman! | Little Angel Nursery Rhymes,2026-07-26 17:00:40,PT3M16S,True,86606,42,0,2026-09-20 19:52:40
7IDPX7A1pV0,UCvksjnr7kInzcIjMpJpqF2A,Let's decorate sunglasses! 🎨🕶️ Easy 1-2-3 kids craft! | #littleangel #KidsDIY #EasyCrafts,2026-07-25 17:00:23,PT25S,True,75354,321,0,2026-09-20 19:52:40
_8O-flmpQ5I,UCvksjnr7kInzcIjMpJpqF2A,Baby John is Brave While Camping! 🏕️ | Little Angel Nursery Rhymes & Kid Songs,2026-07-23 12:30:33,PT30M26S,True,55835,92,0,2026-09-20 19:52:40
4pcSot1LAhk,UCtlth0w7_mYqpHPViMhQ99Q,Oddbods Superhero War! Who's the REAL Hero? 💥 | Oddbods Full Episode | Funny Cartoons for Kids,2026-09-20 17:00:24,PT7M40S,True,1588,30,0,2026-09-20 19:52:40
IVzeh7WSaig,UCtlth0w7_mYqpHPViMhQ99Q,Pogo's Growth Chamber FAIL! TOO TALL! 🤯 | Oddbods Full Episode | Funny Cartoons for Kids,2026-09-19 17:00:25,PT2H6M23S,True,29660,133,0,2026-09-20 19:52:40
UdZWoksVRuA,UCtlth0w7_mYqpHPViMhQ99Q,Oddbods Pumpkin Carving! #diy #oddbods #halloween,2026-09-18 11:30:07,PT25S,True,12666,124,0,2026-09-20 19:52:40
yutv1FvXaes,UCtlth0w7_mYqpHPViMhQ99Q,Jeff Forces Zee to Clean! 😱 It Gets Messy! | Oddbods Full Episode | Funny Cartoons for Kids,2026-09-17 17:00:05,PT49M32S,True,87628,368,0,2026-09-20 19:52:40
nV1aeU5MQpA,UCtlth0w7_mYqpHPViMhQ99Q,🟠 Oddbods LIVE Halloween Special! 🎃 Spooky Episodes 24/7 👻,2026-09-17 08:51:34,PT4H4S,True,35719,98,0,2026-09-20 19:52:40
v6P9siufQy8,UCtlth0w7_mYqpHPViMhQ99Q,Zombie Ice Cream Apocalypse! Panic! 🍦🧟 | Oddbods Full Episode | Funny Cartoons for Kids,2026-09-15 17:00:22,PT21M22S,True,21584,185,0,2026-09-20 19:52:40
c2278XHw80o,UCtlth0w7_mYqpHPViMhQ99Q,Watch What Happens To The Card! 😱🤭 #magic #oddbods,2026-09-14 11:30:24,PT21S,True,11027,97,0,2026-09-20 19:52:40
F45X5bd4cI4,UCtlth0w7_mYqpHPViMhQ99Q,They Made It Onto The 6PM News! 😱 | Oddbods Full Episode | Funny Cartoons for Kids,2026-09-13 17:00:15,PT7M41S,True,59221,379,0,2026-09-20 19:52:40
jffHE0UeNq0,UCtlth0w7_mYqpHPViMhQ99Q,Zee Fakes SICKNESS for Newt's Care! 🤒 | Oddbods Full Episode | Funny Cartoons for Kids,2026-09-12 17:00:16,PT2H6M23S,True,22233,150,0,2026-09-20 19:52:40
OTkXa7rtQME,UCtlth0w7_mYqpHPViMhQ99Q,How To Make Oddbods With Magic! #diy #forkids,2026-09-11 15:30:35,PT34S,True,18131,144,0,2026-09-20 19:52:40
f_HEYoYpbv8,UCtlth0w7_mYqpHPViMhQ99Q,Would You Like S'more? 🔥 | Oddbods Full Episode | Funny Cartoons for Kids,2026-09-10 17:00:29,PT42M18S,True,101346,542,0,2026-09-20 19:52:40
vhnXRl82PbE,UCtlth0w7_mYqpHPViMhQ99Q,Oddbods Puzzle! Can you complete it? #oddbods #diy #puzzle,2026-09-09 11:00:08,PT32S,True,213258,1303,0,2026-09-20 19:52:40
UMFUEE6dNrs,UCtlth0w7_mYqpHPViMhQ99Q,Rowdy! 🤠 | Oddbods Full Episode | Funny Cartoons for Kids,2026-09-08 17:00:36,PT21M24S,True,113113,579,0,2026-09-20 19:52:40
b6NsvGrXTWo,UCtlth0w7_mYqpHPViMhQ99Q,🔴 Always-On Oddbods 📺 Full Episodes 24/7! 😂 Funny Cartoon Marathon 😂,2026-09-07 16:23:59,PT1H59M52S,True,187091,422,0,2026-09-20 19:52:40
oox0q_Dmcpc,UCtlth0w7_mYqpHPViMhQ99Q,Can You Paint Pogo Like This? #oddbods #diy,2026-09-07 11:00:37,PT26S,True,57776,606,0,2026-09-20 19:52:40
ttI0uJJQrH4,UCtlth0w7_mYqpHPViMhQ99Q,Strictly No Dancing | Oddbods Full Episode | Funny Cartoons for Kids,2026-09-06 17:00:08,PT7M40S,True,14724,114,0,2026-09-20 19:52:40
jVyjcZizfLU,UCtlth0w7_mYqpHPViMhQ99Q,Bubbles' Experimental Melons! Don't Eat Them! 🤯 | Oddbods Full Episode | Funny Cartoons for Kids,2026-09-05 17:00:27,PT2H6M6S,True,59037,199,0,2026-09-20 19:52:40
cSgeC2o9ZsY,UCtlth0w7_mYqpHPViMhQ99Q,What Animal Is Pogo laughing At? 😱  #oddbods #art,2026-09-04 11:30:26,PT23S,True,34388,260,0,2026-09-20 19:52:40
DyWUTz2LRrU,UCtlth0w7_mYqpHPViMhQ99Q,Slick's Magic Show! 🪄🎩 | Oddbods Full Episode | Funny Cartoons for Kids,2026-09-03 17:00:31,PT49M9S,True,39795,167,0,2026-09-20 19:52:40
1tMUyXZgwWA,UCtlth0w7_mYqpHPViMhQ99Q,Oddbods Taking Presents Early 👀  #oddbods,2026-09-02 11:30:33,PT37S,True,74698,969,0,2026-09-20 19:52:40
JtfL0fQ7Td8,UCtlth0w7_mYqpHPViMhQ99Q,Zee's Slice of Heaven 🍕 | Oddbods Full Episode | Funny Cartoons for Kids,2026-09-01 17:00:38,PT21M39S,True,107879,565,0,2026-09-20 19:52:40
hEPEWRZXCVc,UCtlth0w7_mYqpHPViMhQ99Q,Crafting Oddbod Slick #diy #oddbods,2026-08-31 11:00:22,PT14S,True,62031,458,0,2026-09-20 19:52:40
8zPyWNaGaNY,UCtlth0w7_mYqpHPViMhQ99Q,Jeff's Straw-some Detective Fail 😂🕵️ | Oddbods Full Episode | Funny Cartoons for Kids,2026-08-30 17:00:26,PT7M40S,True,36440,198,0,2026-09-20 19:52:40
1SL4CWClDcM,UCtlth0w7_mYqpHPViMhQ99Q,Pogo Clones Himself! DOUBLE Prank Trouble! 😈| Oddbods Full Episode | Funny Cartoons for Kids,2026-08-29 17:00:30,PT2H5M40S,True,24211,155,0,2026-09-20 19:52:40
icVQXlU0iEs,UCtlth0w7_mYqpHPViMhQ99Q,The Botez Gambit #chess #oddbods,2026-08-28 17:00:27,PT17S,True,35805,249,0,2026-09-20 19:52:40
S0hRJvEoxpw,UCtlth0w7_mYqpHPViMhQ99Q,Hypnobod | Oddbods Full Episode | Funny Cartoons for Kids,2026-08-27 17:00:27,PT42M8S,True,56561,306,0,2026-09-20 19:52:40
TbBqDNsZsng,UCtlth0w7_mYqpHPViMhQ99Q,Crafting Oddbod Pogo! #diy #oddbods,2026-08-26 11:00:37,PT17S,True,57162,394,0,2026-09-20 19:52:40
27SAk3rHgsE,UCtlth0w7_mYqpHPViMhQ99Q,Newt Tries to Help Fuse... It Gets WORSE! 🤦‍♀️💥 | Oddbods Full Episode | Funny Cartoons for Kids,2026-08-25 17:00:03,PT21M37S,True,145411,548,0,2026-09-20 19:52:40
syaAxccmqNc,UCtlth0w7_mYqpHPViMhQ99Q,Crafting Oddbod Zee! #diy #oddbods,2026-08-24 11:00:25,PT17S,True,58107,427,0,2026-09-20 19:52:40
pVkQ93QDKqY,UCtlth0w7_mYqpHPViMhQ99Q,Slick The Accidental Hero?! 🦸‍♂️🤫 | Oddbods Full Episode | Funny Cartoons for Kids,2026-08-23 17:00:01,PT7M40S,True,81296,304,0,2026-09-20 19:52:40
Je3s8PnVAls,UCtlth0w7_mYqpHPViMhQ99Q,Oddbods Glamping vs Wild Camping Showdown! 😂🏕️ | Oddbods Full Episode | Funny Cartoons for Kids,2026-08-22 17:00:03,PT2H6M24S,True,14580,83,0,2026-09-20 19:52:40
an0k-QC73NE,UCtlth0w7_mYqpHPViMhQ99Q,An Easy 8 Points #chess #oddbods,2026-08-21 17:00:30,PT22S,True,38871,311,0,2026-09-20 19:52:40
nNNP2iRt61A,UCtlth0w7_mYqpHPViMhQ99Q,Slick's DOUBLE Date Disaster! 😱🤫 | Oddbods Full Episode | Funny Cartoons for Kids,2026-08-20 17:00:15,PT42M33S,True,147741,324,0,2026-09-20 19:52:40
Qp_AYrygDM4,UCtlth0w7_mYqpHPViMhQ99Q,Halloween Pumpkin Carving Oddbod #oddbods,2026-08-19 11:00:29,PT25S,True,48322,323,0,2026-09-20 19:52:40
vQk1drG5fhU,UCtlth0w7_mYqpHPViMhQ99Q,Bubbles is a BABY! Jeff's Messy Mistake 👶🍼 | Oddbods Full Episode | Funny Cartoons for Kids,2026-08-18 17:00:20,PT21M37S,True,112830,271,0,2026-09-20 19:52:40
oupo4y_sqss,UCtlth0w7_mYqpHPViMhQ99Q,Who's Stealing While They Sleep? 🕵️‍♀️ | Oddbods Full Episode | Funny Cartoons for Kids,2026-08-16 17:00:04,PT7M40S,True,190288,369,0,2026-09-20 19:52:40
FAzri_9fUaE,UCtlth0w7_mYqpHPViMhQ99Q,Fuse Can't Ride a Bike?! 😱 Newt's Secret Mission! 😜🚴‍♂️ | Oddbods Full Episode | Funny Cartoons,2026-08-15 17:00:10,PT2H6M14S,True,107226,232,0,2026-09-20 19:52:40
OKU0MeHxISg,UCtlth0w7_mYqpHPViMhQ99Q,Oddbod Magic! #oddbods,2026-08-14 11:00:37,PT21S,True,35439,207,0,2026-09-20 19:52:40
n20lUtzvBcA,UCtlth0w7_mYqpHPViMhQ99Q,Fuse Tries to Be CALM! 🥸  His BIG Transformation! | Oddbods Full Episode | Funny Cartoons for Kids,2026-08-13 17:00:05,PT42M33S,True,373864,1087,0,2026-09-20 19:52:40
s5hXK6eoTKY,UCtlth0w7_mYqpHPViMhQ99Q,Making Pogo Out Of Candy! #oddbods,2026-08-12 11:00:28,PT34S,True,37177,275,0,2026-09-20 19:52:40
Px--_nMww1o,UCtlth0w7_mYqpHPViMhQ99Q,Zee Fakes SICKNESS for Newt's Care! 🤒 | Oddbods Full Episode | Funny Cartoons for Kids,2026-08-11 17:00:23,PT21M37S,True,484965,765,0,2026-09-20 19:52:40
SsbF753wEb8,UCtlth0w7_mYqpHPViMhQ99Q,Oddbods Party Puzzle #oddbods,2026-08-10 11:00:01,PT32S,True,54211,314,0,2026-09-20 19:52:40
Bd9hLppsIxA,UCtlth0w7_mYqpHPViMhQ99Q,Zee Found OIL! 🤑 Will Money Ruin Friendships? | Oddbods Full Episode | Funny Cartoons for Kids,2026-08-09 17:00:15,PT8M41S,True,51439,95,0,2026-09-20 19:52:40
zTbp347I1eA,UCtlth0w7_mYqpHPViMhQ99Q,Spooky Shadow Puppet #oddbods,2026-08-07 11:00:33,PT23S,True,72800,571,0,2026-09-20 19:52:40
ijAoO9Mbr38,UCtlth0w7_mYqpHPViMhQ99Q,Art Class BATTLE! Jeff vs. Pogo! 🎨🔥 | Oddbods Full Episode | Funny Cartoons for Kids,2026-08-06 17:00:15,PT42M33S,True,104209,174,0,2026-09-20 19:52:40
JMpRfSayz-U,UCtlth0w7_mYqpHPViMhQ99Q,How To Draw Pogo At Home! #diy #oddbods #art,2026-08-05 11:15:13,PT26S,True,72073,535,0,2026-09-20 19:52:40
7RLOOXpTea0,UCtlth0w7_mYqpHPViMhQ99Q,Slick's New Robot Friend Went EVIL! 🤖💔 | Oddbods Full Episode | Funny Cartoons for Kids,2026-08-04 17:00:02,PT21M37S,True,61288,203,0,2026-09-20 19:52:40
KTOklskEjhI,UCtlth0w7_mYqpHPViMhQ99Q,"Run, Oddbods, Run! #oddbods",2026-08-03 17:00:17,PT31S,True,64906,437,0,2026-09-20 19:52:40
baVHWFM-8r0,UCtlth0w7_mYqpHPViMhQ99Q,Invisible Pogo! GHOST Pranks GONE WILD! 👻| Oddbods Full Episode | Funny Cartoons for Kids,2026-08-02 17:00:06,PT7M40S,True,40471,166,0,2026-09-20 19:52:40
t4nzhOVcoso,UCtlth0w7_mYqpHPViMhQ99Q,Paper Craft Zee  #oddbods #diy,2026-07-31 11:00:14,PT17S,True,66707,365,0,2026-09-20 19:52:40
vZ1FkA8FWt4,UChULBXQf9VDYAi3vRLu_U-w,Rainy Day Rescue! Can Gecko Fix Green? 🌧️⚡ #Shorts #GeckosGarage,2026-09-20 10:00:10,PT26S,True,1479,7,0,2026-09-20 19:52:40
X6mHkjrFrLk,UChULBXQf9VDYAi3vRLu_U-w,Blue's Back To School Blues | Gecko's Garage | Trucks For Children | Cartoons For Kids,2026-09-19 10:00:32,PT30M19S,True,5340,10,0,2026-09-20 19:52:40
_mQKxR6LQXg,UChULBXQf9VDYAi3vRLu_U-w,OH NO! Gecko is SICK! 🤒 Gecko's Garage LIVE 🔴 Vehicle Rescue & Truck Cartoons,2026-09-18 10:45:03,P0D,True,6277,18,0,2026-09-20 19:52:40
Jgzrg_QsEfU,UChULBXQf9VDYAi3vRLu_U-w,Gecko is Stuck on the Roof of Bobby the Bus! 🚌😲 #Shorts,2026-09-18 10:00:14,PT44S,True,5770,43,0,2026-09-20 19:52:40
c4bMc0ARoE4,UChULBXQf9VDYAi3vRLu_U-w,Dig & Build with Eric the Excavator! 🛠️🏗️ Sing-Along #Shorts #Songsforkids,2026-09-16 10:00:31,PT27S,True,7889,44,0,2026-09-20 19:52:40
Fi3lpoD1wN4,UChULBXQf9VDYAi3vRLu_U-w,The Runaway Truck Tire! 🛞💨 Gecko's Garage | Trucks For Children | Cartoons For Kids,2026-09-15 10:00:10,PT30M7S,True,10459,26,0,2026-09-20 19:52:40
y1qlL7Skwo8,UChULBXQf9VDYAi3vRLu_U-w,Eric the Excavator's Wrecking Ball Bounce! 🏗️💥 #Shorts,2026-09-13 10:00:17,PT19S,True,8303,59,0,2026-09-20 19:52:40
U8As7VJ8Uss,UChULBXQf9VDYAi3vRLu_U-w,Eric the Excavator's GIANT Wrecking Ball | Gecko's Garage | Trucks For Children | Cartoons For Kids,2026-09-12 10:00:04,PT14M58S,True,17543,60,0,2026-09-20 19:52:40
_a2V__beSIs,UChULBXQf9VDYAi3vRLu_U-w,Oh No! Overheating Baby Truck Needs a Fix! 🌡️🚗 #Shorts,2026-09-11 10:00:11,PT51S,True,10965,89,0,2026-09-20 19:52:40
LQ-n4a192JE,UChULBXQf9VDYAi3vRLu_U-w,Meet Baby Truck at Gecko's Garage! 🚜✨ #Shorts #Cartoons,2026-09-09 10:00:08,PT56S,True,14970,100,0,2026-09-20 19:52:40
Zo8M-nF086M,UChULBXQf9VDYAi3vRLu_U-w,Mama Recycle Crash & Fix-Up! ♻️🚛 Gecko's Garage | Trucks For Children | Cartoons For Kids,2026-09-08 10:00:25,PT1H1M45S,True,30176,64,0,2026-09-20 19:52:40
4fKUBON3x8M,UChULBXQf9VDYAi3vRLu_U-w,Super Car Wash Time for Baby Truck! 🧼🛞 #Shorts #Geckosgarage,2026-09-06 10:00:04,PT54S,True,16765,111,0,2026-09-20 19:52:40
X8YXI_BME78,UChULBXQf9VDYAi3vRLu_U-w,Zig Zag Bobby the Bus! 🚌💥 Gecko's Garage | Trucks For Children | Cartoons For Kids,2026-09-05 10:00:31,PT15M18S,True,21830,25,0,2026-09-20 19:52:40
p1Z2cAk53pc,UChULBXQf9VDYAi3vRLu_U-w,Gecko to the Rescue for Fiona Fire Truck! 🧰 #Shorts #Geckosgarage #Trucks,2026-09-04 10:00:31,PT36S,True,10138,53,0,2026-09-20 19:52:40
FO-lDZhM5Vw,UChULBXQf9VDYAi3vRLu_U-w,Balloons Rescue Mission with Fiona Fire Truck! 🚒 #Shorts #Geckosgarage,2026-09-02 10:00:34,PT31S,True,10479,75,0,2026-09-20 19:52:40
nbUYMpJr_N0,UChULBXQf9VDYAi3vRLu_U-w,Trevor the Tractor's Broken Gears! 🚜⚙️ Gecko's Garage | Trucks For Children | Cartoons For Kids,2026-09-01 10:00:36,PT1H1M57S,True,25041,65,0,2026-09-20 19:52:40
nplgf9N8onE,UChULBXQf9VDYAi3vRLu_U-w,Monster Truck Stuck at the Construction Site! 🏗️ #Shorts #Geckosgarage #Trucks,2026-08-30 10:00:08,PT43S,True,19032,103,0,2026-09-20 19:52:40
ejo2ZcwQ9u8,UChULBXQf9VDYAi3vRLu_U-w,Mummy Truck to the Rescue! 🛟🚛 | Gecko's Garage | Trucks For Children | Cartoons For Kids,2026-08-29 10:00:01,PT31M50S,True,20967,37,0,2026-09-20 19:52:40
r-c9BN5x1pg,UChULBXQf9VDYAi3vRLu_U-w,Awesome Monster Truck Makeover! 🚜 #Shorts #Geckosgarage,2026-08-28 10:00:28,PT15S,True,11232,51,0,2026-09-20 19:52:40
8dM-FQIvmW8,UChULBXQf9VDYAi3vRLu_U-w,Trucks Play American Football! 🏈 Teamwork | Gecko's Garage #Shorts,2026-08-26 10:00:19,PT13S,True,12681,64,0,2026-09-20 19:52:40
gveZHMd1nSA,UChULBXQf9VDYAi3vRLu_U-w,Eric the Excavator's Big Check-Up! 🚜🔧 | Gecko's Garage | Trucks For Children | Cartoons For Kids,2026-08-25 11:00:28,PT16M24S,True,29430,41,0,2026-09-20 19:52:40
QhSjAEx5m0U,UChULBXQf9VDYAi3vRLu_U-w,Clumsy Baby Truck's Funniest Moments! 😄🛻 Gecko's Garage #Shorts,2026-08-23 10:00:31,PT28S,True,28154,123,0,2026-09-20 19:52:40
LwxBvrWwVuM,UChULBXQf9VDYAi3vRLu_U-w,Grandma is EPIC | Gecko's Garage | Trucks For Children | Cartoons For Kids,2026-08-22 10:00:22,PT59M47S,True,25613,30,0,2026-09-20 19:52:40
SmZhd7etCN0,UChULBXQf9VDYAi3vRLu_U-w,Sing Along: Baby Truck Where Are You? | Gecko's Garage #Shorts,2026-08-21 10:00:36,PT17S,True,13936,65,0,2026-09-20 19:52:40
OruYCx34sLI,UChULBXQf9VDYAi3vRLu_U-w,Rain Rain Go Away! ☔ Truck Song for Kids | Gecko's Garage #Shorts,2026-08-19 10:00:04,PT19S,True,16017,79,0,2026-09-20 19:52:40
SCkulz5CNV0,UChULBXQf9VDYAi3vRLu_U-w,Trash Treasure Hunt | Gecko's Garage | Trucks For Children | Cartoons For Kids,2026-08-18 10:00:24,PT32M16S,True,28202,33,0,2026-09-20 19:52:40
QWb_qOzSON0,UChULBXQf9VDYAi3vRLu_U-w,Max the Monster Truck Song! 🏆🛻 Gecko's Garage #Shorts,2026-08-16 10:00:18,PT32S,True,15844,90,0,2026-09-20 19:52:40
z12KEcIJ6wg,UChULBXQf9VDYAi3vRLu_U-w,Monster Truck Rescue | Gecko's Garage | Trucks For Children | Cartoons For Kids,2026-08-15 10:00:14,PT1H56S,True,61577,42,0,2026-09-20 19:52:40
1hGiiy3a-p8,UChULBXQf9VDYAi3vRLu_U-w,5 Little Buses! 🚌 Nursery Rhyme | Gecko's Garage #Shorts,2026-08-14 10:00:21,PT22S,True,128308,418,0,2026-09-20 19:52:40
D4u8bpwGzZY,UChULBXQf9VDYAi3vRLu_U-w,Bobby the Bus Needs the Doctor! 🚑 Clumsy Bobby! #Shorts #GeckosGarage,2026-08-12 10:00:14,PT26S,True,46178,164,0,2026-09-20 19:52:40
5OA9xcQ-4lU,UChULBXQf9VDYAi3vRLu_U-w,Superhero Day | Gecko's Garage | Trucks For Children | Cartoons For Kids,2026-08-11 10:00:25,PT31M41S,True,37412,34,0,2026-09-20 19:52:40
rQrVJZnDCjg,UChULBXQf9VDYAi3vRLu_U-w,Can You Count 5 Little Buses? 🚌🔢 Count with Gecko! #Shorts #GeckosGarage,2026-08-09 10:00:36,PT15S,True,193218,435,0,2026-09-20 19:52:40
o071HqpeLso,UChULBXQf9VDYAi3vRLu_U-w,The Ultimate Dump Truck Slide 🛝 Gecko's Garage | Trucks For Children | Cartoons For Kids,2026-08-08 10:00:20,PT1H21M45S,True,39359,21,0,2026-09-20 19:52:40
4ig7_xQmdsI,UChULBXQf9VDYAi3vRLu_U-w,Bumper Boo Boo Battle at the Garage! 💥🥳 #Shorts #GeckosGarage,2026-08-07 10:00:19,PT33S,True,21024,101,0,2026-09-20 19:52:40
hKOoCUT_Lgo,UChULBXQf9VDYAi3vRLu_U-w,BEEP BEEP! 🔊 The Horn on the Bus Goes Beep! #Shorts #GeckosGarage,2026-08-05 10:00:07,PT39S,True,91527,282,0,2026-09-20 19:52:40
BTHGAyMDPB8,UChULBXQf9VDYAi3vRLu_U-w,Muddy Baby Truck Mix Up 🛻 Gecko's Garage | Trucks For Children | Cartoons For Kids,2026-08-04 10:00:24,PT16M16S,True,129610,65,0,2026-09-20 19:52:40
V8RMT-tIHZ0,UChULBXQf9VDYAi3vRLu_U-w,Where is Bobby the Bus?! 🚌 Gecko Needs Help! #Shorts #GeckosGarage,2026-08-02 10:00:14,PT17S,True,128213,293,0,2026-09-20 19:52:40
tbted37zjhE,UChULBXQf9VDYAi3vRLu_U-w,Monster Truck Colour Transformation 💅💄 Gecko's Garage | Trucks For Children | Cartoons For Kids,2026-08-01 10:00:24,PT1H22M4S,True,51661,43,0,2026-09-20 19:52:40
Cla3aRg4fVE,UChULBXQf9VDYAi3vRLu_U-w,The Wheels on Bobby's Bus Go Round! 🚌🎵 Sing Along! #Shorts #GeckosGarage,2026-07-31 10:00:15,PT27S,True,113593,333,0,2026-09-20 19:52:40
5C9YmzO5Es8,UChULBXQf9VDYAi3vRLu_U-w,Max & Molly Mudbath 🛀 Gecko's Garage | Trucks For Children | Cartoons For Kids,2026-07-30 10:00:24,PT30M34S,True,52525,56,0,2026-09-20 19:52:40
Oh1ErVpQH0E,UChULBXQf9VDYAi3vRLu_U-w,Oh No! Monster Truck Has a Boo Boo! 😢🔧 #Shorts #GeckosGarage,2026-07-29 10:00:23,PT30S,True,58003,172,0,2026-09-20 19:52:40
a1piWOdwiY0,UChULBXQf9VDYAi3vRLu_U-w,Baby Truck Space Rocket Playtime 🚀 Gecko's Garage | Trucks For Children | Cartoons For Kids,2026-07-28 10:00:32,PT16M19S,True,42428,43,0,2026-09-20 19:52:40
-8uQVUXkQI8,UChULBXQf9VDYAi3vRLu_U-w,Stuck on the Bus 🚌 Gecko's Garage | Trucks For Children | Cartoons For Kids,2026-07-26 10:00:18,PT30M45S,True,59083,94,0,2026-09-20 19:52:40
eCWrJzg4G0A,UChULBXQf9VDYAi3vRLu_U-w,The BEST Garage Party Ever! 🤩🚌 Wheels on the Bus! #Shorts #GeckosGarage,2026-07-25 10:00:05,PT25S,True,123612,485,0,2026-09-20 19:52:40
fPyoeqws4pM,UChULBXQf9VDYAi3vRLu_U-w,Gecko's Robots Go Haywire! 🤖⚙️ Can He Fix Them? #Shorts,2026-07-24 10:00:07,PT16S,True,26689,97,0,2026-09-20 19:52:40
6TVoMAXqTgI,UChULBXQf9VDYAi3vRLu_U-w,The BEST Car Wash Ever! 🚗💦 Gecko Cleans Up! #Shorts,2026-07-22 10:00:34,PT23S,True,193905,552,0,2026-09-20 19:52:40
9GCx-M3E8Og,UChULBXQf9VDYAi3vRLu_U-w,Molly Lost her Teddy Bear 🧸 Gecko's Garage | Trucks For Children | Cartoons For Kids,2026-07-21 10:00:06,PT1H21M53S,True,34308,49,0,2026-09-20 19:52:40
c3MF9sQV0bI,UChULBXQf9VDYAi3vRLu_U-w,It's Raining at the Garage! 🌧️☔ What Will Gecko Do? #Shorts,2026-07-19 10:00:17,PT21S,True,221773,891,0,2026-09-20 19:52:40
bgtA_JJFiXk,UChULBXQf9VDYAi3vRLu_U-w,Hide and Seek Challenge 🫣 Gecko's Garage | Trucks For Children | Cartoons For Kids,2026-07-18 10:00:00,PT59M54S,True,63950,67,0,2026-09-20 19:52:40
JS9JtYk4tk4,UChULBXQf9VDYAi3vRLu_U-w,Five Little Buses! 🚌🎵 Count Along with Gecko! #Shorts,2026-07-17 10:00:36,PT15S,True,58795,230,0,2026-09-20 19:52:40
_NfvKgreJ4g,UCcdwLMPsaU2ezNSJU1nFoBQ,"🧟 Johny Johny, Yes Monster | Yes Papa Song | Pinkfong Halloween Songs",2026-09-19 23:00:40,PT13M2S,True,59976,163,0,2026-09-20 19:52:40
OZg_TmnpDMg,UCcdwLMPsaU2ezNSJU1nFoBQ,[🚨NEW] Run Away from Spooky Monsters! | @SuperRescueTeam Compilation | Pinkfong Official,2026-09-17 23:00:04,PT6M41S,True,138116,233,0,2026-09-20 19:52:40
8WowTvsLYik,UCcdwLMPsaU2ezNSJU1nFoBQ,🌎 World Globe ASMR 🌊 What Does the Ocean Sound Like? #learnthroughplay #interactivelearning,2026-09-16 23:00:36,PT22S,True,140663,1140,0,2026-09-20 19:52:40
_YewAgbcfx4,UCcdwLMPsaU2ezNSJU1nFoBQ,It's a Big Big Bad Wolf 🐺 | Fairy Tales for Kids | Pinkfong,2026-09-15 23:00:13,PT31M13S,True,374584,571,0,2026-09-20 19:52:40
m3LLiBF-tQo,UCcdwLMPsaU2ezNSJU1nFoBQ,"We dance when the beat drops 😎 Meet Hoi & Poi! And of course, our #pinkfong too 💖",2026-09-13 23:00:06,PT12S,True,252323,2022,0,2026-09-20 19:52:40
3o9Bcf8fUCc,UCcdwLMPsaU2ezNSJU1nFoBQ,🦈🐵 Colorful Baby Shark and Monkey | Learn Colors with Hoi | Pinkfong Official,2026-09-12 23:00:26,PT8M40S,True,475158,453,0,2026-09-20 19:52:40
Q_BMcLDzaVo,UCcdwLMPsaU2ezNSJU1nFoBQ,[🚨NEW] Can You Help My Boo-Boo? | Boo Boo Song with @SuperRescueTeam | Pinkfong Official,2026-09-10 23:00:29,PT8M45S,True,210809,442,0,2026-09-20 19:52:40
qeuf5WBArE8,UCcdwLMPsaU2ezNSJU1nFoBQ,👂Pay Close Attention to the Sound! What Do You Hear? #sensoryplay,2026-09-09 23:00:09,PT14S,True,423325,3320,0,2026-09-20 19:52:40
DPE5da1uEUU,UCcdwLMPsaU2ezNSJU1nFoBQ,[Best of the Best] T-Rex Special Compilation 🦖 | 3 Hours of Dinosaur Fun | Pinkfong Official,2026-09-08 23:00:02,PT3H1M43S,True,335789,334,0,2026-09-20 19:52:40
oenAXteqLDs,UCcdwLMPsaU2ezNSJU1nFoBQ,Blow the Candle and @Pinkfong's Colors Changes?! #happybirthday #pinkfong #september #6th,2026-09-06 23:00:15,PT17S,True,320709,2731,0,2026-09-20 19:52:40
Kd36PeYHDfg,UCcdwLMPsaU2ezNSJU1nFoBQ,Hoi is not scared to dance! | Freeze Dance Along | Pinkfong Official,2026-09-05 23:00:34,PT16M12S,True,505351,641,0,2026-09-20 19:52:40
zfzyd_HD1xo,UCcdwLMPsaU2ezNSJU1nFoBQ,Happy Birthday Pinkfong 🥳 We Love You! #september #6th,2026-09-04 23:00:03,PT16S,True,285542,2558,0,2026-09-20 19:52:40
KQo-oMPXfDE,UCcdwLMPsaU2ezNSJU1nFoBQ,[🚨NEW] Learn Road Safety with @SuperRescueTeam | Wheels on the School Bus | Pinkfong Official,2026-09-03 23:00:04,PT6M30S,True,370853,318,0,2026-09-20 19:52:40
0xJh0Wr9U7M,UCcdwLMPsaU2ezNSJU1nFoBQ,☀️Help Baby Shark cool down this hot summer! #learncolors,2026-09-02 23:00:10,PT26S,True,300677,2804,0,2026-09-20 19:52:40
XzR9ov098Mg,UCcdwLMPsaU2ezNSJU1nFoBQ,Looking for Birthday Songs for Kids? | Fun Party Songs & Brain Breaks | Pinkfong Official,2026-09-01 23:00:01,PT1H42M40S,True,480071,595,0,2026-09-20 19:52:40
Ebz9XG7XEx0,UCcdwLMPsaU2ezNSJU1nFoBQ,It’s Pinkfong’s Birthday Month🎂 Happy Birthday Pinkfong🩷 #september #birthdaysong #hoi,2026-08-30 23:00:01,PT17S,True,398638,3437,0,2026-09-20 19:52:40
58WoYXUYah0,UCcdwLMPsaU2ezNSJU1nFoBQ,Boo Boo Song More and More | Hoi's Playground | Pinkfong Official,2026-08-29 23:00:35,PT8M30S,True,4649419,2686,0,2026-09-20 19:52:40
oBIX3NOGxnI,UCcdwLMPsaU2ezNSJU1nFoBQ,[🚨NEW] Fire Truck to the Rescue | @SuperRescueTeam Compilation | Pinkfong Official,2026-08-27 23:00:27,PT10M9S,True,404375,406,0,2026-09-20 19:52:40
OOY8-WHR7sw,UCcdwLMPsaU2ezNSJU1nFoBQ,What color is baby shark? 👀 #happysharkmonth #august #learncolors,2026-08-26 23:00:20,PT42S,True,290633,2816,0,2026-09-20 19:52:40
QuGByRrGQBQ,UCcdwLMPsaU2ezNSJU1nFoBQ,English Class for Toddlers (0-3 Years) | Learn First Words & ABCs | Pinkfong Official,2026-08-25 23:00:34,PT59M30S,True,255340,355,0,2026-09-20 19:52:40
YD7ERnmHsvE,UCcdwLMPsaU2ezNSJU1nFoBQ,🚂 Do the Cho Cho Train Dance and Help the Train Go Up the Hills! #hellomelody #learntodance,2026-08-23 23:00:26,PT2M10S,True,461523,5769,0,2026-09-20 19:52:40
QK3fxCCT9yU,UCcdwLMPsaU2ezNSJU1nFoBQ,Dance Along with Baby Monkey 🐵 | Monkey Banana Remix | Pinkfong Official,2026-08-22 23:00:15,PT6M7S,True,2889282,2125,0,2026-09-20 19:52:40
UYouag-qVuY,UCcdwLMPsaU2ezNSJU1nFoBQ,Swim swim swim through the obstacles! We can do this! #happysharkmonth #august,2026-08-21 23:00:15,PT32S,True,597531,6761,0,2026-09-20 19:52:40
3tGwOyLPyrU,UCcdwLMPsaU2ezNSJU1nFoBQ,[🚨NEW] Eeh Ooh! Catch the Thieves! | @SuperRescueTeam Compilation | Pinkfong Official,2026-08-20 23:00:31,PT6M34S,True,529765,378,0,2026-09-20 19:52:40
Nn3xWy5S9Cs,UCcdwLMPsaU2ezNSJU1nFoBQ,Happy Shark Month! 🦈 Learn the ABCs with Baby Shark Doo Doo Doo! #august #sharkmonth,2026-08-19 23:00:20,PT31S,True,1552879,11589,0,2026-09-20 19:52:40
5aO1MzkRRaA,UCcdwLMPsaU2ezNSJU1nFoBQ,[BEST 26] Kids’ Favorite Baby Shark Dance Songs | August Shark Month Special | Pinkfong Official,2026-08-18 23:00:33,PT39M57S,True,937787,543,0,2026-09-20 19:52:40
GX6vhEixkLc,UCcdwLMPsaU2ezNSJU1nFoBQ,Move & Groove to the Monkey Banana Song with Melody 🐒 #hellomelody #learntodance,2026-08-16 23:00:22,PT2M40S,True,1334478,13202,0,2026-09-20 19:52:40
w8ttk0Msa90,UCcdwLMPsaU2ezNSJU1nFoBQ,Ready for Your First Concert? 🎵✨ #pinkfong #babyshark #myfirstconcert #uktheatre #kidsconcertuk,2026-08-16 07:00:33,PT45S,True,54981,467,0,2026-09-20 19:52:40
gsN0DaxECdU,UCcdwLMPsaU2ezNSJU1nFoBQ,Where Is Baby Shark’s Tail? | August Shark Month Special | Pinkfong Official,2026-08-15 23:00:16,PT3M16S,True,1252540,900,0,2026-09-20 19:52:40
CUPJEtxN6iU,UCcdwLMPsaU2ezNSJU1nFoBQ,🎵My First Concert Live! l  Pinkfong & Baby Shark | UK & Ireland Tour ✨ | Pinkfong Official,2026-08-15 07:00:31,PT55S,True,23063,10,0,2026-09-20 19:52:40
zgfvooa05wc,UCcdwLMPsaU2ezNSJU1nFoBQ,⌨️ Let’s Do Sensory Play with a Keyboard! #motorskills #tactileplay #sensoryactivity,2026-08-12 23:00:31,PT18S,True,646636,5387,0,2026-09-20 19:52:40
cDSNNR-9Uec,UCcdwLMPsaU2ezNSJU1nFoBQ,[Best of the Best] Play Hide & Seek with Baby Shark | Brain Teasers for Kids | Pinkfong Official,2026-08-11 23:00:32,PT2H2M19S,True,873539,258,0,2026-09-20 19:52:40
UZCiGPiLE0I,UCcdwLMPsaU2ezNSJU1nFoBQ,Where is the Shark Family hiding? 🖐️Sing the Shark Finger Family Song to find them! #hellomelody,2026-08-09 23:00:38,PT2M58S,True,1139484,9470,0,2026-09-20 19:52:40
hvhT1JX0YUQ,UCcdwLMPsaU2ezNSJU1nFoBQ,What Color Is Baby Shark?🌈 | Fun Color Learning for Kids | Pinkfong Official,2026-08-08 23:00:34,PT10M42S,True,926791,281,0,2026-09-20 19:52:40
0iBkJfK2JOs,UCcdwLMPsaU2ezNSJU1nFoBQ,Hospitals Help You Feel Better! #kidslearning #kidseducation,2026-08-05 23:00:03,PT32S,True,1524106,6615,0,2026-09-20 19:52:40
MDUT727JZ5s,UCcdwLMPsaU2ezNSJU1nFoBQ,Visit Doctor Baby Shark When You’re Sick 🩺 | Boo Boo Song & Healthy Habits | Pinkfong Official,2026-08-04 23:00:07,PT1H6M44S,True,1434842,580,0,2026-09-20 19:52:40
Fc371LglkNo,UCcdwLMPsaU2ezNSJU1nFoBQ,Can you make shapes with your hands? 🫶 Do the shape dance with Melody #hellomelody,2026-08-02 23:00:24,PT1M58S,True,805548,4459,0,2026-09-20 19:52:40
25NdXBbMhfs,UCcdwLMPsaU2ezNSJU1nFoBQ,Ninimo's Best Kids Songs | Orange Cat Ninimo | Pinkfong Official,2026-08-01 23:00:06,PT8M4S,True,631727,517,0,2026-09-20 19:52:40
n2herQTM8r8,UCcdwLMPsaU2ezNSJU1nFoBQ,🤕 🩹 Boo Boo Song (Part2) | Hospital Play | Hoi's Playground | Pinkfong Official,2026-07-31 23:00:26,PT4M40S,True,3906945,1744,0,2026-09-20 19:52:40
w0Q6jqiXCCo,UCcdwLMPsaU2ezNSJU1nFoBQ,What do you need before you go swimming? 🏊 #watersafety,2026-07-30 12:00:04,PT22S,True,1841091,10643,0,2026-09-20 19:52:40
dBIyGPrd9D8,UCcdwLMPsaU2ezNSJU1nFoBQ,Share the Love💖 (Sing with Friends!) | International Friendship Day Special | Pinkfong Official,2026-07-29 23:00:36,PT2M19S,True,937558,590,0,2026-09-20 19:52:40
9LMaktL8ctg,UCcdwLMPsaU2ezNSJU1nFoBQ,Pause to decide what to do with your friends! 🎲 #friendshipday,2026-07-29 23:00:19,PT17S,True,877568,6150,0,2026-09-20 19:52:40
vITj8si4RQk,UCcdwLMPsaU2ezNSJU1nFoBQ,Summer Baby Shark Mix Playlist | 100 Minutes of Non-Stop Fun | Pinkfong Official,2026-07-28 23:00:17,PT1H41M40S,True,2209302,1119,0,2026-09-20 19:52:40
e2Pmi0wvPWw,UCcdwLMPsaU2ezNSJU1nFoBQ,🌈 Welcome to Rainbow World! Sing the Rainbow Song with Melody #learncolors #hellomelody,2026-07-26 23:00:37,PT2M7S,True,802009,6156,0,2026-09-20 19:52:40
dUpgZt6wIfk,UCcdwLMPsaU2ezNSJU1nFoBQ,Run Away from the REAL Sharks! | More and More Sharks | Pinkfong Official,2026-07-25 23:00:17,PT14M9S,True,96074,220,0,2026-09-20 19:52:40
iGH3rembdZg,UCcdwLMPsaU2ezNSJU1nFoBQ,MC Grammar x Baby Shark Hip Hop Remix – Baby Shark Dance (Official Video),2026-07-24 12:00:39,PT2M22S,True,282688,598,0,2026-09-20 19:52:40
0s47WWA9pM0,UCcdwLMPsaU2ezNSJU1nFoBQ,🔴 LIVE! ⚡24 Hours of Hoi and Sammy | Rescue Mission Full Episodes | ‪@Pinkfong LIVE,2026-07-23 07:29:47,P0D,True,1940962,9506,0,2026-09-20 19:52:40
sGIsDdiqx_w,UCcdwLMPsaU2ezNSJU1nFoBQ,🔴 LIVE! 🧟24 Hours of Spooky Baby Shark Dance | Happy August Shark Month🦈 | @Pinkfong LIVE,2026-07-23 07:15:02,P0D,True,910737,1141,0,2026-09-20 19:52:40
_-MAr9qoVkM,UCcdwLMPsaU2ezNSJU1nFoBQ,Sing 1 2 3 4 5 with @PinkfongDinosaurs #learntocount #numbers,2026-07-22 23:00:03,PT37S,True,1183734,8939,0,2026-09-20 19:52:40
9sLAGwabeU8,UCcdwLMPsaU2ezNSJU1nFoBQ,🌙 1-Hour Dinosaur World Storytime Compilation | Bedtime Stories for Kids | Pinkfong Official,2026-07-21 23:00:04,PT1H2M26S,True,208035,285,0,2026-09-20 19:52:40
jBvzOfT8_44,UCG2CL6EUjG8TVT1Tpl9nJdg,🔴 Learn with Ms Rachel - Toddler Learning - Kids Songs & Nursery Rhymes - Wheels On The Bus,2026-09-16 21:12:49,P0D,True,2235682,7544,0,2026-09-20 19:52:40
P-QLrDbOl1E,UCG2CL6EUjG8TVT1Tpl9nJdg,Learn Colors with Ms Rachel - I Love A Rainbow Song - NEW ALBUM VERSION - Toddler Learning,2026-08-27 11:00:06,PT50M27S,True,16742412,24082,0,2026-09-20 19:52:40
yQyEmZIw1e8,UCG2CL6EUjG8TVT1Tpl9nJdg,Caterpillar Song - Kids Songs and Nursery Rhymes - Songs for Toddlers - Ms Rachel Songs on YouTube,2026-07-29 15:00:38,PT1H23S,True,15838412,21200,0,2026-09-20 19:52:40
w264Mn-2MnQ,UCG2CL6EUjG8TVT1Tpl9nJdg,Learn to Talk for Babies and Toddlers - Ms Rachel visits the Play Street Museum in Manhattan!,2026-07-22 13:00:06,PT30M42S,True,40243991,43955,0,2026-09-20 19:52:40
8KtnrtHRiCg,UCG2CL6EUjG8TVT1Tpl9nJdg,Animal Learning for Toddlers with Ms Rachel - 3 Full Episodes - Learn Animal Sounds - Best Videos,2026-05-06 18:30:06,PT2H31M28S,True,61556034,84490,0,2026-09-20 19:52:40
1v3Dk41C_10,UCG2CL6EUjG8TVT1Tpl9nJdg,Phonics Song + More Kids Songs & Nursery Rhymes - Learn Letter Sounds - Videos for Kids - Ms Rachel,2026-04-02 18:00:06,PT1H18S,True,45441992,57426,0,2026-09-20 19:52:40
2dDpryw3z5w,UCG2CL6EUjG8TVT1Tpl9nJdg,"Learn with Ms Rachel - Friendship & Social Skills - Videos for Kids - Colors, Letters & Counting",2026-02-26 13:00:07,PT1H1M17S,True,108057716,143004,0,2026-09-20 19:52:40
tYDuAfY77Do,UCG2CL6EUjG8TVT1Tpl9nJdg,Brush Your Teeth Song with Ms Rachel and Elmo - Timer - Kids Songs and Nursery Rhymes,2025-10-23 13:00:07,PT1H1S,True,103790405,122536,0,2026-09-20 19:52:40
qXKsou9UmfY,UCG2CL6EUjG8TVT1Tpl9nJdg,Potty Training with Ms Rachel - Toddler Learning Video - Potty Songs for Toddlers - Potty Song,2025-05-31 13:00:07,PT38M9S,True,200904560,236854,0,2026-09-20 19:52:40
drkVagtmIJA,UCG2CL6EUjG8TVT1Tpl9nJdg,"Hide and Seek with Ms Rachel & Elmo + More Games, Kids Songs, Nursery Rhymes & Social Skills",2025-01-09 14:30:21,PT1H2M26S,True,150137523,197835,0,2026-09-20 19:52:40
K_Aq4H03Nm4,UCG2CL6EUjG8TVT1Tpl9nJdg,"Preschool & Toddler Learning Video with Ms Rachel - Learn Shapes, Letters, Numbers, Colors & More",2024-12-17 15:00:06,PT50M3S,True,285967577,465297,0,2026-09-20 19:52:40
GLigE_f4dl0,UCG2CL6EUjG8TVT1Tpl9nJdg,"I Love A Rainbow with Ms Rachel, Elmo & Abby + MORE Nursery Rhymes & Kids Songs - Toddler Songs",2024-11-14 14:00:06,PT1H1M29S,True,91936625,123503,0,2026-09-20 19:52:40
h67AgK4EHq4,UCG2CL6EUjG8TVT1Tpl9nJdg,Toddler Learning with Ms Rachel - Nursery Rhymes & Kids Songs - Baby Video - Milestones & Speech,2024-10-29 12:30:06,PT36M10S,True,376622225,764865,0,2026-09-20 19:52:40
b051ktudQDQ,UCG2CL6EUjG8TVT1Tpl9nJdg,ABC Song - The Alphabet - ABCs & 123s - Phonics - Kids Songs & Nursery Rhymes for Children,2024-09-25 12:30:32,PT1H2M55S,True,123470187,118517,0,2026-09-20 19:52:40
nnqsEUxgSBQ,UCG2CL6EUjG8TVT1Tpl9nJdg,"Ms Rachel & Elmo Get Ready For School - ABC Song, Numbers, Colors - Toddler & Preschool Learning",2024-08-15 14:30:06,PT1H34S,True,262232466,363618,0,2026-09-20 19:52:40
VvoO9-L1KA4,UCG2CL6EUjG8TVT1Tpl9nJdg,"Learn To Talk with Ms Rachel - Toddler Learning Video - Learn Colors, Numbers, Emotions & Feelings",2024-07-18 14:30:06,PT1H21S,True,220329869,292922,0,2026-09-20 19:52:40
gngPQ771Ahk,UCG2CL6EUjG8TVT1Tpl9nJdg,Hop Little Bunnies Hop Hop Hop + More Ms Rachel Nursery Rhymes & Kids Songs,2024-03-28 12:00:08,PT1H30M21S,True,467531492,666133,0,2026-09-20 19:52:40
oVtzNpzuvoA,UCG2CL6EUjG8TVT1Tpl9nJdg,Learn with Ms Rachel - Phonics Song - Learn to Read - Preschool Learning - Kids Songs & Videos,2024-02-26 13:00:10,PT36M32S,True,264227904,366883,0,2026-09-20 19:52:40
oEn7XBxOXSw,UCG2CL6EUjG8TVT1Tpl9nJdg,Ms Rachel Visits the Doctor for a Checkup - Doctor Checkup Song - Toddler Learning - Healthy Habits,2024-02-01 14:30:11,PT29M50S,True,168224937,185279,0,2026-09-20 19:52:40
O5xC8T1XsE4,UCG2CL6EUjG8TVT1Tpl9nJdg,Blippi and Ms Rachel Fire Truck Song and Wheels on the Bus - Nursery Rhymes and Kids Songs,2023-12-11 13:00:09,PT1H7M23S,True,65943302,78344,0,2026-09-20 19:52:40
w1lRsjY2EmI,UCG2CL6EUjG8TVT1Tpl9nJdg,Christmas Songs for Kids - Jingle Bells + More Nursery Rhymes & Kids Songs - Ms Rachel,2023-11-29 13:30:09,PT55M4S,True,92344739,76706,0,2026-09-20 19:52:40
_Z0ZQT0FttM,UCG2CL6EUjG8TVT1Tpl9nJdg,Toddler Learning with Ms Rachel - Learn Zoo Animals - Kids Songs - Educational Videos for Toddlers,2023-11-09 13:00:09,PT1H25M44S,True,324217156,373296,0,2026-09-20 19:52:40
gFuEoxh5hd4,UCG2CL6EUjG8TVT1Tpl9nJdg,"Blippi & Ms Rachel Learn Vehicles - Wheels on the Bus - Videos for Kids - Tractor, Car, Truck + More",2023-07-29 11:00:08,PT30M7S,True,322531368,424266,0,2026-09-20 19:52:40
xkYved-ucGg,UCG2CL6EUjG8TVT1Tpl9nJdg,Learn to Talk with Ms Rachel - Videos for Toddlers - Nursery Rhymes & Kids Songs - Speech Practice,2023-07-13 13:00:08,PT1H20S,True,422574567,553142,0,2026-09-20 19:52:40
axhYc_4jL3Y,UCG2CL6EUjG8TVT1Tpl9nJdg,Bingo + More Nursery Rhymes & Kids Songs - Ms Rachel,2023-06-05 12:30:09,PT1H2M18S,True,174229556,267318,0,2026-09-20 19:52:40
zwL2o4jZxbc,UCG2CL6EUjG8TVT1Tpl9nJdg,Baby’s First Words with Ms Rachel - Videos for Babies,2023-05-22 13:00:10,PT30M3S,True,442719140,624481,0,2026-09-20 19:52:40
AyZNnxLGGlw,UCG2CL6EUjG8TVT1Tpl9nJdg,Happy Song | I’m So Happy + More Nursery Rhymes & Kids Songs | Ms Rachel | Kids Dance Songs,2023-05-15 13:00:10,PT1H56S,True,221852081,272595,0,2026-09-20 19:52:40
E2_kRmS6y8A,UCG2CL6EUjG8TVT1Tpl9nJdg,"Learn Farm Animals with Ms Rachel | Animal Sounds, Old MacDonald Had A Farm | Videos for Toddlers",2023-03-21 13:00:08,PT45M2S,True,199444226,252148,0,2026-09-20 19:52:40
INYqyOPAP9Y,UCG2CL6EUjG8TVT1Tpl9nJdg,"Toddler Learning Video with Ms Rachel | 2 Year Old Milestones, Speech & Social Skills for Toddlers",2023-02-06 13:00:07,PT1H39S,True,361531258,408036,0,2026-09-20 19:52:40
zmEv7vTOQGE,UCG2CL6EUjG8TVT1Tpl9nJdg,"Baby Learning with Ms Rachel - Baby Songs, Speech, Sign Language for Babies - Baby Videos",2022-12-08 14:00:07,PT1H2S,True,1072806721,1325668,0,2026-09-20 19:52:40
kBuKdHQYPps,UCG2CL6EUjG8TVT1Tpl9nJdg,Learning with Ms Rachel Halloween | Videos for Toddlers | Kids Songs | Wheels on The Bus | Speech,2022-10-07 13:00:10,PT40M31S,True,220866176,281883,0,2026-09-20 19:52:40
yBj9Qlpwjcs,UCG2CL6EUjG8TVT1Tpl9nJdg,Learning with Ms Rachel | Learn Words and Colors for Toddlers | Educational Kids Videos | Animals,2022-09-13 13:00:10,PT30M16S,True,344266771,485019,0,2026-09-20 19:52:40
bOiYN7iU-W8,UCG2CL6EUjG8TVT1Tpl9nJdg,Wheels On The Bus + More Nursery Rhymes & Kids Songs - Educational Videos for Kids & Toddlers,2022-08-02 13:00:09,PT1H20S,True,606310497,815287,0,2026-09-20 19:52:40
ozsgl_sLnHQ,UCG2CL6EUjG8TVT1Tpl9nJdg,Learn About Emotions and Feelings with Ms Rachel | Kids Videos | Preschool Learning Videos | Toddler,2022-07-18 14:00:10,PT1H20M13S,True,156442232,159931,0,2026-09-20 19:52:40
47MNn4bsmSw,UCG2CL6EUjG8TVT1Tpl9nJdg,"Learn Animals with Ms Rachel for Toddlers - Animal Sounds, Farm Animals, Nursery Rhymes & Kids Songs",2022-04-26 14:00:11,PT2H10S,True,563753400,582834,0,2026-09-20 19:52:40
hTqtGJwsJVE,UCG2CL6EUjG8TVT1Tpl9nJdg,"Baby Learning With Ms Rachel - First Words, Songs and Nursery Rhymes for Babies - Toddler Videos",2022-03-02 17:30:10,PT1H21S,True,2291390795,3514069,0,2026-09-20 19:52:40
omcNGrnt7Sg,UCG2CL6EUjG8TVT1Tpl9nJdg,Learn to Talk with Ms Rachel | Baby Learning Videos | Toddler Speech | Christmas | First Words,2021-12-21 15:00:09,PT1H5M14S,True,234272493,252778,0,2026-09-20 19:52:40
HsT3iI6dT5U,UCG2CL6EUjG8TVT1Tpl9nJdg,Songs for Littles Christmas Movie | Toddler Learning Video | Preschool with Ms Rachel,2021-12-08 14:00:09,PT1H10M21S,True,184442563,158915,0,2026-09-20 19:52:40
hOHrqPI9bVk,UCG2CL6EUjG8TVT1Tpl9nJdg,"Learn Numbers, Colors, Counting and Shapes with Ms Rachel | Learning Videos for Toddlers in English",2021-10-18 13:00:08,PT1H4S,True,212457032,228228,0,2026-09-20 19:52:40
TyV-OhCrVDA,UCG2CL6EUjG8TVT1Tpl9nJdg,"Learn Colors, Fruits and Vegetables with Ms Rachel | Toddler Learning Video | Speech | Educational",2021-09-08 12:00:11,PT1H15S,True,214286687,247174,0,2026-09-20 19:52:40
-1DYsiKC7b4,UCG2CL6EUjG8TVT1Tpl9nJdg,First Sentences for Toddlers | Learn to Talk | Toddler Speech Delay | Speech Practice Video English,2021-07-28 17:24:32,PT1H55S,True,316790287,370447,0,2026-09-20 19:52:40
_R0xRT2y7Uo,UCG2CL6EUjG8TVT1Tpl9nJdg,"Learn The Alphabet, Letters, Phonics Song | Toddler Learning Video | Letter Sounds | Speech | ABCs",2021-06-23 13:00:10,PT1H18S,True,238484444,300634,0,2026-09-20 19:52:40
az9c0l-IfgM,UCG2CL6EUjG8TVT1Tpl9nJdg,Hop Little Bunnies with Ms Rachel + More Nursery Rhymes & Kids Songs | Toddler Learning Video,2021-06-02 10:00:09,PT1H10M1S,True,142759770,163537,0,2026-09-20 19:52:40
559QxICEleA,UCG2CL6EUjG8TVT1Tpl9nJdg,"Learning Videos for Toddlers | Animal Sounds, Farm Animals, Learn Colors, Numbers, Words | Speech",2021-05-19 13:00:13,PT3H47S,True,316151745,232743,0,2026-09-20 19:52:40
OyUoskE7Ogk,UCG2CL6EUjG8TVT1Tpl9nJdg,Bedtime Routine - Bedtime Stories for Toddlers - Preschool Videos - Toddler Learning Video Songs,2021-05-03 12:00:14,PT31M,True,116873373,128409,0,2026-09-20 19:52:40
dnHWQwh1Iso,UCG2CL6EUjG8TVT1Tpl9nJdg,Talking Time with Ms Rachel - Baby Videos for Babies and Toddlers -  Speech Delay Learning Video,2021-04-06 13:00:12,PT30M9S,True,487789157,651306,0,2026-09-20 19:52:40
8WLKPoOaNiM,UCG2CL6EUjG8TVT1Tpl9nJdg,"Learn To Talk with Ms Rachel - Help Take Care of Dolls - Speech, Baby Sign - Doll turn into baby",2021-03-16 13:00:12,PT47M57S,True,254841695,322954,0,2026-09-20 19:52:40
XtHZ_8ILGgY,UCG2CL6EUjG8TVT1Tpl9nJdg,Learn To Talk - Toddler Learning Video - Learn Colors with Crayon Surprises -  Speech Delay - Baby,2021-02-22 13:00:12,PT55M5S,True,251098312,239432,0,2026-09-20 19:52:40
AzzwhmTFf7U,UCG2CL6EUjG8TVT1Tpl9nJdg,Baby Songs and Nursery Rhymes- Baby Videos for Babies and Toddlers -  Toddler Learning Video,2021-02-04 16:45:13,PT1H15S,True,54486692,63337,0,2026-09-20 19:52:40
7siu3eOW1VQ,UCG2CL6EUjG8TVT1Tpl9nJdg,Videos for Toddlers - Preschool Learning Video - Happy Birthday Song Circle Time Special,2021-01-25 14:00:13,PT1H13M10S,True,155312971,143293,0,2026-09-20 19:52:40
GzIObE7uR8Q,UCLsooMJoIpl_7ux2jvdPB-Q,"Top 20 Anniversary Hit Songs 🎶 | ""20 Years of Super Simple"" now on Vinyl!",2026-09-17 14:00:36,PT47M51S,True,161905,566,0,2026-09-20 19:52:40
uBweptmCYZg,UCLsooMJoIpl_7ux2jvdPB-Q,Our Listening Ears 👂 | Animal Sounds & Guessing Game for Kids! | Super Simple Songs,2026-09-10 14:00:00,PT2M19S,True,484705,642,0,2026-09-20 19:52:40
iB2JoKjhOGE,UCLsooMJoIpl_7ux2jvdPB-Q,Happy Super Simple Day! #supersimple20thanniversary #supersimplesongs,2026-09-08 13:15:31,PT1M19S,True,497863,5152,0,2026-09-20 19:52:40
2QtoaV22rpY,UCLsooMJoIpl_7ux2jvdPB-Q,Top 20 Circle Time Songs ⭕️ | Kids Classroom Favorites | Super Simple's 20th Anniversary!,2026-09-03 14:00:19,PT46M57S,True,558081,916,0,2026-09-20 19:52:40
iHP8FGwzjJg,UCLsooMJoIpl_7ux2jvdPB-Q,🎉 Everybody Celebrate 🎉 | Best Celebration Song for Kids | 20 Years of Super Simple Songs!,2026-08-27 14:00:24,PT2M33S,True,2494183,2316,0,2026-09-20 19:52:40
LLgTFZP3IQQ,UCLsooMJoIpl_7ux2jvdPB-Q,Top 20 Back To School Songs | 🍎 📚 Learn and Sing ABCs + More! | Super Simple’s 20th Anniversary!,2026-08-20 14:00:14,PT55M2S,True,843104,771,0,2026-09-20 19:52:40
YaFSwBg1qvg,UCLsooMJoIpl_7ux2jvdPB-Q,Put on Your Shoes | Featuring Tobee and the Super Simple Puppets! | Super Simple Songs,2026-08-13 14:00:02,PT3M5S,True,931333,779,0,2026-09-20 19:52:40
BG8HLIvuK24,UCLsooMJoIpl_7ux2jvdPB-Q,Top 20 Counting Songs | Numbers Practice for Preschool + Up | 20th Anniversary of Super Simple Songs,2026-08-06 14:00:26,PT49M34S,True,2820013,1168,0,2026-09-20 19:52:40
-HOQGg7uuQQ,UCLsooMJoIpl_7ux2jvdPB-Q,Counting Up To 20 | Sea Animals Kids Math Song with @NoodleAndPals | Super Simple Songs,2026-07-30 14:00:21,PT2M34S,True,3047043,1134,0,2026-09-20 19:52:40
jZnBNf0GJyU,UCLsooMJoIpl_7ux2jvdPB-Q,Top 20 Book Songs 📚 | Super Simple’s 20th Anniversary! | Let's Read!,2026-07-23 14:00:26,PT56M57S,True,1565842,1068,0,2026-09-20 19:52:40
wtX9hMdLuew,UCLsooMJoIpl_7ux2jvdPB-Q,I'm Going On A Trip | 🗺️ 🎒 Pack your bag for your adventure! | Super Simple Songs,2026-07-16 14:00:02,PT3M16S,True,2792651,1308,0,2026-09-20 19:52:40
q1DinydBRNE,UCLsooMJoIpl_7ux2jvdPB-Q,Top 20 Summer Songs 🌞 | Best of Super Simple Hits of 2026!,2026-07-09 14:00:36,PT50M47S,True,1336829,1111,0,2026-09-20 19:52:40
hDqWTltrGJ8,UCLsooMJoIpl_7ux2jvdPB-Q,"Shapes I See At The Beach 🏖️ | Oval, Star, Rectangle | Super Simple Songs",2026-07-02 14:00:22,PT2M55S,True,1989764,1108,0,2026-09-20 19:52:40
NFP_RP7Jh5c,UCLsooMJoIpl_7ux2jvdPB-Q,Happy FIFA World Cup 2026! Celebrating with some HSKT! #soccer #football #supersimplesongs,2026-07-01 13:37:36,PT19S,True,2929610,13048,0,2026-09-20 19:52:40
N8gOM-A3cUw,UCLsooMJoIpl_7ux2jvdPB-Q,Top 20 Active Songs! | Super Simple’s 20th Anniversary! | Let's Move!,2026-06-25 14:00:34,PT53M2S,True,978788,1648,0,2026-09-20 19:52:40
CXb9llX_LoU,UCLsooMJoIpl_7ux2jvdPB-Q,Sports! | Kids Song | Song of Summer ⚽️ | Super Simple Songs,2026-06-18 14:00:19,PT2M43S,True,3137598,1517,0,2026-09-20 19:52:40
L1C9NJpQMRk,UCLsooMJoIpl_7ux2jvdPB-Q,Top 20 Food Songs 🍕| Celebrating 20 Years of Kids Music With Super Simple Songs!,2026-06-11 14:00:16,PT44M27S,True,2362826,1832,0,2026-09-20 19:52:40
DDjOLRNby20,UCLsooMJoIpl_7ux2jvdPB-Q,Fruit Is Yummy | High Contrast Kids Video 🥝🥭🍍 | Super Simple Songs,2026-06-04 14:00:14,PT2M45S,True,12690993,8370,0,2026-09-20 19:52:40
_nfCulGTBvM,UCLsooMJoIpl_7ux2jvdPB-Q,Top 20 Healthy Kids Routines Songs 🧼🪥 | Super Simple’s 20th Anniversary! | Super Simple Songs,2026-05-28 14:00:22,PT44M47S,True,5830988,3553,0,2026-09-20 19:52:40
tjT_nFtKTas,UCLsooMJoIpl_7ux2jvdPB-Q,Healthy Eating Song for Kids | I Love Eating Vegetables 🥕 | Bumble Nums & Super Simple Songs,2026-05-21 14:01:14,PT2M9S,True,6264010,4148,0,2026-09-20 19:52:40
8msljf_aMDs,UCLsooMJoIpl_7ux2jvdPB-Q,Top 20 Family Songs | Super Simple’s 20th Anniversary! | Super Simple Songs,2026-05-14 14:00:12,PT46M59S,True,1825760,1493,0,2026-09-20 19:52:40
ecm9HEFcfdQ,UCLsooMJoIpl_7ux2jvdPB-Q,The Family Tree 🌳 | Learn & Sing Family Words! | Super Simple Songs,2026-05-07 14:01:09,PT2M8S,True,7016069,3155,0,2026-09-20 19:52:40
MC7yXLjtmiU,UCLsooMJoIpl_7ux2jvdPB-Q,Top 20 Underwater Songs 🌊 | Super Simple’s 20th Anniversary! | Splash Around!,2026-04-30 14:00:37,PT50M56S,True,3525213,2261,0,2026-09-20 19:52:40
j9PpVDuoVAo,UCLsooMJoIpl_7ux2jvdPB-Q,I’m a Baby Fish 🐟 | Sing Along Under the Sea with the Finny Babies! | Super Simple Songs,2026-04-23 14:01:08,PT3M37S,True,14410382,5953,0,2026-09-20 19:52:40
qLlnJuaza5A,UCLsooMJoIpl_7ux2jvdPB-Q,Top 20 Nature Songs | 🌳 Super Simple’s 20th anniversary collection | Super Simple Songs,2026-04-16 14:01:16,PT53M31S,True,2106446,1521,0,2026-09-20 19:52:40
PmpJzVCIisc,UCLsooMJoIpl_7ux2jvdPB-Q,There's An Animal That I See | Explore and Discover Animals! | Super Simple Songs,2026-04-09 14:00:39,PT3M1S,True,6617802,2432,0,2026-09-20 19:52:40
lryBhooR8gE,UCLsooMJoIpl_7ux2jvdPB-Q,Lofi Lullaby Medley | EXTENDED VERSION | 20 Minute Kids Bedtime Routine | Super Simple Songs,2026-04-03 14:01:12,PT21M32S,True,2888153,1952,0,2026-09-20 19:52:40
hSdG4A-pUro,UCLsooMJoIpl_7ux2jvdPB-Q,Top 20 Duck Songs | This mix really flaps! | Kids Songs | Super Simple's 20th Anniversary!,2026-04-02 14:01:03,PT54M19S,True,3097547,2945,0,2026-09-20 19:52:40
NcE4XUUXDhU,UCLsooMJoIpl_7ux2jvdPB-Q,20 Little Ducks | Quack! 🦆 Preschool Spring Counting Song | Super Simple Songs,2026-03-26 14:00:37,PT2M22S,True,8330420,2784,0,2026-09-20 19:52:40
CbBsx-dCI88,UCLsooMJoIpl_7ux2jvdPB-Q,Top 20 Nature Songs! | Toddler Spring Season Fun at Preschool 🌷 | Super Simple’s 20th anniversary,2026-03-19 14:00:29,PT59M20S,True,2820155,2628,0,2026-09-20 19:52:40
k765VI7gWx0,UCLsooMJoIpl_7ux2jvdPB-Q,Hunting For Eggs 🐣 | Fun Easter Song for Toddlers & Preschoolers | Super Simple Songs,2026-03-12 14:01:11,PT2M15S,True,6703012,2776,0,2026-09-20 19:52:40
ecVQvgnKDug,UCLsooMJoIpl_7ux2jvdPB-Q,Top 20 Animal Songs 🐻 | Quack along to Super Simple Songs 20th Anniversary 🎉,2026-03-05 15:01:12,PT51M5S,True,3038462,2992,0,2026-09-20 19:52:40
pZ7H3XuEFkQ,UCLsooMJoIpl_7ux2jvdPB-Q,Where Is The Cat? 🐱 | Peekaboo! | Practice Prepositions! | Super Simple Songs,2026-02-26 15:01:27,PT2M17S,True,7209918,3994,0,2026-09-20 19:52:40
l3Wfm8zRs3g,UCLsooMJoIpl_7ux2jvdPB-Q,Top 20 Farm Songs! | Moo! 🐮 Quack! 🦆 Neigh! 🐴 | Super Simple’s 20th anniversary | Super Simple Songs,2026-02-19 15:01:25,PT54M21S,True,2736441,2265,0,2026-09-20 19:52:40
9FcCV286-gA,UCLsooMJoIpl_7ux2jvdPB-Q,The Animals On The Farm (Remake) | Make Animal Sounds! Quack! | Super Simple Songs,2026-02-12 15:00:26,PT3M8S,True,41585456,19626,0,2026-09-20 19:52:40
TR1bXXQVKtY,UCLsooMJoIpl_7ux2jvdPB-Q,Top 20 Feelings Songs | ❤️ Best Toddler Songs About Emotions | Super Simple Songs 20th Anniversary 🎉,2026-02-05 15:00:55,PT52M8S,True,2283608,2147,0,2026-09-20 19:52:40
l7QHIxqi6kM,UCLsooMJoIpl_7ux2jvdPB-Q,I Love My Pet 🐾 | Celebrate Cute Animals! | Super Simple Songs,2026-01-29 15:01:20,PT2M18S,True,3954855,2807,0,2026-09-20 19:52:40
WQtbFDPOdT8,UCLsooMJoIpl_7ux2jvdPB-Q,Super Simple Lullaby Medley | Relaxing Lofi Music 😴 & Sensory Visuals | Super Simple Songs,2026-01-15 15:01:05,PT4M15S,True,5365318,3685,0,2026-09-20 19:52:40
j6_CZXNAmAw,UCLsooMJoIpl_7ux2jvdPB-Q,I Love My Garbage Truck 🚛 | Favorite Toy Song! | Super Simple Songs,2026-01-08 15:01:22,PT2M52S,True,8195253,2308,0,2026-09-20 19:52:40
JegZYWlaq8w,UCLsooMJoIpl_7ux2jvdPB-Q,Top 20 Songs! | Best Toddler Songs & Fan Favorite Hits! | Super Simple Songs 20th Anniversary 🎉,2026-01-01 15:00:40,PT52M38S,True,8737030,10004,0,2026-09-20 19:52:40
KuMdgPu4HEI,UCLsooMJoIpl_7ux2jvdPB-Q,Best of 2025! ⭐️ | Wrapped Fan Favorite Songs of the Year! | Super Simple Songs,2025-12-25 15:00:42,PT48M22S,True,4914591,4574,0,2026-09-20 19:52:40
tn8ubczZpAo,UCLsooMJoIpl_7ux2jvdPB-Q,Let’s Go Caroling + More | 1 Hour | Sing Christmas Songs with Super Simple this Season!,2025-12-04 15:01:56,PT1H2M19S,True,3119860,2026,0,2026-09-20 19:52:40
aWAOqzudtSM,UCLsooMJoIpl_7ux2jvdPB-Q,Let's Go Caroling | Sing along to your favorite Christmas songs! | Super Simple Songs,2025-11-06 15:00:04,PT3M35S,True,5205928,2820,0,2026-09-20 19:52:40
C1yk5wTwPsY,UCLsooMJoIpl_7ux2jvdPB-Q,Monster Party featuring Sesame Street + More | Kids Halloween Hits! | Super Simple Songs,2025-10-23 14:00:19,PT58M32S,True,7113240,4045,0,2026-09-20 19:52:40
W0ubdDYJRmg,UCLsooMJoIpl_7ux2jvdPB-Q,Sesame Street & Super Simple Songs sing Monster Party | Kids Halloween Song,2025-09-25 14:01:02,PT2M28S,True,8800227,5735,0,2026-09-20 19:52:40
0DqkEfKXT5Y,UCLsooMJoIpl_7ux2jvdPB-Q,Mr. Blackboard | Back to School Supplies song! | Super Simple Songs,2025-09-11 14:00:01,PT2M50S,True,6731221,4115,0,2026-09-20 19:52:40
SLVT8bWayY0,UCLsooMJoIpl_7ux2jvdPB-Q,Do You Have A Crayon? + More | Educational Kids Songs | Super Simple Songs,2025-09-04 14:00:44,PT1H3M33S,True,4850915,3629,0,2026-09-20 19:52:40
dbklZrO5H78,UCLsooMJoIpl_7ux2jvdPB-Q,Do You Have A Crayon? | School Supplies Song | Super Simple Songs,2025-08-28 14:01:05,PT2M15S,True,9341634,6618,0,2026-09-20 19:52:40
IjOq5fAi4VM,UCLsooMJoIpl_7ux2jvdPB-Q,My Classroom + More | Back To School with Super Simple Songs!,2025-08-21 14:00:26,PT1H6M4S,True,3071614,2687,0,2026-09-20 19:52:40
AKnUdOnsMWs,UCLsooMJoIpl_7ux2jvdPB-Q,My Classroom |  🍎 Back to School Anthem for Preschool | Super Simple Songs,2025-08-14 14:00:13,PT3M9S,True,6923282,3598,0,2026-09-20 19:52:40
aEDbIWNiQsQ,UCBnZ16ahKA2DZ_T5W0FPUXg,"Animal Homes + Zoo Friends, Sea Otter, Blue Whale & Animal Songs | 19 Min | ChuChu TV",2026-09-18 07:00:32,PT19M31S,True,24373,75,0,2026-09-20 19:52:40
TOIjngU_1N0,UCBnZ16ahKA2DZ_T5W0FPUXg,Bestie and Friends - The Great Candy Robbery! 🚨🍭 | Funny Kids Cartoon | ChuChu TV Police,2026-09-13 12:05:01,PT4M45S,True,48102,110,0,2026-09-20 19:52:40
CBF_9YjorYg,UCBnZ16ahKA2DZ_T5W0FPUXg,Learn Numbers 1-10 with Surprise Eggs | Counting Songs for Kids | 56 Min | ChuChu TV,2026-09-11 07:00:14,PT55M45S,True,431846,534,0,2026-09-20 19:52:40
V7wCvKx_nzU,UCBnZ16ahKA2DZ_T5W0FPUXg,Nursery Rhymes & Kids Songs | Teeki Taaki + Baby Shark Funzone 3D Songs | 28 Min | ChuChu TV,2026-09-04 07:00:12,PT27M39S,True,167683,245,0,2026-09-20 19:52:40
eAlSvyrXsD4,UCBnZ16ahKA2DZ_T5W0FPUXg,Together We Can | Stories About Teamwork & Friendship for Kids | 27 Min | ChuChu TV,2026-08-28 07:00:12,PT26M31S,True,124612,183,0,2026-09-20 19:52:40
XDX_trF4M5o,UCBnZ16ahKA2DZ_T5W0FPUXg,Learn the Letter Z with Fun Activities & Songs 🎶 | ChuChu TV Alphabet Learning for Toddlers,2026-08-27 07:59:46,PT5M27S,True,243355,206,0,2026-09-20 19:52:40
jgYSNnDEVuA,UCBnZ16ahKA2DZ_T5W0FPUXg,Letter A to H Songs | ABC Phonics Song - Learn the Alphabet | 22 Min | ChuChu TV,2026-08-14 07:00:19,PT22M21S,True,340498,181,0,2026-09-20 19:52:40
WE7XxoY74KY,UCBnZ16ahKA2DZ_T5W0FPUXg,The Great Bubble Chase! Playtime Fun | Bestie & Friends by ChuChu TV,2026-08-10 10:00:09,PT1M13S,True,126098,143,0,2026-09-20 19:52:40
7cIKO4ZuXHw,UCBnZ16ahKA2DZ_T5W0FPUXg,"How to Draw Savanna Animals for Kids | Zebra, Hippo, Rhino Step by Step | 44 Min | ChuChu TV",2026-08-07 07:00:36,PT43M41S,True,356471,196,0,2026-09-20 19:52:40
QTa-tX3UaJs,UCBnZ16ahKA2DZ_T5W0FPUXg,Dinosaur Songs for Kids | Dino Nursery Rhymes & Jumblikans Learning Videos | 30 Min | ChuChu TV,2026-07-31 07:00:03,PT30M5S,True,634937,436,0,2026-09-20 19:52:40
wQHEOVv9ZfI,UCBnZ16ahKA2DZ_T5W0FPUXg,Bestie and Friends - Pickleball Pranks! 🏓 | Funny Kids Cartoon | ChuChu TV,2026-07-25 08:30:07,PT3M31S,True,206334,246,0,2026-09-20 19:52:40
aYbFaVgJLYU,UCBnZ16ahKA2DZ_T5W0FPUXg,Helping Hands | Stories About Kindness & Helping Others for Kids | 29 Min | ChuChu TV,2026-07-24 12:30:00,PT29M21S,True,610676,377,0,2026-09-20 19:52:40
orsLymV0KQg,UCBnZ16ahKA2DZ_T5W0FPUXg,The Blue Color Song - Part 2 #chuchutv #toddlersongs #learncolors #preschoolfun #ChuChuTV100M,2026-07-23 07:00:31,PT58S,True,3210230,24392,0,2026-09-20 19:52:40
_O180cESnEQ,UCBnZ16ahKA2DZ_T5W0FPUXg,Learn the Letter Y with Fun Activities & Songs 🎶 | ChuChu TV Alphabet Learning for Toddlers,2026-07-18 09:24:56,PT5M,True,1291231,710,0,2026-09-20 19:52:40
VilwxV86TmI,UCBnZ16ahKA2DZ_T5W0FPUXg,Baby Wild Animals with Surprise Eggs | Animal Sounds for Toddlers | 39 Min | ChuChu TV,2026-07-17 07:00:07,PT38M42S,True,635494,301,0,2026-09-20 19:52:40
9-jTvXx5y_Q,UCBnZ16ahKA2DZ_T5W0FPUXg,If You're Happy + Head Shoulders Knees Toes & Dance Songs for Kids | 37 Min | ChuChu TV,2026-07-10 07:00:24,PT36M40S,True,551849,593,0,2026-09-20 19:52:40
d1yjoNMSAg4,UCBnZ16ahKA2DZ_T5W0FPUXg,Food Alphabet - H for Hot Dog #Shorts #ChuChuTV #NurseryRhymes #learningsongs #ChuChuTV100M,2026-07-09 07:00:10,PT17S,True,2145168,11083,0,2026-09-20 19:52:40
R8lQiVMRqQU,UCBnZ16ahKA2DZ_T5W0FPUXg,"How to Draw Jungle Animals for Kids | Elephant, Lion, Tiger Step by Step | 35 Min | ChuChu TV",2026-07-03 07:00:12,PT34M55S,True,590678,372,0,2026-09-20 19:52:40
DHf1I6jYYEI,UCBnZ16ahKA2DZ_T5W0FPUXg,The Blue Color Song - Part 1 #chuchutv #toddlersongs #learncolors #preschoolfun  #ChuChuTV100M,2026-07-02 07:00:40,PT54S,True,4280928,26127,0,2026-09-20 19:52:40
BJ9TWYyf318,UCBnZ16ahKA2DZ_T5W0FPUXg,Dino Nursery Rhymes for Kids | Mary Had a Little Dino + Classic Kids Songs | 22 Min | ChuChu TV,2026-06-26 07:00:04,PT21M33S,True,843157,619,0,2026-09-20 19:52:40
1MKoPvP3vfI,UCBnZ16ahKA2DZ_T5W0FPUXg,Food Alphabet - G for Gingerbread Cookies #Shorts #ChuChuTV #NurseryRhymes #ChuChuTV100M,2026-06-25 07:00:26,PT17S,True,3403618,16733,0,2026-09-20 19:52:40
TsXIxbYHc7s,UCBnZ16ahKA2DZ_T5W0FPUXg,Little Big Feelings | Stories About Emotions for Kids | Bedtime Stories | 29 Min | ChuChu TV,2026-06-19 07:00:13,PT29M24S,True,445140,341,0,2026-09-20 19:52:40
6anZMKSFO9k,UCBnZ16ahKA2DZ_T5W0FPUXg,Wheels on the Bus - Kenya Safari #Shorts #ChuChuTV #NurseryRhymes #WheelsontheBus #ChuChuTV100M,2026-06-18 07:00:36,PT53S,True,2662755,20874,0,2026-09-20 19:52:40
G1AQ90fc3fc,UCBnZ16ahKA2DZ_T5W0FPUXg,ABC Bounce with DJ Panda 🐼 | ABC Song for Kids with Bestie & Friends - ChuChu TV Nursery Rhymes,2026-06-16 08:45:06,PT1M54S,True,444441,724,0,2026-09-20 19:52:40
ztbsf6hK2j4,UCBnZ16ahKA2DZ_T5W0FPUXg,Learn Farm Animals with Surprise Eggs | Animal Sounds Song for Kids | 48 Min | ChuChu TV,2026-06-12 07:00:19,PT47M44S,True,988699,723,0,2026-09-20 19:52:40
2TQ8gnOkpuI,UCBnZ16ahKA2DZ_T5W0FPUXg,Bestie and Friends: The Secret of the Great Shake! | ChuChu TV Funny Cartoon Videos #ChuChuTV100M,2026-06-11 07:25:22,PT2M58S,True,215820,271,0,2026-09-20 19:52:40
I15qTUA-9A4,UCBnZ16ahKA2DZ_T5W0FPUXg,Food Alphabet - F for French Fries #Shorts #ChuChuTV #NurseryRhymes #learningsongs #ChuChuTV100M,2026-06-11 07:00:07,PT19S,True,1703336,7651,0,2026-09-20 19:52:40
Pnm8vPOrEBo,UCBnZ16ahKA2DZ_T5W0FPUXg,"Johny Johny Yes Papa + Ice Cream, Grandparents & More Johny Johny Songs | 42 Min | ChuChu TV",2026-06-05 07:00:00,PT41M49S,True,873336,695,0,2026-09-20 19:52:40
VNne61GY3Eg,UCBnZ16ahKA2DZ_T5W0FPUXg,Superhero Bestie! | Bestie and Friends with Baby Taku | ChuChu TV Funny Cartoon Videos for Kids,2026-06-01 10:14:54,PT1M30S,True,733361,226,0,2026-09-20 19:52:40
BPAjp0nK6mA,UCBnZ16ahKA2DZ_T5W0FPUXg,"Wheels on the Bus Farm Animals + London, Builders & More | 22 Min for Kids | ChuChu TV",2026-05-29 07:00:00,PT21M43S,True,509751,351,0,2026-09-20 19:52:40
cr-zFhn5S-U,UCBnZ16ahKA2DZ_T5W0FPUXg,Rain Rain Go Away - Bestie and Friends Rocket Adventure! (ft. Baby Taku) | Kids Songs - ChuChu TV,2026-05-27 11:23:12,PT1M43S,True,570585,578,0,2026-09-20 19:52:40
Y-GwFIXdZZI,UCBnZ16ahKA2DZ_T5W0FPUXg,First Day of School + Yes Yes Go to School & Back to School Songs | 39 Min | ChuChu TV,2026-05-22 07:00:00,PT39M14S,True,409766,302,0,2026-09-20 19:52:40
E3k-qYMaSbM,UCBnZ16ahKA2DZ_T5W0FPUXg,"Yes Yes Fruits Song + Apple, Mango, Banana & Fruit Songs for Kids | 20 Min | ChuChu TV",2026-05-15 07:00:00,PT20M26S,True,501917,410,0,2026-09-20 19:52:40
wOgNe9tj4EU,UCBnZ16ahKA2DZ_T5W0FPUXg,Johny Johny Yes Papa – Water - ChuChu TV Nursery Rhymes & Songs for Infants #ChuChuTV100M,2026-05-11 07:00:00,PT2M19S,True,852964,516,0,2026-09-20 19:52:40
XvNfu8x5GWU,UCBnZ16ahKA2DZ_T5W0FPUXg,"Finger Family Song + Panda, Elephant, Lion & More Finger Family | 38 Min for Kids | ChuChu TV",2026-05-08 07:00:00,PT38M35S,True,1005907,907,0,2026-09-20 19:52:40
eqn8DS3tJak,UCBnZ16ahKA2DZ_T5W0FPUXg,Johny Johny Yes Papa – Bowl Prank - ChuChu TV Nursery Rhymes & Songs for Infants #ChuChuTV100M,2026-05-04 07:00:00,PT1M56S,True,1491669,1089,0,2026-09-20 19:52:40
On5eeeSazdk,UCBnZ16ahKA2DZ_T5W0FPUXg,"Baby Taku Songs Collection | Bath, Nap Time, Peekaboo & More | 21 Min | ChuChu TV",2026-05-01 07:00:00,PT21M19S,True,528341,323,0,2026-09-20 19:52:40
ka56k7gdEpc,UCBnZ16ahKA2DZ_T5W0FPUXg,Learn Numbers 1 to 5 & Reverse Counting | Bestie & Friends Balloon Pop Fun! - ChuChu TV Learning Fun,2026-04-29 07:00:06,PT1M30S,True,1081964,725,0,2026-09-20 19:52:40
KrcAzSLQLwc,UCBnZ16ahKA2DZ_T5W0FPUXg,Johny Johny Yes Papa –Dollar Prank - ChuChu TV Nursery Rhymes & Songs for Infants #ChuChuTV100M,2026-04-27 07:00:00,PT1M57S,True,509629,256,0,2026-09-20 19:52:40
pMKpU5d26js,UCBnZ16ahKA2DZ_T5W0FPUXg,Old MacDonald Had a Farm + Farm Friends & Animal Songs for Kids | 35 Min | ChuChu TV,2026-04-24 07:00:00,PT35M4S,True,467184,313,0,2026-09-20 19:52:40
60-XCcJLi8E,UCBnZ16ahKA2DZ_T5W0FPUXg,Wash Your Hands + Brush Your Teeth & Healthy Habits Songs for Kids | 21 Min | ChuChu TV,2026-04-17 07:00:00,PT21M23S,True,883158,839,0,2026-09-20 19:52:40
IdKa3SL_IXE,UCBnZ16ahKA2DZ_T5W0FPUXg,Rain Rain Go Away Nursery Rhymes by Cutians | ChuChu TV #ChuChuTV100M,2026-04-13 07:00:00,PT3M3S,True,530216,277,0,2026-09-20 19:52:40
Ym5tjgqsIoQ,UCBnZ16ahKA2DZ_T5W0FPUXg,Yes Yes Wake Up Song + Bedtime & Daily Routine Songs for Babies | 39 Min | ChuChu TV,2026-04-10 07:00:00,PT38M44S,True,419696,321,0,2026-09-20 19:52:40
frAV6u2wiAU,UCBnZ16ahKA2DZ_T5W0FPUXg,Plum Song #Shorts #ChuChuTV #NurseryRhymes #KidsSongs #learningsongs #fruits #ChuChuTV100M,2026-04-09 07:00:00,PT55S,True,5850657,54983,0,2026-09-20 19:52:40
UjxjiCoPYc0,UCBnZ16ahKA2DZ_T5W0FPUXg,Ringa Ringa Roses Outdoor Play Song - Part 3 #Shorts #ChuChuTV #NurseryRhymes  #ChuChuTV100M,2026-04-07 07:00:00,PT45S,True,4924817,37662,0,2026-09-20 19:52:40
ZCPkpq5xTKo,UCBnZ16ahKA2DZ_T5W0FPUXg,"Colors Song for Kids | Learn Red, Blue, Yellow, Purple + Color Hop | 21 Min | ChuChu TV",2026-04-03 07:00:00,PT20M53S,True,1935257,1645,0,2026-09-20 19:52:40
9E-zl8Na-64,UCBnZ16ahKA2DZ_T5W0FPUXg,Pineapple Song #Shorts #ChuChuTV #NurseryRhymes #KidsSongs #learningsongs #fruits #ChuChuTV100M,2026-04-02 07:00:00,PT54S,True,4041255,38323,0,2026-09-20 19:52:40
hM4rTLdr7mw,UCBnZ16ahKA2DZ_T5W0FPUXg,Ringa Ringa Roses Outdoor Play Song - Part 2 #Shorts #ChuChuTV #NurseryRhymes  #ChuChuTV100M,2026-03-31 07:00:00,PT45S,True,4382191,34398,0,2026-09-20 19:52:40
taCuO-Py5y8,UCBnZ16ahKA2DZ_T5W0FPUXg,Messy Painting Party with Baby Taku - Bestie and Friends | ChuChuTV Cartoon Videos for kids,2026-03-28 10:15:07,PT1M45S,True,592716,355,0,2026-09-20 19:52:40
FvXRAnUhpGQ,UCBnZ16ahKA2DZ_T5W0FPUXg,Numbers Song 1 to 20 + Counting Songs for Kids | Learn to Count | 31 Min | ChuChu TV,2026-03-27 07:00:00,PT31M5S,True,6652705,8384,0,2026-09-20 19:52:40
0rUaLjT66v0,UCVzLLZkDuFGAE2BGdBuBNBg,🔴LIVE: Bandit Takes Over the Seesaw! 😮💙 | 4 HOURS of Play! | Bluey,2026-09-18 13:15:17,P0D,True,23722,335,,2026-09-20 19:52:40
rX0NbuympHQ,UCVzLLZkDuFGAE2BGdBuBNBg,Bluey and Bingo Can't Speak! 🤫 | Sibling Games 💙🧡 | Bluey,2026-09-20 15:00:30,PT29M42S,True,28712,194,,2026-09-20 19:52:40
a6ykAZJ-2OE,UCVzLLZkDuFGAE2BGdBuBNBg,🔴LIVE: A Takeaway Disaster 😮🍜 | 8 HOURS of Family Fun! | Bluey,2026-09-20 00:29:42,PT7H59M56S,True,128504,637,,2026-09-20 19:52:40
i1g2YrxSpj8,UCVzLLZkDuFGAE2BGdBuBNBg,🔴LIVE: Bluey and Bingo are Playing Charades at the Toy Store! 🦄💙 | 6 HOURS 📺 | Bluey,2026-09-18 22:16:37,PT5H59M57S,True,319159,957,,2026-09-20 19:52:40
akegI7us1Z0,UCVzLLZkDuFGAE2BGdBuBNBg,Play the Bluey Way! 💙 | Best Games 🌟 | Bluey,2026-09-18 15:00:01,PT20M,True,160605,596,,2026-09-20 19:52:40
NbSDP4yWsiU,UCVzLLZkDuFGAE2BGdBuBNBg,🔴LIVE: Will Bluey Make it Across The Creek? 😮💙 | 4 HOURS of Adventure! | Bluey,2026-09-17 20:09:31,PT3H59M58S,True,191364,479,,2026-09-20 19:52:40
5JgW83B4R9I,UCVzLLZkDuFGAE2BGdBuBNBg,Bandit NEEDS his pillow and blanket!💙🛌 | Bluey #bluey,2026-09-16 16:00:01,PT31S,True,126431,2097,,2026-09-20 19:52:40
7HBJYip-V1E,UCVzLLZkDuFGAE2BGdBuBNBg,2 HOURS Bluey Family Fun Times 🪩 💙 | Dance Mode + MORE ✨ | Bluey,2026-09-16 15:00:08,PT1H45M47S,True,532398,1526,,2026-09-20 19:52:40
Xkjohmn8HS4,UCVzLLZkDuFGAE2BGdBuBNBg,Cricket Bluey Book Read Aloud by Toni Collette 🏏 | Bluey Book Reads 💙 | Bluey,2026-09-15 15:00:19,PT6M24S,True,36338,163,,2026-09-20 19:52:40
ovg3i1sFnKo,UCVzLLZkDuFGAE2BGdBuBNBg,Bluey and Bingo Learn to Share 😊 💙 | 2 HOURS | Magic Xylophone Game + More! | Bluey,2026-09-14 15:00:06,PT1H41M41S,True,467197,1122,,2026-09-20 19:52:40
TlkwnksgaI8,UCVzLLZkDuFGAE2BGdBuBNBg,🔴LIVE: Bluey & Bingo Catch Muffin on the Flamingo 😯 🤣 | Sleepover with Friends 💙 💤 | Bluey,2026-09-14 00:19:51,PT7H59M56S,True,144641,597,,2026-09-20 19:52:40
kioBK0l8w5w,UCVzLLZkDuFGAE2BGdBuBNBg,"Bluey, Bingo and their friends play Seesaw!💙😄🛝 | Bluey",2026-09-13 15:00:06,PT1H53M23S,True,278383,646,,2026-09-20 19:52:40
AOi9poGZxeA,UCVzLLZkDuFGAE2BGdBuBNBg,🔴LIVE: Bluey Takes Bandit's Cushion for a Game 🤣 | 6 HOURS 💙 | Let's Play at Home | Bluey,2026-09-12 22:18:34,PT5H59M56S,True,160101,697,,2026-09-20 19:52:40
JYiCO20H1PI,UCVzLLZkDuFGAE2BGdBuBNBg,Bluey and Bingo play Pass the Parcel!💙🎁 | FULL EPISODES | Bluey,2026-09-12 15:00:29,PT1H56M18S,True,1272791,2025,,2026-09-20 19:52:40
ovkA9GjA9N0,UCVzLLZkDuFGAE2BGdBuBNBg,🔴LIVE: Bluey and Bingo are off to School!💙📚| 2 HOURS | ﻿Bluey,2026-09-10 18:07:39,PT1H59M56S,True,153202,569,,2026-09-20 19:52:40
J-MNiM75Y-U,UCVzLLZkDuFGAE2BGdBuBNBg,EVERY LEGO Bluey Short! 💙 | New Compilation ✨ | Bluey,2026-09-10 15:00:31,PT20M25S,True,1870476,2267,,2026-09-20 19:52:40
6BE_T0X1huI,UCVzLLZkDuFGAE2BGdBuBNBg,Don't be a Dobber sweetie!💙😉💧 | Bluey  #bluey,2026-09-09 16:00:15,PT12S,True,248722,2745,,2026-09-20 19:52:40
B268_2E0MbY,UCVzLLZkDuFGAE2BGdBuBNBg,Bluey and Bingo Build the Bedroom! 😴 🧸 | 2 HOURS of Imaginative Play 💙 | Bluey,2026-09-09 15:00:16,PT2H3M4S,True,1766252,2688,,2026-09-20 19:52:40
BfqV7muTtMU,UCVzLLZkDuFGAE2BGdBuBNBg,Bingo Read Aloud By Isla Fisher ⭐️ | Bluey Book Reads Series 3 💙 | Bluey,2026-09-08 15:00:07,PT5M30S,True,1084614,1449,,2026-09-20 19:52:40
lxezNgvYvs8,UCVzLLZkDuFGAE2BGdBuBNBg,Brand New Original Series: Bluey Book Reads 📚 | Bluey,2026-09-08 11:00:14,PT35S,True,919549,347,,2026-09-20 19:52:40
KpOe3SISRKQ,UCVzLLZkDuFGAE2BGdBuBNBg,Bluey helps Indy with her Early Baby💙🍼🥹 | ﻿35 MINUTES | Bluey,2026-09-07 15:00:35,PT36M19S,True,252110,573,,2026-09-20 19:52:40
1qb-8hOLHOA,UCVzLLZkDuFGAE2BGdBuBNBg,🔴 LIVE: Bandit checks into Bluey and Bingo's Hotel!💙😁🏨﻿ | Bluey,2026-09-07 00:37:56,PT7H59M56S,True,311421,1072,,2026-09-20 19:52:40
gk73udXY__E,UCVzLLZkDuFGAE2BGdBuBNBg,Playing Cricket with Rusty!💙🥎 ﻿| Outdoor Fun with Bluey🌳 | Bluey,2026-09-06 15:00:33,PT1H46M49S,True,187754,410,,2026-09-20 19:52:40
68wi0lXUpRk,UCVzLLZkDuFGAE2BGdBuBNBg,🔴LIVE: Bluey & Bingo's BEST Please Face 🥹 | 6 HOURS 💙 | Bluey,2026-09-05 22:14:06,PT5H59M56S,True,521580,1539,,2026-09-20 19:52:40
6bAlobKgpzU,UCVzLLZkDuFGAE2BGdBuBNBg,Let's Make Stories at School ✏️ 🌈 | Bluey Full Episodes 💙 | Bluey,2026-09-05 15:00:31,PT1H56M19S,True,338902,684,,2026-09-20 19:52:40
l44_vbHLRMM,UCVzLLZkDuFGAE2BGdBuBNBg,🔴LIVE: Bluey and Bingo try to clean Unicorse up!🪥😫🦄 | Bluey,2026-09-05 00:15:43,PT7H59M56S,True,302335,723,,2026-09-20 19:52:40
HjEiOV5k_R4,UCVzLLZkDuFGAE2BGdBuBNBg,Dad was Born Yesterday! 🍼 | LEGO Bluey Shorts: BRAND NEW Moments 💙 | Bluey,2026-09-03 15:00:04,PT2M14S,True,345748,895,,2026-09-20 19:52:40
WVj-ZUOrL9Q,UCVzLLZkDuFGAE2BGdBuBNBg,Bandit gets caught TEASING!💙😬 | Bluey #bluey,2026-09-02 16:00:02,PT40S,True,508997,6933,,2026-09-20 19:52:40
3dIkr4QLbPg,UCVzLLZkDuFGAE2BGdBuBNBg,🔴LIVE: Bluey and Bingo Sing the Bug Song 🎶 🐛 | Music Moments 💙 | 4 HOURS | Bluey,2026-09-01 20:12:49,PT3H59M56S,True,644810,705,,2026-09-20 19:52:40
eU5xCRh0rLI,UCVzLLZkDuFGAE2BGdBuBNBg,🔴LIVE: Bandit is Being SILLY and Not Moving 🤣 ✋ | Ragdoll Game with Bluey! ✨ | 2 HOURS | Bluey,2026-08-31 18:06:32,PT1H59M56S,True,268728,687,,2026-09-20 19:52:40
FjMaCQchifs,UCVzLLZkDuFGAE2BGdBuBNBg,Bluey and Bingo Discover the BUNK BEDS! 😯 💙 | Games on Holiday ☀️ | Bluey,2026-08-31 15:00:22,PT1H37M59S,True,1249341,1874,,2026-09-20 19:52:40
QNmNqbgjziM,UCVzLLZkDuFGAE2BGdBuBNBg,You can't have cereal for dinner! 💙🥣 | Bluey #bluey,2026-08-30 16:00:17,PT20S,True,300433,3939,,2026-09-20 19:52:40
zDRPpG-z44E,UCVzLLZkDuFGAE2BGdBuBNBg,🔴LIVE: Bluey has her own pizza restaurant!💙🍕 | 8+ HOURS | Bluey,2026-08-30 00:53:19,PT8H29M55S,True,511243,1261,,2026-09-20 19:52:40
73RwjsAn1VQ,UCVzLLZkDuFGAE2BGdBuBNBg,Bandit Pretends to be Pregnant with Bingo! 💙 😂 | FULL EPISODES | ﻿Bluey,2026-08-29 15:00:10,PT1H56M29S,True,2216500,3963,,2026-09-20 19:52:40
qwGmKmTucPY,UCVzLLZkDuFGAE2BGdBuBNBg,🔴LIVE: Bluey and Bingo pretend to be Grannies!👵💙 | ﻿8 HOURS | Bluey,2026-08-29 00:21:10,PT7H59M55S,True,350767,943,,2026-09-20 19:52:40
BkCDFS2KQMs,UCVzLLZkDuFGAE2BGdBuBNBg,Take a Lick!💙🍦| Bluey #bluey,2026-08-27 16:00:15,PT28S,True,674233,8675,,2026-09-20 19:52:40
xBQJCRjEGrI,UCVzLLZkDuFGAE2BGdBuBNBg,Obstacle Course Adventure! 🏁 | LEGO Bluey Shorts: BRAND NEW Moments 💙 | Bluey,2026-08-27 15:00:03,PT1M50S,True,533476,961,,2026-09-20 19:52:40
LBF528LOsoc,UCVzLLZkDuFGAE2BGdBuBNBg,🔴 LIVE: The Fairies Put a Spell on Bingo! 🧚 🧡 | 4 HOURS | ﻿Bluey,2026-08-26 20:13:30,PT3H59M56S,True,930003,634,,2026-09-20 19:52:40
Epxqj9jXs4Y,UCVzLLZkDuFGAE2BGdBuBNBg,Bluey and Bingo show Bandit Rug Island! 🏝️ ☺️ | 1 HOUR of Family Moments 💙 | Bluey,2026-08-26 15:00:24,PT56M58S,True,561287,1411,,2026-09-20 19:52:40
fnoFXhmy4-c,UCVzLLZkDuFGAE2BGdBuBNBg,🔴 LIVE: Bandit Won't Stop Teasing! 😂 💙 | 2 HOURS | ﻿Bluey,2026-08-24 18:08:27,PT1H59M56S,True,691124,1222,,2026-09-20 19:52:40
QxxHEb3jFa0,UCVzLLZkDuFGAE2BGdBuBNBg,Bluey's BIG Splash with Friends! 💧 ☀️ | Minisode Moments 💙 | Bluey,2026-08-24 15:00:23,PT31M51S,True,384867,938,,2026-09-20 19:52:40
i6yHNspt_GI,UCVzLLZkDuFGAE2BGdBuBNBg,🔴 LIVE: Pom Pom Plays Pass the Parcel! 💙 🎁 | FULL EPISODES | 6+ Hours | Bluey,2026-08-23 22:47:04,PT6H29M56S,True,173781,568,,2026-09-20 19:52:40
-dzl8DOsuio,UCVzLLZkDuFGAE2BGdBuBNBg,Let Bingo Go! 🤣 | Bluey Morning Moment ☀️ | Jokes with the Family 💙 | Bluey,2026-08-23 15:00:19,PT57M27S,True,949050,2280,,2026-09-20 19:52:40
WWOQBB9bomw,UCVzLLZkDuFGAE2BGdBuBNBg,Unicorse is Being Silly 🤣 🦄 | Best Bluey Full Episodes 💙 | Bluey,2026-08-22 15:00:27,PT39M50S,True,2076736,4907,,2026-09-20 19:52:40
xrOQp1WiTNI,UCVzLLZkDuFGAE2BGdBuBNBg,🔴LIVE: Bluey is Playing Mermaids at the Beach 🏖️ 🧜‍♀️ | 8 HOURS of Full Episodes! 💙 | Bluey,2026-08-22 00:45:37,PT8H27M56S,True,448573,786,,2026-09-20 19:52:40
iPnLwR26BvI,UCVzLLZkDuFGAE2BGdBuBNBg,Keepy Uppy 🎈| LEGO Bluey Shorts: BRAND NEW Moments 💙 | Bluey,2026-08-20 15:00:10,PT2M38S,True,1003442,1253,,2026-09-20 19:52:40
jzUR0G9aJyg,UCVzLLZkDuFGAE2BGdBuBNBg,🔴LIVE: Bluey and her Friends play Circus!💙🎪 | ﻿4 HOURS ﻿| Bluey,2026-08-19 21:08:43,PT3H59M56S,True,1084809,810,,2026-09-20 19:52:40
UtxqHTxzQbU,UCVzLLZkDuFGAE2BGdBuBNBg,Bluey Makes Pizzas for Mum and Dad 🍕 ☺️ | Full Episode Compilation 💙 | Bluey,2026-08-19 15:00:06,PT52M33S,True,1206026,1346,,2026-09-20 19:52:40
JGhDtaU2IBY,UCVzLLZkDuFGAE2BGdBuBNBg,🔴LIVE: Bluey Plays a Game at School ☺️ ⭐️ | Pretend Helicopter with Friends! 🚁 | Bluey,2026-08-17 18:33:56,PT1H59M56S,True,305876,461,,2026-09-20 19:52:40
ojuobUotFwQ,UCVzLLZkDuFGAE2BGdBuBNBg,Bluey and Bandit are Playing Zoo! 🦍 💙 | Funny Compilation ✨ | Bluey,2026-08-17 15:00:32,PT1H31M43S,True,1150116,1322,,2026-09-20 19:52:40
