invoice_no,io_number,bill_to_name,invoice_date,service_month,gross_amount,credit_amount,net_amount,status,paid_date
INV-000001,IO-2025-0001,PAPER MOON GETAWAYS,12/02/2025,2025-11,88700.0,0.0,88700.0,Paid,01/25/2026
INV-000002,IO-2025-0001,Paper Moon Getaways,01/01/2026,2025-12,88700.0,0.0,88700.0,Paid,02/23/2026
INV-000003,IO-2025-0002,Willowbrook Getaways,11/02/2025,2025-10,22375.0,0.0,22375.0,Paid,12/12/2025
INV-000004,IO-2025-0002,WILLOWBROOK GETAWAYS,12/06/2025,2025-11,22375.0,0.0,22375.0,Paid,02/10/2026
INV-000005,IO-2025-0002,WILLOWBROOK GETAWAYS,01/02/2026,2025-12,22375.0,0.0,22375.0,Paid,02/24/2026
INV-000006,IO-2025-0002,Willowbrook Getaways Inc.,02/06/2026,2026-01,22375.0,0.0,22375.0,Paid,04/08/2026
INV-000007,IO-2025-0003,Willowbrook Getaways,08/01/2025,2025-07,72650.0,0.0,72650.0,Paid,10/08/2025
INV-000008,IO-2025-0003,Willowbrook Getaways,08/30/2025,2025-08,72650.0,20487.13,52162.87,Paid,10/16/2025
INV-000009,IO-2025-0004,Moonpie Littles,06/03/2025,2025-05,19350.0,0.0,19350.0,Paid,07/17/2025
INV-000010,IO-2025-0004,Moonpie Littles,07/05/2025,2025-06,19350.0,0.0,19350.0,Paid,09/26/2025
INV-000011,IO-2025-0004,Moonpie Littles,07/29/2025,2025-07,19350.0,0.0,19350.0,Paid,09/28/2025
INV-000012,IO-2025-0004,Moonpie Littles,09/05/2025,2025-08,19350.0,9795.01,9554.99,Paid,10/25/2025
INV-000013,IO-2025-0005,Firefly Foods Inc.,07/01/2025,2025-06,18100.0,0.0,18100.0,Paid,09/07/2025
INV-000014,IO-2025-0005,FIREFLY FOODS,08/04/2025,2025-07,18100.0,0.0,18100.0,Paid,09/23/2025
INV-000015,IO-2025-0005,Firefly Foods,09/03/2025,2025-08,18100.0,0.0,18100.0,Paid,10/30/2025
INV-000016,IO-2025-0005,Firefly Foods,10/02/2025,2025-09,18100.0,4183.75,13916.25,Paid,11/18/2025
INV-000017,IO-2025-0006,Saffron Playthings Inc.,12/01/2025,2025-11,117250.0,0.0,117250.0,Paid,01/23/2026
INV-000018,IO-2025-0006,Saffron Playthings,01/04/2026,2025-12,117250.0,13381.67,103868.33,Paid,02/23/2026
INV-000019,IO-2025-0007,Tumbletown Kitchen,06/03/2025,2025-05,74750.0,0.0,74750.0,Paid,07/17/2025
INV-000020,IO-2025-0007,TumbletownKitchen,07/07/2025,2025-06,74750.0,0.0,74750.0,Paid,09/01/2025
INV-000021,IO-2025-0008,Treetop Pictures,08/05/2025,2025-07,84750.0,0.0,84750.0,Paid,09/20/2025
INV-000022,IO-2025-0008,Treetop Pictures,09/06/2025,2025-08,84750.0,0.0,84750.0,Paid,11/05/2025
INV-000023,IO-2026-0002,Kitefield Snacks,05/07/2026,2026-04,26700.0,0.0,26700.0,Paid,06/26/2026
INV-000024,IO-2026-0002,Kitefield Snacks,06/01/2026,2026-05,26700.0,0.0,26700.0,Paid,07/04/2026
INV-000025,IO-2026-0003,Quill Labs,08/05/2026,2026-07,4650.0,0.0,4650.0,Open,
INV-000026,IO-2026-0003,QUILL LABS,09/06/2026,2026-08,4650.0,0.0,4650.0,Open,
INV-000028,IO-2026-0004,Zippy Learning,07/01/2026,2026-06,39675.0,0.0,39675.0,Paid,09/20/2026
INV-000029,IO-2026-0004,ZippyLearning,07/29/2026,2026-07,39675.0,0.0,39675.0,Open,
INV-000030,IO-2026-0004,ZippyLearning,09/03/2026,2026-08,39675.0,0.0,39675.0,Open,
INV-000032,IO-2026-0005,Fernwood Playthings,08/03/2026,2026-07,101550.0,0.0,101550.0,Open,
INV-000033,IO-2026-0005,FERNWOOD PLAYTHINGS,09/03/2026,2026-08,101550.0,15249.12,86300.88,Open,
INV-000034,IO-2026-0006,Tumbletown Kitchen,03/08/2026,2026-02,36700.0,0.0,36700.0,Paid,05/12/2026
INV-000035,IO-2026-0006,Tumbletown Kitchen,03/30/2026,2026-03,36700.0,0.0,36700.0,Paid,05/26/2026
INV-000036,IO-2025-0009,Tumbletown Kitchen Inc.,09/06/2025,2025-08,85500.0,0.0,85500.0,Paid,10/29/2025
INV-000037,IO-2025-0009,Tumbletown Kitchen Inc.,10/04/2025,2025-09,85500.0,0.0,85500.0,Paid,12/07/2025
INV-000038,IO-2026-0007,MEADOWLARK FOODS,04/04/2026,2026-03,33400.0,0.0,33400.0,Paid,05/27/2026
INV-000039,IO-2026-0007,Meadowlark Foods,04/29/2026,2026-04,33400.0,0.0,33400.0,Paid,06/06/2026
INV-000040,IO-2026-0007,Meadowlark Foods,06/03/2026,2026-05,33400.0,5874.59,27525.41,Paid,07/08/2026
INV-000041,IO-2026-0008,MOONPIE LITTLES,05/06/2026,2026-04,34000.0,0.0,34000.0,Paid,06/25/2026
INV-000042,IO-2026-0008,MOONPIE LITTLES,06/01/2026,2026-05,34000.0,0.0,34000.0,Paid,07/26/2026
INV-000043,IO-2026-0008,Moonpie Littles,07/04/2026,2026-06,34000.0,1312.67,32687.33,Overdue,
INV-000044,IO-2025-0010,Larkspur Play+,07/01/2025,2025-06,59766.67,0.0,59766.67,Paid,08/22/2025
INV-000045,IO-2025-0010,Larkspur Play+,08/02/2025,2025-07,59766.67,0.0,59766.67,Paid,09/25/2025
INV-000046,IO-2025-0010,Larkspur Play+ Inc.,08/29/2025,2025-08,59766.67,0.0,59766.67,Paid,10/17/2025
INV-000047,IO-2025-0011,Firefly Foods,04/05/2025,2025-03,77633.33,0.0,77633.33,Paid,06/05/2025
INV-000048,IO-2025-0011,FIREFLY FOODS,05/02/2025,2025-04,77633.33,0.0,77633.33,Paid,06/28/2025
INV-000049,IO-2025-0011,Firefly Foods Inc.,05/30/2025,2025-05,77633.33,0.0,77633.33,Paid,07/15/2025
INV-000050,IO-2025-0012,HarborviewLearning,07/30/2025,2025-07,14933.33,0.0,14933.33,Paid,09/09/2025
INV-000051,IO-2025-0012,Harborview Learning,09/04/2025,2025-08,14933.33,0.0,14933.33,Paid,10/23/2025
INV-000052,IO-2025-0012,Harborview Learning Inc.,10/01/2025,2025-09,14933.33,0.0,14933.33,Paid,11/13/2025
INV-000053,IO-2025-0013,Zippy Learning,10/03/2025,2025-09,38500.0,0.0,38500.0,Paid,11/23/2025
INV-000054,IO-2025-0013,ZIPPY LEARNING,10/29/2025,2025-10,38500.0,0.0,38500.0,Paid,12/23/2025
INV-000055,IO-2025-0013,ZIPPY LEARNING,11/29/2025,2025-11,38500.0,0.0,38500.0,Paid,01/15/2026
INV-000056,IO-2026-0009,Clover Parks Inc.,05/30/2026,2026-05,38033.33,0.0,38033.33,Paid,08/09/2026
INV-000057,IO-2026-0009,CLOVER PARKS,06/30/2026,2026-06,38033.33,0.0,38033.33,Paid,09/05/2026
INV-000058,IO-2026-0009,Clover Parks Inc.,07/29/2026,2026-07,38033.33,0.0,38033.33,Paid,09/18/2026
INV-000059,IO-2025-0014,Firefly Foods,09/02/2025,2025-08,152800.01,0.0,152800.01,Paid,10/14/2025
INV-000060,IO-2026-0010,Bumblebee Toys,05/03/2026,2026-04,127800.0,0.0,127800.0,Paid,06/25/2026
INV-000061,IO-2026-0010,Bumblebee Toys,05/30/2026,2026-05,127800.0,12548.08,115251.92,Paid,07/21/2026
INV-000062,IO-2025-0015,Pebblestone Baby,08/06/2025,2025-07,53400.0,0.0,53400.0,Paid,09/28/2025
INV-000063,,Pebblestone Baby,09/01/2025,2025-08,53400.0,0.0,53400.0,Paid,10/20/2025
INV-000064,IO-2026-0011,PEBBLESTONE BABY,03/01/2026,2026-02,34100.0,0.0,34100.0,Paid,04/11/2026
INV-000065,IO-2026-0011,Pebblestone Baby Inc.,03/29/2026,2026-03,34100.0,0.0,34100.0,Paid,05/22/2026
INV-000066,IO-2026-0011,Pebblestone Baby,05/07/2026,2026-04,34100.0,1776.06,32323.94,Paid,06/25/2026
INV-000067,IO-2025-0016,Sprout Toys,11/29/2025,2025-11,29075.0,0.0,29075.0,Paid,01/18/2026
INV-000068,IO-2025-0016,Sprout Toys,12/29/2025,2025-12,29075.0,0.0,29075.0,Paid,02/22/2026
INV-000069,IO-2025-0016,Sprout Toys,01/30/2026,2026-01,29075.0,0.0,29075.0,Paid,03/24/2026
INV-000070,IO-2025-0016,SproutToys,03/06/2026,2026-02,29075.0,13055.85,16019.15,Paid,04/29/2026
INV-000071,IO-2026-0012,Bluebell Baby Inc.,06/01/2026,2026-05,8433.33,0.0,8433.33,Paid,07/20/2026
INV-000072,IO-2026-0012,Bluebell Baby Inc.,07/05/2026,2026-06,8433.33,0.0,8433.33,Paid,09/01/2026
INV-000073,IO-2026-0012,BluebellBaby,07/29/2026,2026-07,8433.33,0.0,8433.33,Paid,09/12/2026
INV-000074,IO-2026-0013,Paper Moon Getaways,07/02/2026,2026-06,75550.0,0.0,75550.0,Paid,08/11/2026
INV-000075,IO-2026-0013,PAPER MOON GETAWAYS,08/04/2026,2026-07,75550.0,5440.98,70109.02,Paid,09/16/2026
INV-000076,IO-2025-0017,Cloudberry Baby,05/31/2025,2025-05,70650.0,0.0,70650.0,Paid,07/15/2025
INV-000077,IO-2025-0017,CloudberryBaby,07/03/2025,2025-06,70650.0,10474.75,60175.25,Paid,08/10/2025
INV-000078,IO-2026-0014,Paper Moon Getaways,07/05/2026,2026-06,42950.0,0.0,42950.0,Paid,08/07/2026
INV-000079,IO-2026-0014,Paper Moon Getaways Inc.,07/30/2026,2026-07,42950.0,0.0,42950.0,Open,
INV-000080,IO-2026-0015,Zippy Learning,03/06/2026,2026-02,5475.0,0.0,5475.0,Paid,05/14/2026
INV-000081,IO-2026-0015,Zippy Learning,04/04/2026,2026-03,5475.0,0.0,5475.0,Paid,06/03/2026
INV-000082,IO-2026-0015,Zippy Learning,05/03/2026,2026-04,5475.0,0.0,5475.0,Paid,06/20/2026
INV-000083,IO-2026-0015,Zippy Learning Inc.,06/02/2026,2026-05,5475.0,0.0,5475.0,Paid,07/05/2026
INV-000084,IO-2025-0018,Bluebell Baby,10/04/2025,2025-09,37250.0,0.0,37250.0,Paid,11/29/2025
INV-000085,,Bluebell Baby Inc.,11/04/2025,2025-10,37250.0,0.0,37250.0,Paid,12/08/2025
INV-000086,IO-2025-0019,Paper Moon Getaways,09/29/2025,2025-09,129200.0,0.0,129200.0,Paid,11/20/2025
INV-000087,IO-2025-0019,PAPER MOON GETAWAYS,11/02/2025,2025-10,129200.0,0.0,129200.0,Paid,12/16/2025
INV-000088,IO-2025-0020,SeashellLabs,06/03/2025,2025-05,15575.0,0.0,15575.0,Paid,06/29/2025
INV-000089,IO-2025-0020,SEASHELL LABS,06/30/2025,2025-06,15575.0,0.0,15575.0,Paid,09/09/2025
INV-000090,IO-2025-0020,SeashellLabs,08/05/2025,2025-07,15575.0,0.0,15575.0,Paid,09/12/2025
INV-000091,IO-2025-0020,Seashell Labs,08/30/2025,2025-08,15575.0,0.0,15575.0,Paid,10/18/2025
INV-000092,IO-2025-0021,Brightbloom Snacks,06/03/2025,2025-05,31066.67,0.0,31066.67,Paid,07/25/2025
INV-000093,IO-2025-0021,Brightbloom Snacks,07/07/2025,2025-06,31066.67,0.0,31066.67,Paid,08/24/2025
INV-000094,IO-2025-0021,BRIGHTBLOOM SNACKS,08/02/2025,2025-07,31066.67,0.0,31066.67,Paid,09/30/2025
INV-000095,IO-2026-0016,BLUEBELL BABY,06/03/2026,2026-05,33233.33,0.0,33233.33,Paid,07/18/2026
INV-000096,IO-2026-0016,Bluebell Baby,07/04/2026,2026-06,33233.33,0.0,33233.33,Paid,08/31/2026
INV-000097,IO-2026-0016,Bluebell Baby,07/31/2026,2026-07,33233.33,0.0,33233.33,Open,
INV-000098,IO-2026-0017,Paper Moon Getaways,03/31/2026,2026-03,35125.0,0.0,35125.0,Paid,05/07/2026
INV-000099,IO-2026-0017,PAPER MOON GETAWAYS,05/07/2026,2026-04,35125.0,0.0,35125.0,Paid,07/02/2026
INV-000100,IO-2026-0017,PAPER MOON GETAWAYS,05/30/2026,2026-05,35125.0,0.0,35125.0,Paid,07/10/2026
INV-000101,IO-2026-0017,Paper Moon Getaways Inc.,07/02/2026,2026-06,35125.0,12683.0,22442.0,Paid,08/11/2026
INV-000102,IO-2025-0022,Paper Moon Getaways,02/03/2026,2026-01,96350.0,0.0,96350.0,Paid,04/01/2026
INV-000103,IO-2025-0022,Paper Moon Getaways Inc.,03/07/2026,2026-02,96350.0,7001.18,89348.82,Paid,04/25/2026
INV-000104,IO-2026-0018,Brightbloom Snacks,05/04/2026,2026-04,49900.0,0.0,49900.0,Paid,07/01/2026
INV-000105,IO-2026-0018,BrightbloomSnacks,06/01/2026,2026-05,49900.0,0.0,49900.0,Paid,07/29/2026
INV-000106,IO-2025-0023,Sunnyside Play+,09/06/2025,2025-08,29666.67,0.0,29666.67,Paid,10/12/2025
INV-000107,IO-2025-0023,Sunnyside Play+ Inc.,10/03/2025,2025-09,29666.67,0.0,29666.67,Paid,12/04/2025
INV-000108,IO-2025-0023,SUNNYSIDE PLAY+,11/05/2025,2025-10,29666.67,18535.14,11131.53,Paid,01/01/2026
INV-000109,IO-2025-0024,Moonpie Littles,01/06/2026,2025-12,32500.0,0.0,32500.0,Paid,02/21/2026
INV-000110,,Moonpie Littles Inc.,01/31/2026,2026-01,32500.0,0.0,32500.0,Paid,03/24/2026
INV-000111,IO-2025-0024,Moonpie Littles,03/06/2026,2026-02,32500.0,0.0,32500.0,Paid,05/08/2026
INV-000112,IO-2025-0024,Moonpie Littles Inc.,04/03/2026,2026-03,32500.0,7674.72,24825.28,Paid,05/23/2026
INV-000113,IO-2025-0025,PAPER MOON GETAWAYS,12/31/2025,2025-12,87733.33,0.0,87733.33,Paid,03/20/2026
INV-000114,IO-2025-0025,PAPER MOON GETAWAYS,01/31/2026,2026-01,87733.33,0.0,87733.33,Paid,04/12/2026
INV-000115,IO-2025-0025,Paper Moon Getaways,03/04/2026,2026-02,87733.33,21790.78,65942.55,Paid,04/28/2026
INV-000116,IO-2025-0026,Zippy Learning,07/04/2025,2025-06,34400.0,0.0,34400.0,Paid,08/24/2025
INV-000117,IO-2025-0026,Zippy Learning Inc.,08/06/2025,2025-07,34400.0,1920.36,32479.64,Paid,09/26/2025
INV-000118,IO-2026-0020,Driftwood Care Inc.,09/03/2026,2026-08,11350.0,0.0,11350.0,Open,
INV-000120,IO-2026-0021,Kitefield Snacks,09/06/2026,2026-08,120950.0,0.0,120950.0,Open,
INV-000122,IO-2025-0027,Quill Labs,10/01/2025,2025-09,22500.0,0.0,22500.0,Paid,01/05/2026
INV-000123,IO-2025-0027,Quill Labs,10/31/2025,2025-10,22500.0,0.0,22500.0,Paid,01/10/2026
INV-000124,IO-2025-0028,Bluebell Baby Inc.,10/06/2025,2025-09,35600.0,0.0,35600.0,Paid,12/06/2025
INV-000125,IO-2025-0028,Bluebell Baby Inc.,10/29/2025,2025-10,35600.0,4578.54,31021.46,Paid,01/02/2026
INV-000126,IO-2025-0029,Honeycomb Market,12/04/2025,2025-11,110300.0,0.0,110300.0,Paid,02/02/2026
INV-000127,IO-2025-0029,Honeycomb Market Inc.,01/04/2026,2025-12,110300.0,15479.94,94820.06,Paid,02/25/2026
INV-000128,IO-2025-0030,Pip and Pop Games,12/03/2025,2025-11,92950.0,0.0,92950.0,Paid,02/01/2026
INV-000129,IO-2025-0030,Pip&PopGames,01/01/2026,2025-12,92950.0,0.0,92950.0,Paid,03/11/2026
INV-000130,IO-2025-0031,Snugglebug Market Inc.,09/02/2025,2025-08,130100.0,0.0,130100.0,Paid,10/25/2025
INV-000131,IO-2025-0031,Snugglebug Market,09/29/2025,2025-09,130100.0,0.0,130100.0,Paid,11/22/2025
INV-000132,IO-2025-0032,Saffron Playthings,11/01/2025,2025-10,50900.0,0.0,50900.0,Paid,01/19/2026
INV-000133,IO-2025-0032,Saffron Playthings Inc.,12/07/2025,2025-11,50900.0,0.0,50900.0,Paid,02/02/2026
INV-000134,IO-2025-0032,Saffron Playthings,01/04/2026,2025-12,50900.0,2119.38,48780.62,Paid,02/14/2026
INV-000135,IO-2025-0033,HARBORVIEW LEARNING,05/29/2025,2025-05,36200.0,0.0,36200.0,Paid,08/01/2025
INV-000136,IO-2025-0033,Harborview Learning,07/06/2025,2025-06,36200.0,9968.46,26231.54,Paid,09/02/2025
INV-000137,IO-2026-0023,Cloudberry Baby,07/06/2026,2026-06,14833.33,0.0,14833.33,Paid,08/21/2026
INV-000138,IO-2026-0023,Cloudberry Baby,07/29/2026,2026-07,14833.33,0.0,14833.33,Paid,09/07/2026
INV-000139,IO-2026-0023,Cloudberry Baby Inc.,08/29/2026,2026-08,14833.33,753.51,14079.82,Open,
INV-000140,IO-2025-0034,Acorn Essentials Inc.,05/07/2025,2025-04,34166.67,0.0,34166.67,Paid,06/29/2025
INV-000141,IO-2025-0034,Acorn Essentials,06/06/2025,2025-05,34166.67,0.0,34166.67,Paid,07/15/2025
INV-000142,IO-2025-0034,ACORN ESSENTIALS,06/30/2025,2025-06,34166.67,0.0,34166.67,Paid,08/21/2025
INV-000143,IO-2026-0024,Seashell Labs,08/05/2026,2026-07,30650.0,0.0,30650.0,Open,
INV-000144,IO-2026-0024,SeashellLabs,09/01/2026,2026-08,30650.0,0.0,30650.0,Open,
INV-000145,IO-2025-0035,Meadowlark Foods,12/03/2025,2025-11,81200.0,0.0,81200.0,Paid,01/31/2026
INV-000146,IO-2025-0035,Meadowlark Foods,01/01/2026,2025-12,81200.0,0.0,81200.0,Paid,02/02/2026
INV-000147,IO-2025-0035,Meadowlark Foods,02/02/2026,2026-01,81200.0,6023.77,75176.23,Paid,03/14/2026
INV-000148,IO-2025-0036,Moonpie Littles,10/06/2025,2025-09,36050.0,0.0,36050.0,Paid,11/23/2025
INV-000149,IO-2025-0036,MOONPIE LITTLES,11/05/2025,2025-10,36050.0,0.0,36050.0,Paid,01/13/2026
INV-000150,IO-2026-0025,HazelnutKidsWear,07/04/2026,2026-06,23700.0,0.0,23700.0,Overdue,
INV-000151,IO-2026-0025,Hazelnut Kids Wear,08/06/2026,2026-07,23700.0,0.0,23700.0,Open,
INV-000152,IO-2026-0025,HazelnutKidsWear,08/30/2026,2026-08,23700.0,7276.78,16423.22,Open,
INV-000154,IO-2025-0037,Tinkertown Learning,02/02/2026,2026-01,29050.0,0.0,29050.0,Paid,02/26/2026
INV-000155,IO-2025-0037,Tinkertown Learning,03/07/2026,2026-02,29050.0,0.0,29050.0,Paid,05/10/2026
INV-000156,IO-2026-0027,JUNIPER PLAY+,05/05/2026,2026-04,72466.67,0.0,72466.67,Paid,07/03/2026
INV-000157,IO-2026-0027,Juniper Play+,06/06/2026,2026-05,72466.67,0.0,72466.67,Paid,08/02/2026
INV-000158,IO-2026-0027,Juniper Play+,07/01/2026,2026-06,72466.67,7512.96,64953.71,Paid,08/09/2026
INV-000159,IO-2025-0038,CloverParks,06/02/2025,2025-05,34333.33,0.0,34333.33,Paid,08/18/2025
INV-000160,IO-2025-0038,Clover Parks Inc.,07/07/2025,2025-06,34333.33,0.0,34333.33,Paid,09/17/2025
INV-000161,IO-2025-0038,CLOVER PARKS,08/02/2025,2025-07,34333.33,0.0,34333.33,Paid,09/28/2025
INV-000162,IO-2026-0028,PaperMoonGetaways,09/04/2026,2026-08,108700.0,0.0,108700.0,Open,
INV-000164,IO-2026-0029,Wildflower Play+,07/01/2026,2026-06,27700.0,0.0,27700.0,Paid,08/24/2026
INV-000165,IO-2026-0029,WildflowerPlay+,07/29/2026,2026-07,27700.0,0.0,27700.0,Open,
INV-000166,IO-2026-0029,Wildflower Play+,09/03/2026,2026-08,27700.0,0.0,27700.0,Open,
INV-000168,IO-2026-0030,Zippy Learning,05/06/2026,2026-04,28250.0,0.0,28250.0,Paid,06/01/2026
INV-000169,IO-2026-0030,ZIPPY LEARNING,06/05/2026,2026-05,28250.0,0.0,28250.0,Paid,07/13/2026
INV-000171,IO-2026-0032,Copperkettle Studios Inc.,08/06/2026,2026-07,73700.0,0.0,73700.0,Open,
INV-000172,IO-2026-0032,COPPERKETTLE STUDIOS,09/04/2026,2026-08,73700.0,0.0,73700.0,Open,
INV-000174,IO-2025-0039,Pinwheel Playthings,11/01/2025,2025-10,114900.0,0.0,114900.0,Paid,12/30/2025
INV-000175,IO-2025-0039,Pinwheel Playthings,12/03/2025,2025-11,114900.0,13001.23,101898.77,Paid,01/22/2026
INV-000176,IO-2025-0040,Bluebell Baby,07/31/2025,2025-07,23000.0,0.0,23000.0,Paid,09/22/2025
INV-000177,IO-2025-0040,BLUEBELL BABY,09/06/2025,2025-08,23000.0,0.0,23000.0,Paid,10/15/2025
INV-000178,IO-2025-0040,Bluebell Baby,10/02/2025,2025-09,23000.0,3415.32,19584.68,Paid,11/09/2025
INV-000179,IO-2025-0041,Cloudberry Baby,08/29/2025,2025-08,43550.0,0.0,43550.0,Paid,10/22/2025
INV-000180,IO-2025-0041,Cloudberry Baby Inc.,10/02/2025,2025-09,43550.0,0.0,43550.0,Paid,11/18/2025
INV-000181,IO-2025-0042,Zippy Learning,01/31/2026,2026-01,30300.0,0.0,30300.0,Paid,03/26/2026
INV-000182,IO-2025-0042,ZIPPY LEARNING,03/07/2026,2026-02,30300.0,0.0,30300.0,Paid,05/06/2026
INV-000183,IO-2025-0042,Zippy Learning Inc.,04/05/2026,2026-03,30300.0,8682.48,21617.52,Paid,06/17/2026
INV-000184,IO-2025-0043,Pip & Pop Games Inc.,11/05/2025,2025-10,18100.0,0.0,18100.0,Paid,12/28/2025
INV-000185,IO-2025-0043,Pip & Pop Games Inc.,12/01/2025,2025-11,18100.0,0.0,18100.0,Paid,02/14/2026
INV-000186,IO-2025-0043,Pip & Pop Games,12/30/2025,2025-12,18100.0,0.0,18100.0,Paid,02/26/2026
INV-000187,IO-2025-0043,Pip and Pop Games,02/02/2026,2026-01,18100.0,14549.54,3550.46,Paid,04/05/2026
INV-000188,IO-2025-0044,PEPPERPOT PICTURES,12/05/2025,2025-11,108050.0,0.0,108050.0,Paid,02/09/2026
INV-000189,IO-2025-0044,PEPPERPOT PICTURES,01/03/2026,2025-12,108050.0,42971.11,65078.89,Paid,03/06/2026
INV-000190,IO-2026-0033,Rocket Pup Outfitters,06/03/2026,2026-05,42200.0,0.0,42200.0,Paid,07/17/2026
INV-000191,IO-2026-0033,ROCKET PUP OUTFITTERS,06/29/2026,2026-06,42200.0,0.0,42200.0,Paid,09/03/2026
INV-000192,IO-2025-0045,Honeycomb Market,09/30/2025,2025-09,61400.0,0.0,61400.0,Paid,11/18/2025
INV-000193,IO-2025-0045,Honeycomb Market,10/29/2025,2025-10,61400.0,0.0,61400.0,Paid,12/25/2025
INV-000194,IO-2025-0046,HARBORVIEW LEARNING,09/02/2025,2025-08,14950.0,0.0,14950.0,Paid,10/27/2025
INV-000195,IO-2025-0046,Harborview Learning,10/06/2025,2025-09,14950.0,0.0,14950.0,Paid,12/12/2025
INV-000196,IO-2025-0046,Harborview Learning Inc.,10/31/2025,2025-10,14950.0,0.0,14950.0,Paid,12/28/2025
INV-000197,IO-2025-0046,Harborview Learning Inc.,12/03/2025,2025-11,14950.0,2697.34,12252.66,Paid,01/09/2026
INV-000198,IO-2026-0034,Bluebell Baby Inc.,07/05/2026,2026-06,22066.66,0.0,22066.66,Overdue,
INV-000199,IO-2026-0034,Bluebell Baby,07/31/2026,2026-07,22066.66,0.0,22066.66,Open,
INV-000200,IO-2026-0034,BluebellBaby,09/01/2026,2026-08,22066.66,1224.96,20841.7,Open,
INV-000201,IO-2025-0047,Acorn Essentials,11/03/2025,2025-10,73400.0,0.0,73400.0,Paid,12/13/2025
INV-000202,IO-2025-0047,Acorn Essentials,12/06/2025,2025-11,73400.0,0.0,73400.0,Paid,02/09/2026
INV-000203,IO-2026-0035,Meadowlark Foods,03/31/2026,2026-03,50866.67,0.0,50866.67,Paid,05/11/2026
INV-000204,IO-2026-0035,MeadowlarkFoods,05/03/2026,2026-04,50866.67,0.0,50866.67,Paid,07/05/2026
INV-000205,IO-2026-0035,MEADOWLARK FOODS,06/03/2026,2026-05,50866.67,8891.15,41975.52,Paid,08/08/2026
INV-000206,IO-2026-0036,Pepperpot Pictures Inc.,03/06/2026,2026-02,49250.0,0.0,49250.0,Paid,04/21/2026
INV-000207,IO-2026-0036,Pepperpot Pictures,04/05/2026,2026-03,49250.0,1508.97,47741.03,Paid,05/20/2026
INV-000208,IO-2025-0048,Tumbletown Kitchen,01/31/2026,2026-01,33250.0,0.0,33250.0,Paid,03/20/2026
INV-000209,IO-2025-0048,TUMBLETOWN KITCHEN,03/06/2026,2026-02,33250.0,11578.31,21671.69,Paid,04/17/2026
INV-000210,IO-2026-0038,Rocket Pup Outfitters,08/29/2026,2026-08,31400.0,0.0,31400.0,Open,
INV-000213,IO-2025-0049,FIREFLY FOODS,03/30/2025,2025-03,34366.67,0.0,34366.67,Paid,05/27/2025
INV-000214,IO-2025-0049,Firefly Foods,05/06/2025,2025-04,34366.67,0.0,34366.67,Paid,07/07/2025
INV-000215,IO-2025-0049,Firefly Foods,05/31/2025,2025-05,34366.67,0.0,34366.67,Paid,07/14/2025
INV-000216,IO-2025-0050,Moonpie Littles Inc.,12/05/2025,2025-11,24600.0,0.0,24600.0,Paid,02/07/2026
INV-000217,IO-2025-0050,Moonpie Littles,12/29/2025,2025-12,24600.0,6973.82,17626.18,Paid,02/09/2026
INV-000219,IO-2025-0051,SaffronPlaythings,10/05/2025,2025-09,77900.0,0.0,77900.0,Paid,12/08/2025
INV-000220,IO-2025-0051,Saffron Playthings,11/05/2025,2025-10,77900.0,0.0,77900.0,Paid,12/11/2025
INV-000221,IO-2025-0052,Honeycomb Market,12/01/2025,2025-11,77600.0,0.0,77600.0,Paid,02/11/2026
INV-000222,IO-2025-0052,Honeycomb Market,12/30/2025,2025-12,77600.0,0.0,77600.0,Paid,02/15/2026
INV-000223,IO-2025-0053,Puddlejump Stores,12/01/2025,2025-11,55650.0,0.0,55650.0,Paid,01/31/2026
INV-000224,IO-2025-0053,Puddlejump Stores Inc.,01/04/2026,2025-12,55650.0,2965.67,52684.33,Paid,03/07/2026
INV-000225,IO-2025-0054,Copperkettle Studios Inc.,12/02/2025,2025-11,157366.67,0.0,157366.67,Paid,02/12/2026
INV-000226,IO-2025-0054,Copperkettle Studios,01/01/2026,2025-12,157366.67,0.0,157366.67,Paid,04/09/2026
INV-000227,IO-2025-0054,Copperkettle Studios,02/04/2026,2026-01,157366.67,0.0,157366.67,Paid,04/26/2026
INV-000230,IO-2026-0043,TREETOP PICTURES,04/03/2026,2026-03,97150.0,0.0,97150.0,Paid,05/23/2026
INV-000231,IO-2026-0043,Treetop Pictures,05/05/2026,2026-04,97150.0,0.0,97150.0,Paid,06/19/2026
INV-000232,IO-2025-0055,Pepperpot Pictures Inc.,05/29/2025,2025-05,80250.0,0.0,80250.0,Paid,08/10/2025
INV-000233,IO-2025-0055,Pepperpot Pictures Inc.,06/30/2025,2025-06,80250.0,9485.72,70764.28,Paid,08/08/2025
INV-000234,IO-2025-0056,Button & Bow Toys,12/01/2025,2025-11,13966.67,0.0,13966.67,Paid,01/29/2026
INV-000235,IO-2025-0056,Button and Bow Toys,01/02/2026,2025-12,13966.67,0.0,13966.67,Paid,02/17/2026
INV-000236,IO-2025-0056,BUTTON & BOW TOYS,02/02/2026,2026-01,13966.67,1767.1,12199.57,Paid,04/10/2026
INV-000237,IO-2025-0057,STARLING GAMES,10/30/2025,2025-10,69200.0,0.0,69200.0,Paid,01/19/2026
INV-000238,IO-2025-0057,Starling Games Inc.,12/03/2025,2025-11,69200.0,0.0,69200.0,Paid,01/18/2026
INV-000239,IO-2025-0057,Starling Games Inc.,01/01/2026,2025-12,69200.0,0.0,69200.0,Paid,02/25/2026
INV-000240,IO-2025-0057,Starling Games Inc.,02/01/2026,2026-01,69200.0,0.0,69200.0,Paid,03/22/2026
INV-000241,IO-2026-0044,TumbletownKitchen,07/31/2026,2026-07,54400.0,0.0,54400.0,Open,
INV-000242,IO-2026-0044,Tumbletown Kitchen,09/03/2026,2026-08,54400.0,0.0,54400.0,Open,
INV-000244,IO-2025-0058,Sprout Toys,11/29/2025,2025-11,91350.0,0.0,91350.0,Paid,02/01/2026
INV-000245,IO-2025-0058,SproutToys,01/03/2026,2025-12,91350.0,17614.27,73735.73,Paid,02/21/2026
INV-000246,IO-2025-0059,Juniper Play+,07/02/2025,2025-06,211950.0,0.0,211950.0,Paid,09/20/2025
INV-000247,IO-2025-0059,Juniper Play+,08/04/2025,2025-07,211950.0,21453.03,190496.97,Paid,08/31/2025
INV-000248,IO-2026-0045,Willowbrook Getaways,06/30/2026,2026-06,36325.0,0.0,36325.0,Paid,08/27/2026
INV-000249,IO-2026-0045,Willowbrook Getaways,07/30/2026,2026-07,36325.0,0.0,36325.0,Open,
INV-000250,IO-2026-0045,Willowbrook Getaways Inc.,09/06/2026,2026-08,36325.0,0.0,36325.0,Open,
INV-000252,IO-2025-0060,DRIFTWOOD CARE,12/03/2025,2025-11,29366.67,0.0,29366.67,Paid,01/29/2026
INV-000253,IO-2025-0060,Driftwood Care Inc.,12/30/2025,2025-12,29366.67,0.0,29366.67,Paid,02/22/2026
INV-000254,IO-2025-0060,Driftwood Care Inc.,02/01/2026,2026-01,29366.67,11406.35,17960.32,Paid,03/29/2026
INV-000255,IO-2025-0061,PuddlejumpStores,11/05/2025,2025-10,73000.0,0.0,73000.0,Paid,01/02/2026
INV-000256,IO-2025-0061,PUDDLEJUMP STORES,12/02/2025,2025-11,73000.0,0.0,73000.0,Paid,02/14/2026
INV-000257,IO-2025-0062,Zippy Learning Inc.,01/31/2026,2026-01,9100.0,0.0,9100.0,Paid,02/20/2026
INV-000258,IO-2025-0062,Zippy Learning Inc.,03/03/2026,2026-02,9100.0,0.0,9100.0,Paid,05/18/2026
INV-000259,IO-2025-0063,WILLOWBROOK GETAWAYS,03/09/2025,2025-02,32433.33,0.0,32433.33,Paid,06/01/2025
INV-000260,IO-2025-0063,Willowbrook Getaways,03/29/2025,2025-03,32433.33,0.0,32433.33,Paid,04/30/2025
INV-000261,IO-2025-0063,WillowbrookGetaways,04/29/2025,2025-04,32433.33,0.0,32433.33,Paid,06/22/2025
INV-000262,IO-2025-0064,Crayonbox Toys Inc.,06/04/2025,2025-05,116450.0,0.0,116450.0,Paid,08/13/2025
INV-000263,IO-2025-0064,Crayonbox Toys Inc.,06/30/2025,2025-06,116450.0,0.0,116450.0,Paid,09/03/2025
INV-000264,IO-2026-0048,PebblestoneBaby,08/31/2026,2026-08,12375.0,0.0,12375.0,Open,
INV-000266,IO-2026-0049,Zippy Learning Inc.,01/29/2026,2026-01,11450.0,0.0,11450.0,Paid,03/28/2026
INV-000267,IO-2026-0049,Zippy Learning,03/04/2026,2026-02,11450.0,0.0,11450.0,Paid,04/02/2026
INV-000268,IO-2026-0049,ZIPPY LEARNING,04/01/2026,2026-03,11450.0,0.0,11450.0,Paid,06/09/2026
INV-000269,IO-2026-0049,Zippy Learning,05/02/2026,2026-04,11450.0,0.0,11450.0,Paid,07/02/2026
INV-000270,IO-2025-0065,Acorn Essentials,09/29/2025,2025-09,22275.0,0.0,22275.0,Paid,12/09/2025
INV-000271,IO-2025-0065,Acorn Essentials,11/06/2025,2025-10,22275.0,0.0,22275.0,Paid,12/11/2025
INV-000272,IO-2025-0065,Acorn Essentials,12/04/2025,2025-11,22275.0,0.0,22275.0,Paid,01/12/2026
INV-000273,IO-2025-0065,AcornEssentials,12/31/2025,2025-12,22275.0,0.0,22275.0,Paid,02/23/2026
INV-000274,IO-2026-0050,Tinkertown Learning Inc.,08/06/2026,2026-07,18150.0,0.0,18150.0,Open,
INV-000275,IO-2026-0050,Tinkertown Learning Inc.,09/03/2026,2026-08,18150.0,0.0,18150.0,Open,
INV-000276,IO-2025-0066,BRIGHTBLOOM SNACKS,11/04/2025,2025-10,46933.33,0.0,46933.33,Paid,12/19/2025
INV-000277,IO-2025-0066,Brightbloom Snacks Inc.,12/04/2025,2025-11,46933.33,0.0,46933.33,Paid,01/22/2026
INV-000278,IO-2025-0066,BRIGHTBLOOM SNACKS,12/31/2025,2025-12,46933.33,0.0,46933.33,Paid,03/29/2026
INV-000279,IO-2026-0051,Firefly Foods,07/31/2026,2026-07,79400.0,0.0,79400.0,Paid,09/16/2026
INV-000280,IO-2026-0051,Firefly Foods,09/05/2026,2026-08,79400.0,3378.6,76021.4,Open,
INV-000281,IO-2025-0067,Gumdrop Games,01/04/2026,2025-12,84500.0,0.0,84500.0,Paid,02/21/2026
INV-000282,IO-2025-0067,GUMDROP GAMES,01/31/2026,2026-01,84500.0,0.0,84500.0,Paid,03/31/2026
INV-000283,IO-2025-0068,Treetop Pictures,10/31/2025,2025-10,85200.0,0.0,85200.0,Paid,12/13/2025
INV-000284,IO-2025-0068,Treetop Pictures,12/02/2025,2025-11,85200.0,0.0,85200.0,Paid,01/14/2026
INV-000285,IO-2025-0068,TREETOP PICTURES,01/05/2026,2025-12,85200.0,0.0,85200.0,Paid,02/23/2026
INV-000286,IO-2025-0069,Lanternfish Foods,10/04/2025,2025-09,29550.0,0.0,29550.0,Paid,11/20/2025
INV-000287,IO-2025-0069,LanternfishFoods,11/04/2025,2025-10,29550.0,9716.74,19833.26,Paid,12/24/2025
INV-000288,IO-2025-0070,Zippy Learning,09/04/2025,2025-08,27850.0,0.0,27850.0,Paid,11/03/2025
INV-000289,IO-2025-0070,Zippy Learning,10/06/2025,2025-09,27850.0,0.0,27850.0,Paid,12/21/2025
INV-000290,IO-2025-0070,ZIPPY LEARNING,11/03/2025,2025-10,27850.0,0.0,27850.0,Paid,12/19/2025
INV-000291,IO-2025-0070,Zippy Learning,12/01/2025,2025-11,27850.0,0.0,27850.0,Paid,01/12/2026
INV-000292,IO-2026-0052,Copperkettle Studios,06/29/2026,2026-06,125400.0,0.0,125400.0,Overdue,
INV-000293,IO-2026-0052,Copperkettle Studios Inc.,08/06/2026,2026-07,125400.0,34619.91,90780.09,Open,
INV-000294,IO-2025-0071,Sunnyside Play+,04/29/2025,2025-04,49633.34,0.0,49633.34,Paid,06/02/2025
INV-000295,IO-2025-0071,SUNNYSIDE PLAY+,06/06/2025,2025-05,49633.34,0.0,49633.34,Paid,08/11/2025
INV-000296,IO-2025-0071,SunnysidePlay+,07/03/2025,2025-06,49633.34,3717.05,45916.29,Paid,08/26/2025
INV-000297,IO-2026-0053,Paper Moon Getaways,03/29/2026,2026-03,140000.0,0.0,140000.0,Paid,05/24/2026
INV-000298,IO-2026-0053,Paper Moon Getaways,04/30/2026,2026-04,140000.0,0.0,140000.0,Paid,05/30/2026
INV-000299,IO-2026-0053,Paper Moon Getaways Inc.,05/29/2026,2026-05,140000.0,25326.88,114673.12,Paid,07/14/2026
INV-000300,IO-2025-0072,Crayonbox Toys,12/07/2025,2025-11,121650.0,0.0,121650.0,Paid,01/13/2026
INV-000301,IO-2025-0072,Crayonbox Toys,01/05/2026,2025-12,121650.0,21123.92,100526.08,Paid,02/27/2026
INV-000302,IO-2026-0054,LARKSPUR PLAY+,03/05/2026,2026-02,52300.0,0.0,52300.0,Paid,04/29/2026
INV-000303,IO-2026-0054,Larkspur Play+,04/01/2026,2026-03,52300.0,4568.8,47731.2,Paid,05/26/2026
INV-000304,IO-2026-0055,LANTERNFISH FOODS,04/06/2026,2026-03,38550.0,0.0,38550.0,Paid,05/21/2026
INV-000305,IO-2026-0055,Lanternfish Foods,05/05/2026,2026-04,38550.0,6641.23,31908.77,Paid,06/17/2026
INV-000306,IO-2025-0073,Firefly Foods,11/03/2025,2025-10,29950.0,0.0,29950.0,Paid,12/24/2025
INV-000307,IO-2025-0073,FIREFLY FOODS,12/03/2025,2025-11,29950.0,0.0,29950.0,Paid,01/30/2026
INV-000308,IO-2025-0074,Acorn Essentials,10/05/2025,2025-09,10250.0,0.0,10250.0,Paid,11/21/2025
INV-000309,IO-2025-0074,Acorn Essentials,11/05/2025,2025-10,10250.0,0.0,10250.0,Paid,12/17/2025
INV-000310,IO-2025-0074,AcornEssentials,12/01/2025,2025-11,10250.0,0.0,10250.0,Paid,01/13/2026
INV-000311,IO-2025-0074,Acorn Essentials,01/04/2026,2025-12,10250.0,0.0,10250.0,Paid,02/19/2026
INV-000312,IO-2025-0075,Acorn Essentials,08/30/2025,2025-08,16725.0,0.0,16725.0,Paid,10/17/2025
INV-000313,IO-2025-0075,ACORN ESSENTIALS,09/29/2025,2025-09,16725.0,0.0,16725.0,Paid,11/08/2025
INV-000314,IO-2025-0075,Acorn Essentials Inc.,11/01/2025,2025-10,16725.0,0.0,16725.0,Paid,12/19/2025
INV-000315,IO-2025-0075,Acorn Essentials,12/02/2025,2025-11,16725.0,0.0,16725.0,Paid,02/08/2026
INV-000316,IO-2025-0076,Northwind Pictures,01/03/2026,2025-12,110800.0,0.0,110800.0,Paid,03/28/2026
INV-000317,,NorthwindPictures,02/02/2026,2026-01,110800.0,0.0,110800.0,Paid,04/16/2026
INV-000318,IO-2025-0076,Northwind Pictures,03/01/2026,2026-02,110800.0,0.0,110800.0,Paid,04/30/2026
INV-000319,IO-2025-0076,NORTHWIND PICTURES,04/04/2026,2026-03,110800.0,87842.68,22957.32,Paid,07/23/2026
INV-000320,IO-2025-0077,Acorn Essentials,07/05/2025,2025-06,39066.67,0.0,39066.67,Paid,09/10/2025
INV-000321,IO-2025-0077,ACORN ESSENTIALS,08/03/2025,2025-07,39066.67,0.0,39066.67,Paid,09/29/2025
INV-000322,IO-2025-0077,ACORN ESSENTIALS,09/01/2025,2025-08,39066.67,1287.71,37778.96,Paid,11/07/2025
INV-000323,IO-2025-0078,Saffron Playthings,10/29/2025,2025-10,107550.0,0.0,107550.0,Paid,12/28/2025
INV-000324,IO-2025-0078,Saffron Playthings Inc.,12/04/2025,2025-11,107550.0,3774.96,103775.04,Paid,01/26/2026
INV-000325,IO-2026-0056,Pepperpot Pictures,05/30/2026,2026-05,44333.33,0.0,44333.33,Paid,07/08/2026
INV-000326,IO-2026-0056,PEPPERPOT PICTURES,07/02/2026,2026-06,44333.33,0.0,44333.33,Paid,09/16/2026
INV-000327,IO-2026-0056,PEPPERPOT PICTURES,08/05/2026,2026-07,44333.33,0.0,44333.33,Open,
INV-000328,IO-2025-0079,Kiddo Playthings,12/07/2025,2025-11,60266.67,0.0,60266.67,Paid,01/25/2026
INV-000329,IO-2025-0079,Kiddo Playthings,01/03/2026,2025-12,60266.67,0.0,60266.67,Paid,02/26/2026
INV-000330,IO-2025-0079,Kiddo Playthings,02/05/2026,2026-01,60266.67,35960.41,24306.26,Paid,03/31/2026
INV-000331,IO-2025-0080,Acorn Essentials,01/06/2026,2025-12,19000.0,0.0,19000.0,Paid,03/07/2026
INV-000332,IO-2025-0080,ACORN ESSENTIALS,02/04/2026,2026-01,19000.0,1258.2,17741.8,Paid,04/04/2026
INV-000333,IO-2025-0081,MEADOWLARK FOODS,05/04/2025,2025-04,107533.33,0.0,107533.33,Paid,06/20/2025
INV-000334,IO-2025-0081,Meadowlark Foods,06/05/2025,2025-05,107533.33,0.0,107533.33,Paid,07/29/2025
INV-000335,IO-2025-0081,Meadowlark Foods,07/06/2025,2025-06,107533.33,0.0,107533.33,Paid,09/04/2025
INV-000336,IO-2025-0082,KITEFIELD SNACKS,08/01/2025,2025-07,70050.0,0.0,70050.0,Paid,09/16/2025
INV-000337,IO-2025-0082,KitefieldSnacks,09/05/2025,2025-08,70050.0,13840.58,56209.42,Paid,11/15/2025
INV-000338,IO-2025-0083,RiverstoneStores,09/30/2025,2025-09,53866.67,0.0,53866.67,Paid,11/22/2025
INV-000339,IO-2025-0083,Riverstone Stores,10/30/2025,2025-10,53866.67,0.0,53866.67,Paid,01/11/2026
INV-000340,IO-2025-0083,RIVERSTONE STORES,12/07/2025,2025-11,53866.67,0.0,53866.67,Paid,01/13/2026
INV-000341,IO-2026-0057,Zippy Learning,06/06/2026,2026-05,32333.34,0.0,32333.34,Paid,08/06/2026
INV-000342,IO-2026-0057,Zippy Learning,07/01/2026,2026-06,32333.34,0.0,32333.34,Paid,08/13/2026
INV-000343,IO-2026-0057,Zippy Learning,07/29/2026,2026-07,32333.34,3175.17,29158.17,Paid,09/13/2026
INV-000344,IO-2025-0084,ACORN ESSENTIALS,07/29/2025,2025-07,9625.0,0.0,9625.0,Paid,10/01/2025
INV-000345,IO-2025-0084,ACORN ESSENTIALS,08/30/2025,2025-08,9625.0,0.0,9625.0,Paid,10/20/2025
INV-000346,IO-2025-0084,Acorn Essentials,10/07/2025,2025-09,9625.0,0.0,9625.0,Paid,12/31/2025
INV-000347,IO-2025-0084,Acorn Essentials,10/30/2025,2025-10,9625.0,0.0,9625.0,Paid,12/29/2025
INV-000348,IO-2025-0085,Cloudberry Baby,03/31/2025,2025-03,22433.33,0.0,22433.33,Paid,05/15/2025
INV-000349,IO-2025-0085,Cloudberry Baby,05/06/2025,2025-04,22433.33,0.0,22433.33,Paid,07/05/2025
INV-000350,IO-2025-0085,Cloudberry Baby,06/01/2025,2025-05,22433.33,0.0,22433.33,Paid,07/22/2025
INV-000351,IO-2025-0086,Sprout Toys,09/29/2025,2025-09,85600.0,0.0,85600.0,Paid,12/01/2025
INV-000352,IO-2025-0086,SPROUT TOYS,11/03/2025,2025-10,85600.0,0.0,85600.0,Paid,12/23/2025
INV-000353,IO-2026-0058,ZIPPY LEARNING,07/02/2026,2026-06,26433.34,0.0,26433.34,Paid,08/29/2026
INV-000354,IO-2026-0058,ZippyLearning,08/05/2026,2026-07,26433.34,0.0,26433.34,Open,
INV-000355,IO-2026-0058,ZIPPY LEARNING,09/06/2026,2026-08,26433.34,1182.04,25251.3,Open,
INV-000356,IO-2026-0059,Paper Moon Getaways Inc.,03/03/2026,2026-02,83200.0,0.0,83200.0,Paid,05/08/2026
INV-000357,IO-2026-0059,PaperMoonGetaways,03/30/2026,2026-03,83200.0,16448.38,66751.62,Paid,05/01/2026
INV-000358,IO-2025-0087,KITEFIELD SNACKS,07/07/2025,2025-06,46800.0,0.0,46800.0,Paid,08/31/2025
INV-000359,IO-2025-0087,KITEFIELD SNACKS,08/03/2025,2025-07,46800.0,0.0,46800.0,Paid,09/17/2025
INV-000360,IO-2025-0088,Acorn Essentials Inc.,12/07/2025,2025-11,87400.0,0.0,87400.0,Paid,01/13/2026
INV-000361,IO-2025-0088,ACORN ESSENTIALS,01/05/2026,2025-12,87400.0,0.0,87400.0,Paid,02/17/2026
INV-000362,IO-2026-0060,Juniper Play+ Inc.,05/05/2026,2026-04,81366.67,0.0,81366.67,Paid,06/20/2026
INV-000363,IO-2026-0060,Juniper Play+ Inc.,06/05/2026,2026-05,81366.67,0.0,81366.67,Paid,07/26/2026
INV-000364,IO-2026-0060,Juniper Play+,07/07/2026,2026-06,81366.67,0.0,81366.67,Paid,09/03/2026
INV-000365,IO-2025-0089,Quill Labs Inc.,04/04/2025,2025-03,38249.99,0.0,38249.99,Paid,07/07/2025
INV-000366,IO-2025-0089,Quill Labs,05/06/2025,2025-04,38249.99,2964.28,35285.71,Paid,07/28/2025
INV-000367,IO-2025-0090,Tumbletown Kitchen,06/03/2025,2025-05,20250.0,0.0,20250.0,Paid,08/15/2025
INV-000368,IO-2025-0090,Tumbletown Kitchen,06/29/2025,2025-06,20250.0,562.28,19687.72,Paid,08/17/2025
INV-000369,IO-2026-0061,ZIPPY LEARNING,05/04/2026,2026-04,18550.0,0.0,18550.0,Paid,06/03/2026
INV-000370,IO-2026-0061,Zippy Learning,05/31/2026,2026-05,18550.0,0.0,18550.0,Paid,07/19/2026
INV-000371,IO-2026-0062,Willowbrook Getaways,06/29/2026,2026-06,30350.0,0.0,30350.0,Paid,08/22/2026
INV-000372,IO-2026-0062,Willowbrook Getaways Inc.,08/05/2026,2026-07,30350.0,0.0,30350.0,Paid,08/19/2026
INV-000373,IO-2026-0062,Willowbrook Getaways,08/31/2026,2026-08,30350.0,0.0,30350.0,Open,
INV-000375,IO-2025-0091,SPROUT TOYS,10/31/2025,2025-10,41750.0,0.0,41750.0,Paid,12/22/2025
INV-000376,IO-2025-0091,Sprout Toys,11/29/2025,2025-11,41750.0,876.05,40873.95,Paid,01/08/2026
INV-000377,IO-2025-0092,MEADOWLARK FOODS,08/30/2025,2025-08,32633.33,0.0,32633.33,Paid,10/11/2025
INV-000378,IO-2025-0092,MEADOWLARK FOODS,09/30/2025,2025-09,32633.33,0.0,32633.33,Paid,12/02/2025
INV-000379,IO-2025-0092,Meadowlark Foods,11/01/2025,2025-10,32633.33,3082.08,29551.25,Paid,01/04/2026
INV-000380,IO-2025-0093,Seashell Labs,07/06/2025,2025-06,22400.0,0.0,22400.0,Paid,08/21/2025
INV-000381,IO-2025-0093,Seashell Labs Inc.,08/03/2025,2025-07,22400.0,0.0,22400.0,Paid,09/09/2025
INV-000382,IO-2025-0093,Seashell Labs,09/06/2025,2025-08,22400.0,0.0,22400.0,Paid,10/31/2025
INV-000383,IO-2025-0093,Seashell Labs,10/07/2025,2025-09,22400.0,0.0,22400.0,Paid,12/03/2025
INV-000384,IO-2026-0063,Copperkettle Studios,03/08/2026,2026-02,29250.0,0.0,29250.0,Paid,06/10/2026
INV-000385,IO-2026-0063,Copperkettle Studios,04/01/2026,2026-03,29250.0,0.0,29250.0,Paid,06/21/2026
INV-000386,IO-2026-0063,COPPERKETTLE STUDIOS,05/04/2026,2026-04,29250.0,0.0,29250.0,Paid,07/29/2026
INV-000387,IO-2026-0063,COPPERKETTLE STUDIOS,06/05/2026,2026-05,29250.0,0.0,29250.0,Paid,09/01/2026
INV-000388,IO-2026-0064,KIDDO PLAYTHINGS,07/04/2026,2026-06,111633.33,0.0,111633.33,Paid,09/07/2026
INV-000389,IO-2026-0064,Kiddo Playthings,07/29/2026,2026-07,111633.33,0.0,111633.33,Open,
INV-000390,IO-2026-0064,KIDDO PLAYTHINGS,08/29/2026,2026-08,111633.33,44801.65,66831.68,Open,
INV-000391,IO-2025-0094,Treetop Pictures,08/31/2025,2025-08,30000.0,0.0,30000.0,Paid,11/08/2025
INV-000392,IO-2025-0094,TREETOP PICTURES,09/30/2025,2025-09,30000.0,0.0,30000.0,Paid,12/14/2025
INV-000393,IO-2025-0094,Treetop Pictures,11/06/2025,2025-10,30000.0,0.0,30000.0,Paid,01/11/2026
INV-000394,IO-2025-0094,TreetopPictures,12/01/2025,2025-11,30000.0,0.0,30000.0,Paid,01/16/2026
INV-000395,IO-2025-0095,Kitefield Snacks Inc.,12/04/2025,2025-11,61900.0,0.0,61900.0,Paid,02/14/2026
INV-000396,IO-2025-0095,Kitefield Snacks,01/06/2026,2025-12,61900.0,669.01,61230.99,Paid,02/12/2026
INV-000397,IO-2025-0096,Harborview Learning,12/31/2025,2025-12,26350.0,0.0,26350.0,Paid,03/23/2026
INV-000398,IO-2025-0096,Harborview Learning,01/30/2026,2026-01,26350.0,0.0,26350.0,Paid,03/13/2026
INV-000399,IO-2025-0097,Moonpie Littles Inc.,11/04/2025,2025-10,34875.0,0.0,34875.0,Paid,01/07/2026
INV-000400,IO-2025-0097,Moonpie Littles,12/07/2025,2025-11,34875.0,0.0,34875.0,Paid,02/16/2026
INV-000401,IO-2025-0097,Moonpie Littles Inc.,01/04/2026,2025-12,34875.0,0.0,34875.0,Paid,03/04/2026
INV-000402,IO-2025-0097,Moonpie Littles,02/06/2026,2026-01,34875.0,1836.02,33038.98,Paid,03/07/2026
INV-000403,IO-2026-0065,JUNIPER PLAY+,05/07/2026,2026-04,201900.0,0.0,201900.0,Paid,06/18/2026
INV-000404,IO-2026-0065,JUNIPER PLAY+,05/31/2026,2026-05,201900.0,0.0,201900.0,Paid,07/28/2026
INV-000405,IO-2026-0066,Hazelnut Kids Wear,08/03/2026,2026-07,50300.0,0.0,50300.0,Open,
INV-000406,IO-2026-0066,HAZELNUT KIDS WEAR,09/04/2026,2026-08,50300.0,0.0,50300.0,Open,
INV-000407,IO-2025-0098,GUMDROP GAMES,11/03/2025,2025-10,88600.0,0.0,88600.0,Paid,12/27/2025
INV-000408,IO-2025-0098,Gumdrop Games,12/02/2025,2025-11,88600.0,0.0,88600.0,Paid,01/07/2026
INV-000409,IO-2026-0067,Larkspur Play+,06/03/2026,2026-05,117550.0,0.0,117550.0,Paid,08/17/2026
INV-000410,IO-2026-0067,Larkspur Play+,07/04/2026,2026-06,117550.0,0.0,117550.0,Paid,08/22/2026
INV-000411,IO-2025-0099,Crayonbox Toys Inc.,11/05/2025,2025-10,46533.33,0.0,46533.33,Paid,01/07/2026
INV-000412,IO-2025-0099,Crayonbox Toys,12/04/2025,2025-11,46533.33,0.0,46533.33,Paid,02/12/2026
INV-000413,IO-2025-0099,Crayonbox Toys,12/31/2025,2025-12,46533.33,18274.89,28258.44,Paid,02/09/2026
INV-000414,IO-2026-0068,Acorn Essentials Inc.,07/07/2026,2026-06,83050.0,0.0,83050.0,Paid,08/31/2026
INV-000415,IO-2026-0068,Acorn Essentials Inc.,08/06/2026,2026-07,83050.0,0.0,83050.0,Open,
INV-000416,IO-2025-0100,LITTLE OAK TOYS,11/03/2025,2025-10,86266.67,0.0,86266.67,Paid,12/23/2025
INV-000417,IO-2025-0100,LITTLE OAK TOYS,12/01/2025,2025-11,86266.67,0.0,86266.67,Paid,02/04/2026
INV-000418,IO-2025-0100,Little Oak Toys,01/02/2026,2025-12,86266.67,0.0,86266.67,Paid,02/16/2026
INV-000419,IO-2025-0101,Gumdrop Games,12/01/2025,2025-11,433300.0,0.0,433300.0,Paid,01/24/2026
INV-000420,IO-2025-0101,Gumdrop Games,01/02/2026,2025-12,433300.0,0.0,433300.0,Paid,02/20/2026
INV-000421,IO-2026-0069,Pip & Pop Games,09/02/2026,2026-08,153000.0,0.0,153000.0,Open,
INV-000423,IO-2026-0070,Crayonbox Toys,09/02/2026,2026-08,78050.0,0.0,78050.0,Open,
INV-000426,IO-2026-0074,FERNWOOD PLAYTHINGS,08/06/2026,2026-07,45033.33,0.0,45033.33,Open,
INV-000427,IO-2026-0074,Fernwood Playthings Inc.,08/30/2026,2026-08,45033.33,0.0,45033.33,Open,
