quarter,category,platform,benchmark_cpm,benchmark_vtr,est_kids_category_spend_musd
2025-Q1,Toys & Games,YouTube,10.97,0.701,46.6
2025-Q1,Toys & Games,FAST,20.69,0.908,47.8
2025-Q1,Toys & Games,CTV,26.31,0.936,49.5
2025-Q1,Kids Food & Snacks,YouTube,10.81,0.705,33.8
2025-Q1,Kids Food & Snacks,FAST,24.53,0.916,33.2
2025-Q1,Kids Food & Snacks,CTV,26.08,0.935,32.3
2025-Q1,Family Entertainment & Streaming,YouTube,11.31,0.681,23.6
2025-Q1,Family Entertainment & Streaming,FAST,22.05,0.912,23.9
2025-Q1,Family Entertainment & Streaming,CTV,27.73,0.943,20.5
2025-Q1,Retail,YouTube,10.83,0.706,23.4
2025-Q1,Retail,FAST,23.29,0.913,21.8
2025-Q1,Retail,CTV,27.29,0.921,22.6
2025-Q1,Baby & Toddler Care,YouTube,10.7,0.684,22.7
2025-Q1,Baby & Toddler Care,FAST,23.67,0.925,21.0
2025-Q1,Baby & Toddler Care,CTV,24.47,0.94,19.9
2025-Q1,Education & EdTech,YouTube,12.04,0.684,25.5
2025-Q1,Education & EdTech,FAST,21.89,0.927,21.5
2025-Q1,Education & EdTech,CTV,26.77,0.943,23.7
2025-Q1,Theme Parks & Travel,YouTube,12.09,0.711,19.1
2025-Q1,Theme Parks & Travel,FAST,22.29,0.93,17.6
2025-Q1,Theme Parks & Travel,CTV,28.33,0.942,18.7
2025-Q1,Kids Apparel,YouTube,11.67,0.711,12.8
2025-Q1,Kids Apparel,FAST,21.19,0.935,14.6
2025-Q1,Kids Apparel,CTV,26.84,0.952,12.2
2025-Q1,Automotive,YouTube,11.14,0.701,10.1
2025-Q1,Automotive,FAST,21.24,0.922,10.8
2025-Q1,Automotive,CTV,26.53,0.934,10.4
2025-Q1,Household CPG,YouTube,11.37,0.7,10.9
2025-Q1,Household CPG,FAST,22.42,0.917,11.8
2025-Q1,Household CPG,CTV,26.87,0.911,10.4
2025-Q2,Toys & Games,YouTube,12.04,0.69,49.2
2025-Q2,Toys & Games,FAST,25.21,0.929,43.1
2025-Q2,Toys & Games,CTV,28.95,0.942,50.6
2025-Q2,Kids Food & Snacks,YouTube,11.67,0.714,31.3
2025-Q2,Kids Food & Snacks,FAST,21.3,0.925,28.9
2025-Q2,Kids Food & Snacks,CTV,29.45,0.935,31.4
2025-Q2,Family Entertainment & Streaming,YouTube,11.11,0.705,23.1
2025-Q2,Family Entertainment & Streaming,FAST,22.22,0.927,22.6
2025-Q2,Family Entertainment & Streaming,CTV,26.87,0.929,25.6
2025-Q2,Retail,YouTube,12.18,0.711,24.0
2025-Q2,Retail,FAST,23.34,0.915,18.9
2025-Q2,Retail,CTV,25.35,0.972,24.1
2025-Q2,Baby & Toddler Care,YouTube,11.62,0.676,23.4
2025-Q2,Baby & Toddler Care,FAST,22.68,0.93,21.0
2025-Q2,Baby & Toddler Care,CTV,26.34,0.953,25.1
2025-Q2,Education & EdTech,YouTube,11.12,0.685,23.9
2025-Q2,Education & EdTech,FAST,21.55,0.902,22.9
2025-Q2,Education & EdTech,CTV,29.82,0.927,22.0
2025-Q2,Theme Parks & Travel,YouTube,11.56,0.693,16.1
2025-Q2,Theme Parks & Travel,FAST,23.92,0.923,18.4
2025-Q2,Theme Parks & Travel,CTV,26.81,0.963,17.5
2025-Q2,Kids Apparel,YouTube,10.88,0.725,11.7
2025-Q2,Kids Apparel,FAST,22.82,0.919,13.4
2025-Q2,Kids Apparel,CTV,24.91,0.922,14.3
2025-Q2,Automotive,YouTube,12.3,0.694,10.6
2025-Q2,Automotive,FAST,20.95,0.934,11.9
2025-Q2,Automotive,CTV,23.21,0.904,11.3
2025-Q2,Household CPG,YouTube,11.65,0.693,11.2
2025-Q2,Household CPG,FAST,22.72,0.92,10.6
2025-Q2,Household CPG,CTV,26.98,0.93,10.7
2025-Q3,Toys & Games,YouTube,10.43,0.697,51.9
2025-Q3,Toys & Games,FAST,22.63,0.915,53.2
2025-Q3,Toys & Games,CTV,28.38,0.966,56.2
2025-Q3,Kids Food & Snacks,YouTube,11.53,0.683,30.5
2025-Q3,Kids Food & Snacks,FAST,23.66,0.942,29.5
2025-Q3,Kids Food & Snacks,CTV,27.34,0.928,31.2
2025-Q3,Family Entertainment & Streaming,YouTube,11.41,0.706,25.2
2025-Q3,Family Entertainment & Streaming,FAST,23.55,0.914,21.7
2025-Q3,Family Entertainment & Streaming,CTV,26.74,0.927,22.7
2025-Q3,Retail,YouTube,10.11,0.697,22.3
2025-Q3,Retail,FAST,21.67,0.914,24.0
2025-Q3,Retail,CTV,28.61,0.932,23.2
2025-Q3,Baby & Toddler Care,YouTube,10.64,0.696,22.8
2025-Q3,Baby & Toddler Care,FAST,24.76,0.938,22.8
2025-Q3,Baby & Toddler Care,CTV,25.77,0.96,22.0
2025-Q3,Education & EdTech,YouTube,11.76,0.698,25.2
2025-Q3,Education & EdTech,FAST,22.3,0.934,22.4
2025-Q3,Education & EdTech,CTV,27.77,0.964,19.8
2025-Q3,Theme Parks & Travel,YouTube,11.46,0.687,18.5
2025-Q3,Theme Parks & Travel,FAST,23.8,0.913,17.4
2025-Q3,Theme Parks & Travel,CTV,27.28,0.921,18.4
2025-Q3,Kids Apparel,YouTube,11.03,0.711,12.4
2025-Q3,Kids Apparel,FAST,22.35,0.909,13.3
2025-Q3,Kids Apparel,CTV,28.86,0.953,13.1
2025-Q3,Automotive,YouTube,11.22,0.713,10.5
2025-Q3,Automotive,FAST,23.03,0.911,11.1
2025-Q3,Automotive,CTV,28.09,0.93,11.9
2025-Q3,Household CPG,YouTube,12.76,0.709,11.2
2025-Q3,Household CPG,FAST,24.33,0.903,12.3
2025-Q3,Household CPG,CTV,25.98,0.973,10.8
2025-Q4,Toys & Games,YouTube,14.02,0.677,107.5
2025-Q4,Toys & Games,FAST,25.67,0.898,116.8
2025-Q4,Toys & Games,CTV,29.9,0.929,103.3
2025-Q4,Kids Food & Snacks,YouTube,14.34,0.715,33.9
2025-Q4,Kids Food & Snacks,FAST,26.07,0.94,30.0
2025-Q4,Kids Food & Snacks,CTV,30.66,0.93,30.2
2025-Q4,Family Entertainment & Streaming,YouTube,13.51,0.687,29.7
2025-Q4,Family Entertainment & Streaming,FAST,23.6,0.923,27.3
2025-Q4,Family Entertainment & Streaming,CTV,30.79,0.93,30.9
2025-Q4,Retail,YouTube,13.91,0.698,34.5
2025-Q4,Retail,FAST,28.2,0.947,35.9
2025-Q4,Retail,CTV,29.31,0.929,37.2
2025-Q4,Baby & Toddler Care,YouTube,13.27,0.687,21.3
2025-Q4,Baby & Toddler Care,FAST,27.26,0.897,22.5
2025-Q4,Baby & Toddler Care,CTV,32.0,0.933,21.1
2025-Q4,Education & EdTech,YouTube,14.26,0.68,22.7
2025-Q4,Education & EdTech,FAST,28.13,0.922,24.2
2025-Q4,Education & EdTech,CTV,30.05,0.928,21.9
2025-Q4,Theme Parks & Travel,YouTube,15.8,0.708,18.8
2025-Q4,Theme Parks & Travel,FAST,28.03,0.921,19.1
2025-Q4,Theme Parks & Travel,CTV,28.88,0.944,18.5
2025-Q4,Kids Apparel,YouTube,14.26,0.683,15.1
2025-Q4,Kids Apparel,FAST,25.76,0.928,16.7
2025-Q4,Kids Apparel,CTV,30.35,0.969,16.5
2025-Q4,Automotive,YouTube,13.65,0.697,11.9
2025-Q4,Automotive,FAST,27.67,0.948,10.4
2025-Q4,Automotive,CTV,29.4,0.929,11.6
2025-Q4,Household CPG,YouTube,13.28,0.719,11.0
2025-Q4,Household CPG,FAST,28.61,0.908,12.0
2025-Q4,Household CPG,CTV,34.04,0.932,11.6
2026-Q1,Toys & Games,YouTube,11.65,0.708,57.6
2026-Q1,Toys & Games,FAST,24.12,0.928,55.6
2026-Q1,Toys & Games,CTV,25.29,0.939,49.9
2026-Q1,Kids Food & Snacks,YouTube,11.49,0.717,34.0
2026-Q1,Kids Food & Snacks,FAST,20.12,0.904,35.2
2026-Q1,Kids Food & Snacks,CTV,26.27,0.952,31.6
2026-Q1,Family Entertainment & Streaming,YouTube,11.72,0.706,25.5
2026-Q1,Family Entertainment & Streaming,FAST,22.25,0.932,26.5
2026-Q1,Family Entertainment & Streaming,CTV,23.93,0.941,21.7
2026-Q1,Retail,YouTube,11.01,0.688,24.2
2026-Q1,Retail,FAST,23.43,0.934,24.7
2026-Q1,Retail,CTV,27.91,0.924,25.8
2026-Q1,Baby & Toddler Care,YouTube,9.6,0.723,26.3
2026-Q1,Baby & Toddler Care,FAST,23.86,0.953,21.7
2026-Q1,Baby & Toddler Care,CTV,28.05,0.942,24.7
2026-Q1,Education & EdTech,YouTube,10.83,0.706,24.8
2026-Q1,Education & EdTech,FAST,22.21,0.919,22.4
2026-Q1,Education & EdTech,CTV,26.47,0.954,25.7
2026-Q1,Theme Parks & Travel,YouTube,11.94,0.714,20.6
2026-Q1,Theme Parks & Travel,FAST,22.26,0.925,20.7
2026-Q1,Theme Parks & Travel,CTV,25.14,0.919,17.8
2026-Q1,Kids Apparel,YouTube,10.47,0.684,14.1
2026-Q1,Kids Apparel,FAST,24.74,0.913,13.3
2026-Q1,Kids Apparel,CTV,27.22,0.937,13.9
2026-Q1,Automotive,YouTube,11.16,0.716,11.1
2026-Q1,Automotive,FAST,21.08,0.927,11.7
2026-Q1,Automotive,CTV,29.1,0.938,12.1
2026-Q1,Household CPG,YouTube,11.95,0.675,12.4
2026-Q1,Household CPG,FAST,22.58,0.935,11.7
2026-Q1,Household CPG,CTV,27.24,0.935,12.5
2026-Q2,Toys & Games,YouTube,11.36,0.704,59.1
2026-Q2,Toys & Games,FAST,22.67,0.926,60.8
2026-Q2,Toys & Games,CTV,27.53,0.903,51.3
2026-Q2,Kids Food & Snacks,YouTube,10.81,0.714,33.8
2026-Q2,Kids Food & Snacks,FAST,24.22,0.929,35.3
2026-Q2,Kids Food & Snacks,CTV,25.35,0.948,36.8
2026-Q2,Family Entertainment & Streaming,YouTube,10.67,0.695,24.8
2026-Q2,Family Entertainment & Streaming,FAST,23.11,0.942,25.4
2026-Q2,Family Entertainment & Streaming,CTV,27.55,0.952,25.4
2026-Q2,Retail,YouTube,11.52,0.695,25.7
2026-Q2,Retail,FAST,22.15,0.919,22.6
2026-Q2,Retail,CTV,27.99,0.958,22.9
2026-Q2,Baby & Toddler Care,YouTube,11.41,0.693,25.9
2026-Q2,Baby & Toddler Care,FAST,24.63,0.913,19.8
2026-Q2,Baby & Toddler Care,CTV,28.56,0.941,24.4
2026-Q2,Education & EdTech,YouTube,12.05,0.695,23.4
2026-Q2,Education & EdTech,FAST,22.59,0.927,25.6
2026-Q2,Education & EdTech,CTV,29.2,0.946,24.1
2026-Q2,Theme Parks & Travel,YouTube,12.01,0.685,21.1
2026-Q2,Theme Parks & Travel,FAST,23.24,0.917,18.3
2026-Q2,Theme Parks & Travel,CTV,27.85,0.936,19.3
2026-Q2,Kids Apparel,YouTube,10.54,0.693,14.1
2026-Q2,Kids Apparel,FAST,23.48,0.916,12.3
2026-Q2,Kids Apparel,CTV,26.44,0.918,13.7
2026-Q2,Automotive,YouTube,12.08,0.675,12.4
2026-Q2,Automotive,FAST,22.42,0.909,11.4
2026-Q2,Automotive,CTV,27.43,0.946,10.9
2026-Q2,Household CPG,YouTube,12.16,0.682,12.4
2026-Q2,Household CPG,FAST,21.64,0.913,11.2
2026-Q2,Household CPG,CTV,26.29,0.937,11.3
2026-Q3,Toys & Games,YouTube,11.68,0.707,62.1
2026-Q3,Toys & Games,FAST,24.07,0.938,47.8
2026-Q3,Toys & Games,CTV,24.36,0.936,59.2
2026-Q3,Kids Food & Snacks,YouTube,12.92,0.69,32.8
2026-Q3,Kids Food & Snacks,FAST,23.63,0.917,33.7
2026-Q3,Kids Food & Snacks,CTV,27.86,0.981,36.7
2026-Q3,Family Entertainment & Streaming,YouTube,12.57,0.672,25.9
2026-Q3,Family Entertainment & Streaming,FAST,21.91,0.945,26.3
2026-Q3,Family Entertainment & Streaming,CTV,27.82,0.929,23.6
2026-Q3,Retail,YouTube,11.27,0.711,24.9
2026-Q3,Retail,FAST,24.63,0.944,23.1
2026-Q3,Retail,CTV,27.64,0.947,24.2
2026-Q3,Baby & Toddler Care,YouTube,12.04,0.707,23.5
2026-Q3,Baby & Toddler Care,FAST,22.84,0.915,23.2
2026-Q3,Baby & Toddler Care,CTV,26.88,0.921,25.0
2026-Q3,Education & EdTech,YouTube,12.31,0.701,25.7
2026-Q3,Education & EdTech,FAST,23.18,0.905,27.2
2026-Q3,Education & EdTech,CTV,23.73,0.94,23.2
2026-Q3,Theme Parks & Travel,YouTube,12.41,0.703,22.4
2026-Q3,Theme Parks & Travel,FAST,23.04,0.909,17.4
2026-Q3,Theme Parks & Travel,CTV,28.49,0.927,19.0
2026-Q3,Kids Apparel,YouTube,12.21,0.716,14.0
2026-Q3,Kids Apparel,FAST,22.48,0.894,12.8
2026-Q3,Kids Apparel,CTV,28.03,0.953,14.9
2026-Q3,Automotive,YouTube,11.61,0.689,13.2
2026-Q3,Automotive,FAST,20.95,0.913,12.3
2026-Q3,Automotive,CTV,27.0,0.94,11.8
2026-Q3,Household CPG,YouTube,11.81,0.682,12.0
2026-Q3,Household CPG,FAST,23.5,0.915,12.2
2026-Q3,Household CPG,CTV,27.29,0.914,10.9
