proposal_id,opportunity_id,version,sent_date,total_budget_usd,status
PR00001,OPP0002,1,2025-09-04,259300.0,Superseded
PR00002,OPP0002,2,2025-09-10,251600.0,Rejected
PR00003,OPP0003,1,2025-05-03,276100.0,Rejected
PR00004,OPP0004,1,2025-09-02,122700.0,Superseded
PR00005,OPP0004,2,2025-09-07,115300.0,Superseded
PR00006,OPP0004,3,2025-09-11,112200.0,Rejected
PR00007,OPP0005,1,2025-11-23,311800.0,Superseded
PR00008,OPP0005,2,2025-11-27,274300.0,Rejected
PR00009,OPP0006,1,2025-10-11,177400.0,Accepted
PR00010,OPP0007,1,2025-09-29,103700.0,Superseded
PR00011,OPP0007,2,2025-10-03,110200.0,Superseded
PR00012,OPP0007,3,2025-10-07,89500.0,Accepted
PR00013,OPP0009,1,2026-06-06,81300.0,Superseded
PR00014,OPP0009,2,2026-06-10,79500.0,Rejected
PR00015,OPP0010,1,2025-06-12,150600.0,Superseded
PR00016,OPP0010,2,2025-06-18,145300.0,Accepted
PR00017,OPP0012,1,2025-05-01,70700.0,Superseded
PR00018,OPP0012,2,2025-05-05,77400.0,Accepted
PR00019,OPP0015,1,2026-05-30,255000.0,Superseded
PR00020,OPP0015,2,2026-06-05,216600.0,Rejected
PR00021,OPP0017,1,2025-05-20,79900.0,Superseded
PR00022,OPP0017,2,2025-05-23,72400.0,Accepted
PR00023,OPP0018,1,2025-11-27,169300.0,Rejected
PR00024,OPP0019,1,2026-09-09,139100.0,Superseded
PR00025,OPP0019,2,2026-09-11,114700.0,Pending
PR00026,OPP0020,1,2025-10-16,234500.0,Accepted
PR00027,OPP0021,1,2026-09-02,155600.0,Superseded
PR00028,OPP0021,2,2026-09-06,172300.0,Accepted
PR00029,OPP0022,1,2025-04-27,166300.0,Superseded
PR00030,OPP0022,2,2025-04-30,149500.0,Accepted
PR00031,OPP0023,1,2025-04-25,188100.0,Superseded
PR00032,OPP0023,2,2025-04-29,142000.0,Superseded
PR00033,OPP0023,3,2025-05-03,150000.0,Rejected
PR00034,OPP0024,1,2026-08-26,205100.0,Rejected
PR00035,OPP0025,1,2025-09-12,220800.0,Superseded
PR00036,OPP0025,2,2025-09-15,204600.0,Rejected
PR00037,OPP0029,1,2025-06-21,169500.0,Accepted
PR00038,OPP0030,1,2026-03-09,53400.0,Accepted
PR00039,OPP0031,1,2026-09-08,369200.0,Superseded
PR00040,OPP0031,2,2026-09-10,285400.0,Pending
PR00041,OPP0032,1,2026-06-17,22000.0,Superseded
PR00042,OPP0032,2,2026-06-21,18600.0,Accepted
PR00043,OPP0034,1,2025-07-24,57900.0,Superseded
PR00044,OPP0034,2,2025-07-28,50900.0,Rejected
PR00045,OPP0035,1,2026-05-08,158700.0,Accepted
PR00046,OPP0036,1,2025-12-19,52900.0,Rejected
PR00047,OPP0037,1,2026-09-01,109500.0,Pending
PR00048,OPP0038,1,2025-09-27,115200.0,Superseded
PR00049,OPP0038,2,2025-10-02,104600.0,Rejected
PR00050,OPP0040,1,2026-05-29,202100.0,Superseded
PR00051,OPP0040,2,2026-06-03,203100.0,Accepted
PR00052,OPP0042,1,2025-10-01,288300.0,Superseded
PR00053,OPP0042,2,2025-10-03,223100.0,Rejected
PR00054,OPP0043,1,2026-01-09,89600.0,Superseded
PR00055,OPP0043,2,2026-01-15,73400.0,Accepted
PR00056,OPP0044,1,2025-07-08,164400.0,Superseded
PR00057,OPP0044,2,2025-07-12,188000.0,Superseded
PR00058,OPP0044,3,2025-07-17,171000.0,Accepted
PR00059,OPP0046,1,2026-01-25,93100.0,Superseded
PR00060,OPP0046,2,2026-01-29,97500.0,Superseded
PR00061,OPP0046,3,2026-02-02,100200.0,Accepted
PR00062,OPP0048,1,2026-03-28,102000.0,Accepted
PR00063,OPP0049,1,2025-05-28,179300.0,Accepted
PR00064,OPP0050,1,2025-02-19,232900.0,Accepted
PR00065,OPP0052,1,2025-06-17,44800.0,Accepted
PR00066,OPP0053,1,2026-08-28,25800.0,Superseded
PR00067,OPP0053,2,2026-09-02,24500.0,Superseded
PR00068,OPP0053,3,2026-09-07,22800.0,Pending
PR00069,OPP0055,1,2025-11-04,180900.0,Superseded
PR00070,OPP0055,2,2025-11-06,183500.0,Rejected
PR00071,OPP0056,1,2025-01-29,50600.0,Superseded
PR00072,OPP0056,2,2025-02-02,53600.0,Superseded
PR00073,OPP0056,3,2025-02-07,42300.0,Rejected
PR00074,OPP0057,1,2026-08-27,278300.0,Superseded
PR00075,OPP0057,2,2026-08-31,218400.0,Rejected
PR00076,OPP0058,1,2026-09-03,170600.0,Pending
PR00077,OPP0059,1,2025-08-18,137400.0,Superseded
PR00078,OPP0059,2,2025-08-22,115500.0,Accepted
PR00079,OPP0060,1,2026-02-19,115600.0,Rejected
PR00080,OPP0062,1,2026-09-02,174600.0,Superseded
PR00081,OPP0062,2,2026-09-06,179600.0,Superseded
PR00082,OPP0062,3,2026-09-10,153300.0,Pending
PR00083,OPP0063,1,2026-04-01,119900.0,Superseded
PR00084,OPP0063,2,2026-04-07,114100.0,Accepted
PR00085,OPP0064,1,2025-10-06,73900.0,Superseded
PR00086,OPP0064,2,2025-10-12,58400.0,Rejected
PR00087,OPP0066,1,2025-06-23,171200.0,Superseded
PR00088,OPP0066,2,2025-06-29,155000.0,Superseded
PR00089,OPP0066,3,2025-07-05,152800.0,Accepted
PR00090,OPP0067,1,2025-03-05,62800.0,Rejected
PR00091,OPP0068,1,2025-08-02,120400.0,Superseded
PR00092,OPP0068,2,2025-08-08,114300.0,Rejected
PR00093,OPP0069,1,2026-02-25,287000.0,Superseded
PR00094,OPP0069,2,2026-03-03,255600.0,Accepted
PR00095,OPP0070,1,2025-06-11,122500.0,Superseded
PR00096,OPP0070,2,2025-06-14,132800.0,Superseded
PR00097,OPP0070,3,2025-06-18,106800.0,Accepted
PR00098,OPP0071,1,2026-04-28,94000.0,Superseded
PR00099,OPP0071,2,2026-04-30,101100.0,Rejected
PR00100,OPP0073,1,2026-01-21,111600.0,Superseded
PR00101,OPP0073,2,2026-01-27,102300.0,Accepted
PR00102,OPP0074,1,2026-09-05,254500.0,Superseded
PR00103,OPP0074,2,2026-09-08,260000.0,Pending
PR00104,OPP0075,1,2026-09-09,86900.0,Superseded
PR00105,OPP0075,2,2026-09-11,76300.0,Pending
PR00106,OPP0077,1,2026-08-21,58800.0,Superseded
PR00107,OPP0077,2,2026-08-28,62500.0,Pending
PR00108,OPP0078,1,2025-10-12,116300.0,Accepted
PR00109,OPP0079,1,2026-04-24,31100.0,Superseded
PR00110,OPP0079,2,2026-04-27,25300.0,Accepted
PR00111,OPP0080,1,2026-04-30,176200.0,Superseded
PR00112,OPP0080,2,2026-05-06,151100.0,Accepted
PR00113,OPP0081,1,2025-04-08,141300.0,Accepted
PR00114,OPP0085,1,2025-10-14,308400.0,Superseded
PR00115,OPP0085,2,2025-10-17,271800.0,Rejected
PR00116,OPP0086,1,2026-09-02,348700.0,Superseded
PR00117,OPP0086,2,2026-09-06,315800.0,Pending
PR00118,OPP0087,1,2026-05-13,90100.0,Superseded
PR00119,OPP0087,2,2026-05-16,107100.0,Superseded
PR00120,OPP0087,3,2026-05-19,85900.0,Accepted
PR00121,OPP0088,1,2026-01-07,21900.0,Accepted
PR00122,OPP0089,1,2026-09-05,92500.0,Superseded
PR00123,OPP0089,2,2026-09-08,74600.0,Pending
PR00124,OPP0091,1,2025-08-01,74500.0,Accepted
PR00125,OPP0092,1,2025-08-15,235600.0,Superseded
PR00126,OPP0092,2,2025-08-20,258400.0,Accepted
PR00127,OPP0093,1,2025-03-09,61500.0,Superseded
PR00128,OPP0093,2,2025-03-18,62700.0,Superseded
PR00129,OPP0093,3,2025-03-27,62300.0,Accepted
PR00130,OPP0095,1,2025-03-31,113200.0,Superseded
PR00131,OPP0095,2,2025-04-03,83900.0,Superseded
PR00132,OPP0095,3,2025-04-06,93200.0,Accepted
PR00133,OPP0096,1,2026-04-25,109400.0,Superseded
PR00134,OPP0096,2,2026-04-29,99700.0,Accepted
PR00135,OPP0097,1,2026-02-06,135300.0,Superseded
PR00136,OPP0097,2,2026-02-09,140500.0,Accepted
PR00137,OPP0098,1,2025-11-26,180500.0,Superseded
PR00138,OPP0098,2,2025-12-01,192700.0,Accepted
PR00139,OPP0099,1,2026-09-09,134100.0,Superseded
PR00140,OPP0099,2,2026-09-11,131500.0,Pending
PR00141,OPP0100,1,2025-10-14,115500.0,Rejected
PR00142,OPP0101,1,2026-03-08,117400.0,Superseded
PR00143,OPP0101,2,2026-03-10,99800.0,Accepted
PR00144,OPP0102,1,2025-11-03,95700.0,Superseded
PR00145,OPP0102,2,2025-11-09,80800.0,Rejected
PR00146,OPP0103,1,2025-07-22,89000.0,Accepted
PR00147,OPP0105,1,2025-11-12,130000.0,Accepted
PR00148,OPP0106,1,2026-06-25,224900.0,Superseded
PR00149,OPP0106,2,2026-07-01,221300.0,Superseded
PR00150,OPP0106,3,2026-07-06,220500.0,Rejected
PR00151,OPP0109,1,2026-08-31,120100.0,Superseded
PR00152,OPP0109,2,2026-09-03,93800.0,Accepted
PR00153,OPP0110,1,2025-11-24,263200.0,Accepted
PR00154,OPP0111,1,2025-05-13,68800.0,Accepted
PR00155,OPP0112,1,2025-08-20,66100.0,Superseded
PR00156,OPP0112,2,2025-08-25,68900.0,Rejected
PR00157,OPP0113,1,2026-04-04,247200.0,Rejected
PR00158,OPP0115,1,2026-07-09,52900.0,Superseded
PR00159,OPP0115,2,2026-07-12,45400.0,Accepted
PR00160,OPP0118,1,2026-05-03,76500.0,Superseded
PR00161,OPP0118,2,2026-05-07,81100.0,Rejected
PR00162,OPP0121,1,2026-08-23,280800.0,Superseded
PR00163,OPP0121,2,2026-08-29,304500.0,Superseded
PR00164,OPP0121,3,2026-09-04,238400.0,Pending
PR00165,OPP0123,1,2026-08-01,143000.0,Superseded
PR00166,OPP0123,2,2026-08-03,132500.0,Rejected
PR00167,OPP0124,1,2026-01-14,61200.0,Superseded
PR00168,OPP0124,2,2026-01-16,59300.0,Rejected
PR00169,OPP0125,1,2026-06-25,241900.0,Accepted
PR00170,OPP0126,1,2025-10-15,55400.0,Rejected
PR00171,OPP0130,1,2025-12-27,70600.0,Rejected
PR00172,OPP0132,1,2026-09-04,71000.0,Superseded
PR00173,OPP0132,2,2026-09-07,71800.0,Pending
PR00174,OPP0133,1,2026-09-03,69900.0,Superseded
PR00175,OPP0133,2,2026-09-06,77300.0,Superseded
PR00176,OPP0133,3,2026-09-10,62000.0,Rejected
PR00177,OPP0135,1,2025-03-09,66000.0,Rejected
PR00178,OPP0136,1,2026-08-13,219900.0,Superseded
PR00179,OPP0136,2,2026-08-21,209800.0,Pending
PR00180,OPP0137,1,2026-08-31,214600.0,Pending
PR00181,OPP0138,1,2026-08-20,71800.0,Superseded
PR00182,OPP0138,2,2026-08-25,59100.0,Accepted
PR00183,OPP0140,1,2025-07-27,40800.0,Superseded
PR00184,OPP0140,2,2025-08-02,57200.0,Superseded
PR00185,OPP0140,3,2025-08-08,45000.0,Accepted
PR00186,OPP0141,1,2026-05-13,243200.0,Superseded
PR00187,OPP0141,2,2026-05-18,259500.0,Rejected
PR00188,OPP0142,1,2026-06-07,141700.0,Rejected
PR00189,OPP0144,1,2025-07-31,76900.0,Superseded
PR00190,OPP0144,2,2025-08-04,71200.0,Accepted
PR00191,OPP0145,1,2026-07-02,33500.0,Rejected
PR00192,OPP0146,1,2026-09-02,79800.0,Superseded
PR00193,OPP0146,2,2026-09-06,80700.0,Superseded
PR00194,OPP0146,3,2026-09-10,78700.0,Pending
PR00195,OPP0148,1,2025-10-03,236900.0,Superseded
PR00196,OPP0148,2,2025-10-08,273400.0,Superseded
PR00197,OPP0148,3,2025-10-13,220600.0,Accepted
PR00198,OPP0149,1,2026-02-09,66400.0,Rejected
PR00199,OPP0150,1,2025-09-11,335100.0,Rejected
PR00200,OPP0152,1,2025-10-18,178800.0,Superseded
PR00201,OPP0152,2,2025-10-23,192500.0,Superseded
PR00202,OPP0152,3,2025-10-27,185900.0,Accepted
PR00203,OPP0153,1,2025-07-19,260200.0,Accepted
PR00204,OPP0157,1,2025-09-06,168300.0,Superseded
PR00205,OPP0157,2,2025-09-10,152700.0,Accepted
PR00206,OPP0160,1,2025-03-15,72400.0,Accepted
PR00207,OPP0161,1,2026-04-22,41600.0,Superseded
PR00208,OPP0161,2,2026-04-26,44500.0,Accepted
PR00209,OPP0162,1,2025-09-05,213100.0,Superseded
PR00210,OPP0162,2,2025-09-10,187000.0,Superseded
PR00211,OPP0162,3,2025-09-15,167700.0,Rejected
PR00212,OPP0163,1,2025-02-19,228900.0,Rejected
PR00213,OPP0164,1,2025-03-08,102500.0,Accepted
PR00214,OPP0169,1,2026-06-04,61300.0,Accepted
PR00215,OPP0171,1,2025-10-06,243600.0,Accepted
PR00216,OPP0173,1,2026-09-03,131000.0,Pending
PR00217,OPP0175,1,2025-08-27,72100.0,Accepted
PR00218,OPP0176,1,2025-02-21,59600.0,Superseded
PR00219,OPP0176,2,2025-02-24,53700.0,Rejected
PR00220,OPP0177,1,2026-05-30,73900.0,Superseded
PR00221,OPP0177,2,2026-06-01,71100.0,Accepted
PR00222,OPP0178,1,2026-05-05,112800.0,Superseded
PR00223,OPP0178,2,2026-05-08,121700.0,Rejected
PR00224,OPP0179,1,2026-08-28,627700.0,Superseded
PR00225,OPP0179,2,2026-09-02,494500.0,Pending
PR00226,OPP0180,1,2026-07-23,193500.0,Accepted
PR00227,OPP0182,1,2025-10-14,333800.0,Superseded
PR00228,OPP0182,2,2025-10-17,306700.0,Rejected
PR00229,OPP0183,1,2026-09-02,137400.0,Superseded
PR00230,OPP0183,2,2026-09-06,120900.0,Pending
PR00231,OPP0184,1,2025-12-17,58100.0,Accepted
PR00232,OPP0185,1,2025-08-12,124400.0,Superseded
PR00233,OPP0185,2,2025-08-16,100400.0,Rejected
PR00234,OPP0186,1,2026-03-27,276600.0,Superseded
PR00235,OPP0186,2,2026-03-31,245900.0,Superseded
PR00236,OPP0186,3,2026-04-04,217400.0,Accepted
PR00237,OPP0187,1,2026-09-04,190700.0,Superseded
PR00238,OPP0187,2,2026-09-08,178500.0,Pending
PR00239,OPP0188,1,2025-04-15,123100.0,Superseded
PR00240,OPP0188,2,2025-04-19,99100.0,Superseded
PR00241,OPP0188,3,2025-04-22,103000.0,Accepted
PR00242,OPP0189,1,2026-08-20,64900.0,Superseded
PR00243,OPP0189,2,2026-08-26,64500.0,Rejected
PR00244,OPP0190,1,2026-07-14,434800.0,Accepted
PR00245,OPP0191,1,2026-08-29,112600.0,Superseded
PR00246,OPP0191,2,2026-09-03,106500.0,Superseded
PR00247,OPP0191,3,2026-09-08,106500.0,Pending
PR00248,OPP0192,1,2026-07-30,83000.0,Superseded
PR00249,OPP0192,2,2026-08-03,74500.0,Rejected
PR00250,OPP0198,1,2026-06-06,200400.0,Superseded
PR00251,OPP0198,2,2026-06-10,201300.0,Rejected
PR00252,OPP0200,1,2026-07-25,212100.0,Superseded
PR00253,OPP0200,2,2026-07-28,216500.0,Pending
PR00254,OPP0201,1,2026-05-06,110800.0,Accepted
PR00255,OPP0202,1,2026-09-03,91500.0,Superseded
PR00256,OPP0202,2,2026-09-07,76600.0,Pending
PR00257,OPP0203,1,2026-03-13,61300.0,Superseded
PR00258,OPP0203,2,2026-03-17,56500.0,Accepted
PR00259,OPP0204,1,2026-08-07,183500.0,Accepted
PR00260,OPP0205,1,2026-05-25,318700.0,Superseded
PR00261,OPP0205,2,2026-05-29,294800.0,Accepted
PR00262,OPP0206,1,2025-09-30,229800.0,Accepted
PR00263,OPP0207,1,2026-05-10,230600.0,Superseded
PR00264,OPP0207,2,2026-05-15,179800.0,Rejected
PR00265,OPP0208,1,2025-06-23,71200.0,Superseded
PR00266,OPP0208,2,2025-06-27,63200.0,Superseded
PR00267,OPP0208,3,2025-07-01,69000.0,Accepted
PR00268,OPP0209,1,2025-07-01,84100.0,Superseded
PR00269,OPP0209,2,2025-07-07,87100.0,Accepted
PR00270,OPP0210,1,2025-12-02,90900.0,Accepted
PR00271,OPP0211,1,2025-09-05,72400.0,Accepted
PR00272,OPP0212,1,2025-10-18,216100.0,Accepted
PR00273,OPP0213,1,2026-04-02,76900.0,Superseded
PR00274,OPP0213,2,2026-04-07,84400.0,Accepted
PR00275,OPP0214,1,2025-09-08,122800.0,Accepted
PR00276,OPP0215,1,2025-07-14,53900.0,Superseded
PR00277,OPP0215,2,2025-07-19,62900.0,Superseded
PR00278,OPP0215,3,2025-07-25,59800.0,Accepted
PR00279,OPP0216,1,2026-05-01,66200.0,Accepted
PR00280,OPP0217,1,2025-08-25,162200.0,Superseded
PR00281,OPP0217,2,2025-08-31,146800.0,Accepted
PR00282,OPP0219,1,2026-02-14,167100.0,Superseded
PR00283,OPP0219,2,2026-02-17,152600.0,Accepted
PR00284,OPP0220,1,2025-12-28,104900.0,Superseded
PR00285,OPP0220,2,2026-01-03,98500.0,Accepted
PR00286,OPP0221,1,2026-08-21,135100.0,Superseded
PR00287,OPP0221,2,2026-08-27,137800.0,Accepted
PR00288,OPP0222,1,2025-11-30,66500.0,Accepted
PR00289,OPP0223,1,2026-07-12,62800.0,Accepted
PR00290,OPP0224,1,2026-08-06,127100.0,Accepted
PR00291,OPP0225,1,2025-10-14,60600.0,Superseded
PR00292,OPP0225,2,2025-10-22,47900.0,Superseded
PR00293,OPP0225,3,2025-10-30,50700.0,Rejected
PR00294,OPP0226,1,2025-02-07,128500.0,Superseded
PR00295,OPP0226,2,2025-02-12,103100.0,Accepted
PR00296,OPP0227,1,2026-09-02,153700.0,Pending
PR00297,OPP0229,1,2025-10-22,49200.0,Accepted
PR00298,OPP0233,1,2025-03-07,236300.0,Superseded
PR00299,OPP0233,2,2025-03-11,209100.0,Superseded
PR00300,OPP0233,3,2025-03-14,190400.0,Rejected
PR00301,OPP0234,1,2026-07-18,289600.0,Superseded
PR00302,OPP0234,2,2026-07-28,235000.0,Accepted
PR00303,OPP0235,1,2025-08-05,172200.0,Superseded
PR00304,OPP0235,2,2025-08-08,155800.0,Accepted
PR00305,OPP0236,1,2025-09-16,142600.0,Superseded
PR00306,OPP0236,2,2025-09-23,168500.0,Superseded
PR00307,OPP0236,3,2025-09-30,155200.0,Accepted
PR00308,OPP0237,1,2025-10-21,116200.0,Superseded
PR00309,OPP0237,2,2025-10-23,137700.0,Superseded
PR00310,OPP0237,3,2025-10-25,111300.0,Accepted
PR00311,OPP0239,1,2025-10-21,472100.0,Accepted
PR00312,OPP0241,1,2026-08-11,91700.0,Accepted
PR00313,OPP0242,1,2026-08-12,425000.0,Superseded
PR00314,OPP0242,2,2026-08-15,484300.0,Superseded
PR00315,OPP0242,3,2026-08-18,463600.0,Accepted
PR00316,OPP0244,1,2025-03-07,231200.0,Superseded
PR00317,OPP0244,2,2025-03-12,183500.0,Rejected
PR00318,OPP0247,1,2026-01-27,227500.0,Superseded
PR00319,OPP0247,2,2026-01-31,194300.0,Accepted
PR00320,OPP0249,1,2025-05-20,316800.0,Rejected
PR00321,OPP0250,1,2026-08-19,114000.0,Superseded
PR00322,OPP0250,2,2026-08-22,114800.0,Rejected
PR00323,OPP0251,1,2026-08-19,49300.0,Superseded
PR00324,OPP0251,2,2026-08-23,40600.0,Rejected
PR00325,OPP0252,1,2025-04-28,160500.0,Accepted
PR00326,OPP0253,1,2025-10-22,47000.0,Superseded
PR00327,OPP0253,2,2025-10-25,41900.0,Accepted
PR00328,OPP0255,1,2025-09-13,276800.0,Accepted
PR00329,OPP0256,1,2026-06-05,172100.0,Superseded
PR00330,OPP0256,2,2026-06-09,163200.0,Accepted
PR00331,OPP0258,1,2025-09-24,182700.0,Accepted
PR00332,OPP0259,1,2025-04-22,454800.0,Superseded
PR00333,OPP0259,2,2025-04-27,423900.0,Accepted
PR00334,OPP0260,1,2026-04-30,166300.0,Superseded
PR00335,OPP0260,2,2026-05-07,145300.0,Accepted
PR00336,OPP0261,1,2026-08-28,403900.0,Superseded
PR00337,OPP0261,2,2026-09-02,414500.0,Pending
PR00338,OPP0262,1,2025-10-01,109300.0,Superseded
PR00339,OPP0262,2,2025-10-06,88100.0,Accepted
PR00340,OPP0263,1,2025-08-30,146000.0,Accepted
PR00341,OPP0265,1,2026-08-26,419200.0,Accepted
PR00342,OPP0267,1,2026-08-31,138500.0,Superseded
PR00343,OPP0267,2,2026-09-04,129400.0,Rejected
PR00344,OPP0268,1,2025-11-20,18200.0,Accepted
PR00345,OPP0269,1,2026-03-10,57900.0,Rejected
PR00346,OPP0271,1,2026-08-23,144900.0,Accepted
PR00347,OPP0272,1,2025-01-26,104400.0,Superseded
PR00348,OPP0272,2,2025-01-28,97300.0,Accepted
PR00349,OPP0274,1,2025-10-03,94600.0,Superseded
PR00350,OPP0274,2,2025-10-08,91700.0,Superseded
PR00351,OPP0274,3,2025-10-14,78400.0,Rejected
PR00352,OPP0276,1,2025-03-06,187800.0,Rejected
PR00353,OPP0278,1,2025-07-20,229900.0,Superseded
PR00354,OPP0278,2,2025-07-23,177800.0,Rejected
PR00355,OPP0279,1,2025-10-04,142700.0,Superseded
PR00356,OPP0279,2,2025-10-06,140100.0,Rejected
PR00357,OPP0281,1,2025-04-11,238600.0,Superseded
PR00358,OPP0281,2,2025-04-17,232900.0,Accepted
PR00359,OPP0283,1,2025-09-11,641200.0,Rejected
PR00360,OPP0284,1,2026-08-26,248200.0,Pending
PR00361,OPP0285,1,2026-07-13,34400.0,Rejected
PR00362,OPP0291,1,2026-06-29,273900.0,Superseded
PR00363,OPP0291,2,2026-07-02,258400.0,Rejected
PR00364,OPP0292,1,2025-08-30,216200.0,Superseded
PR00365,OPP0292,2,2025-09-05,216800.0,Superseded
PR00366,OPP0292,3,2025-09-11,187400.0,Rejected
PR00367,OPP0293,1,2026-01-14,84000.0,Rejected
PR00368,OPP0294,1,2026-06-24,64000.0,Superseded
PR00369,OPP0294,2,2026-06-30,49500.0,Accepted
PR00370,OPP0297,1,2025-10-17,205900.0,Rejected
PR00371,OPP0299,1,2025-12-28,54300.0,Superseded
PR00372,OPP0299,2,2026-01-02,44200.0,Superseded
PR00373,OPP0299,3,2026-01-07,45800.0,Accepted
PR00374,OPP0301,1,2025-09-01,93900.0,Rejected
PR00375,OPP0303,1,2025-07-22,89100.0,Accepted
PR00376,OPP0304,1,2026-06-04,38700.0,Superseded
PR00377,OPP0304,2,2026-06-10,46400.0,Superseded
PR00378,OPP0304,3,2026-06-15,36300.0,Accepted
PR00379,OPP0306,1,2025-05-13,223100.0,Superseded
PR00380,OPP0306,2,2025-05-23,204100.0,Rejected
PR00381,OPP0308,1,2025-09-12,127000.0,Superseded
PR00382,OPP0308,2,2025-09-16,140800.0,Accepted
PR00383,OPP0309,1,2026-06-20,158800.0,Accepted
PR00384,OPP0310,1,2025-10-28,169000.0,Accepted
PR00385,OPP0311,1,2025-09-14,255600.0,Accepted
PR00386,OPP0312,1,2026-09-05,93800.0,Pending
PR00387,OPP0313,1,2025-08-10,59100.0,Accepted
PR00388,OPP0314,1,2025-07-20,111400.0,Accepted
PR00389,OPP0315,1,2026-09-05,205600.0,Superseded
PR00390,OPP0315,2,2026-09-08,164600.0,Pending
PR00391,OPP0317,1,2025-10-19,72600.0,Superseded
PR00392,OPP0317,2,2025-10-24,74600.0,Rejected
PR00393,OPP0319,1,2025-03-12,166400.0,Superseded
PR00394,OPP0319,2,2025-03-17,120300.0,Superseded
PR00395,OPP0319,3,2025-03-22,132400.0,Rejected
PR00396,OPP0320,1,2026-05-31,250800.0,Accepted
PR00397,OPP0322,1,2025-03-25,175300.0,Superseded
PR00398,OPP0322,2,2025-03-28,148900.0,Accepted
PR00399,OPP0323,1,2026-02-02,420000.0,Accepted
PR00400,OPP0324,1,2025-10-12,259000.0,Superseded
PR00401,OPP0324,2,2025-10-16,243300.0,Accepted
PR00402,OPP0326,1,2026-02-01,98600.0,Superseded
PR00403,OPP0326,2,2026-02-03,105400.0,Superseded
PR00404,OPP0326,3,2026-02-04,104600.0,Accepted
PR00405,OPP0328,1,2025-09-07,168600.0,Superseded
PR00406,OPP0328,2,2025-09-12,152900.0,Superseded
PR00407,OPP0328,3,2025-09-17,135700.0,Rejected
PR00408,OPP0329,1,2026-05-12,75300.0,Superseded
PR00409,OPP0329,2,2026-05-14,71900.0,Rejected
PR00410,OPP0331,1,2026-02-27,77100.0,Accepted
PR00411,OPP0333,1,2025-06-29,142300.0,Superseded
PR00412,OPP0333,2,2025-07-01,140500.0,Superseded
PR00413,OPP0333,3,2025-07-03,148600.0,Rejected
PR00414,OPP0334,1,2025-01-29,125200.0,Rejected
PR00415,OPP0335,1,2025-06-08,121700.0,Superseded
PR00416,OPP0335,2,2025-06-21,108600.0,Rejected
PR00417,OPP0336,1,2025-09-18,59700.0,Superseded
PR00418,OPP0336,2,2025-09-21,59900.0,Accepted
PR00419,OPP0338,1,2025-08-03,51100.0,Superseded
PR00420,OPP0338,2,2025-08-07,41500.0,Superseded
PR00421,OPP0338,3,2025-08-12,41000.0,Accepted
PR00422,OPP0340,1,2025-07-05,66900.0,Accepted
PR00423,OPP0341,1,2026-08-31,214700.0,Pending
PR00424,OPP0342,1,2025-10-02,300700.0,Rejected
PR00425,OPP0343,1,2025-12-10,443200.0,Accepted
PR00426,OPP0345,1,2025-05-24,107200.0,Superseded
PR00427,OPP0345,2,2025-05-28,117200.0,Accepted
PR00428,OPP0346,1,2025-09-21,200000.0,Superseded
PR00429,OPP0346,2,2025-09-23,215100.0,Accepted
PR00430,OPP0347,1,2026-05-03,229100.0,Rejected
PR00431,OPP0348,1,2026-04-22,142200.0,Superseded
PR00432,OPP0348,2,2026-04-24,133000.0,Accepted
PR00433,OPP0349,1,2025-10-06,180800.0,Accepted
PR00434,OPP0351,1,2025-10-01,52800.0,Rejected
PR00435,OPP0352,1,2025-05-05,49600.0,Superseded
PR00436,OPP0352,2,2025-05-10,53200.0,Superseded
PR00437,OPP0352,3,2025-05-16,41000.0,Rejected
PR00438,OPP0353,1,2025-10-26,42800.0,Superseded
PR00439,OPP0353,2,2025-10-31,38000.0,Accepted
PR00440,OPP0354,1,2025-03-19,308700.0,Superseded
PR00441,OPP0354,2,2025-03-23,322600.0,Accepted
PR00442,OPP0355,1,2025-06-16,140100.0,Accepted
PR00443,OPP0356,1,2025-09-06,188800.0,Superseded
PR00444,OPP0356,2,2025-09-08,161600.0,Accepted
PR00445,OPP0358,1,2025-04-23,80100.0,Superseded
PR00446,OPP0358,2,2025-04-25,79700.0,Superseded
PR00447,OPP0358,3,2025-04-28,68300.0,Rejected
PR00448,OPP0359,1,2026-04-29,89700.0,Superseded
PR00449,OPP0359,2,2026-05-04,106100.0,Superseded
PR00450,OPP0359,3,2026-05-10,97000.0,Accepted
PR00451,OPP0360,1,2025-05-30,38500.0,Accepted
PR00452,OPP0362,1,2025-12-23,73100.0,Superseded
PR00453,OPP0362,2,2025-12-25,68300.0,Rejected
PR00454,OPP0366,1,2025-02-08,65800.0,Superseded
PR00455,OPP0366,2,2025-02-12,67300.0,Accepted
PR00456,OPP0367,1,2025-09-11,107100.0,Superseded
PR00457,OPP0367,2,2025-09-14,104200.0,Rejected
PR00458,OPP0368,1,2025-07-30,171200.0,Accepted
PR00459,OPP0369,1,2026-04-05,126300.0,Superseded
PR00460,OPP0369,2,2026-04-08,105400.0,Rejected
PR00461,OPP0370,1,2026-01-31,80600.0,Superseded
PR00462,OPP0370,2,2026-02-05,89200.0,Rejected
PR00463,OPP0371,1,2026-05-10,79300.0,Accepted
PR00464,OPP0372,1,2026-01-16,166400.0,Accepted
PR00465,OPP0373,1,2025-06-17,180000.0,Superseded
PR00466,OPP0373,2,2025-06-19,149400.0,Rejected
PR00467,OPP0374,1,2025-12-01,1033600.0,Superseded
PR00468,OPP0374,2,2025-12-17,905000.0,Rejected
PR00469,OPP0376,1,2025-04-03,129300.0,Rejected
PR00470,OPP0377,1,2025-05-11,97000.0,Superseded
PR00471,OPP0377,2,2025-05-19,93600.0,Accepted
PR00472,OPP0379,1,2026-09-11,202100.0,Pending
PR00473,OPP0384,1,2025-10-07,174800.0,Accepted
PR00474,OPP0385,1,2026-03-16,305200.0,Superseded
PR00475,OPP0385,2,2026-03-20,288500.0,Superseded
PR00476,OPP0385,3,2026-03-23,244100.0,Accepted
PR00477,OPP0386,1,2025-02-12,88900.0,Superseded
PR00478,OPP0386,2,2025-02-18,76500.0,Accepted
PR00479,OPP0388,1,2025-04-30,40500.0,Accepted
PR00480,OPP0390,1,2026-06-27,156600.0,Rejected
PR00481,OPP0392,1,2026-07-15,61600.0,Rejected
PR00482,OPP0393,1,2026-02-07,41400.0,Superseded
PR00483,OPP0393,2,2026-02-15,43000.0,Superseded
PR00484,OPP0393,3,2026-02-23,37100.0,Accepted
PR00485,OPP0394,1,2026-04-25,135000.0,Superseded
PR00486,OPP0394,2,2026-04-30,121400.0,Accepted
PR00487,OPP0395,1,2025-08-26,340500.0,Rejected
PR00488,OPP0398,1,2026-01-05,59000.0,Superseded
PR00489,OPP0398,2,2026-01-10,63200.0,Rejected
PR00490,OPP0400,1,2025-08-29,94100.0,Superseded
PR00491,OPP0400,2,2025-09-02,83900.0,Superseded
PR00492,OPP0400,3,2025-09-07,83500.0,Accepted
PR00493,OPP0401,1,2025-07-11,106000.0,Superseded
PR00494,OPP0401,2,2025-07-17,103800.0,Superseded
PR00495,OPP0401,3,2025-07-22,97900.0,Accepted
PR00496,OPP0402,1,2025-06-05,89600.0,Accepted
PR00497,OPP0403,1,2025-01-18,134100.0,Rejected
PR00498,OPP0405,1,2026-01-03,117000.0,Accepted
PR00499,OPP0406,1,2025-02-15,105400.0,Rejected
PR00500,OPP0407,1,2026-04-19,100600.0,Superseded
PR00501,OPP0407,2,2026-04-20,103600.0,Rejected
PR00502,OPP0408,1,2025-08-31,140500.0,Rejected
PR00503,OPP0410,1,2025-11-07,77100.0,Superseded
PR00504,OPP0410,2,2025-11-12,75100.0,Superseded
PR00505,OPP0410,3,2025-11-17,63400.0,Rejected
PR00506,OPP0411,1,2025-04-19,117800.0,Superseded
PR00507,OPP0411,2,2025-04-24,158000.0,Superseded
PR00508,OPP0411,3,2025-04-29,121900.0,Rejected
PR00509,OPP0412,1,2026-05-30,431900.0,Superseded
PR00510,OPP0412,2,2026-06-01,334900.0,Accepted
PR00511,OPP0413,1,2025-07-05,125700.0,Superseded
PR00512,OPP0413,2,2025-07-08,120000.0,Accepted
PR00513,OPP0414,1,2026-05-31,578500.0,Superseded
PR00514,OPP0414,2,2026-06-08,529600.0,Rejected
PR00515,OPP0415,1,2026-05-01,89300.0,Rejected
PR00516,OPP0419,1,2025-09-30,137300.0,Superseded
PR00517,OPP0419,2,2025-10-07,134000.0,Superseded
PR00518,OPP0419,3,2025-10-15,123800.0,Accepted
PR00519,OPP0420,1,2025-08-02,179400.0,Rejected
PR00520,OPP0421,1,2025-10-25,57900.0,Superseded
PR00521,OPP0421,2,2025-10-30,52700.0,Accepted
PR00522,OPP0422,1,2025-08-25,169600.0,Superseded
PR00523,OPP0422,2,2025-08-29,147500.0,Superseded
PR00524,OPP0422,3,2025-09-02,139500.0,Accepted
PR00525,OPP0423,1,2025-09-20,196300.0,Rejected
PR00526,OPP0424,1,2025-11-25,93400.0,Superseded
PR00527,OPP0424,2,2025-11-29,77900.0,Rejected
PR00528,OPP0425,1,2026-06-23,180400.0,Superseded
PR00529,OPP0425,2,2026-06-25,161600.0,Superseded
PR00530,OPP0425,3,2026-06-28,148800.0,Rejected
PR00531,OPP0426,1,2025-09-06,156800.0,Rejected
PR00532,OPP0430,1,2026-03-14,403800.0,Accepted
PR00533,OPP0431,1,2026-06-04,100600.0,Accepted
PR00534,OPP0432,1,2025-09-14,177200.0,Accepted
PR00535,OPP0434,1,2025-04-24,206600.0,Superseded
PR00536,OPP0434,2,2025-04-27,193300.0,Rejected
PR00537,OPP0435,1,2026-04-13,254500.0,Superseded
PR00538,OPP0435,2,2026-04-14,217500.0,Superseded
PR00539,OPP0435,3,2026-04-15,235100.0,Accepted
PR00540,OPP0436,1,2025-09-04,139600.0,Accepted
PR00541,OPP0437,1,2026-05-21,158800.0,Superseded
PR00542,OPP0437,2,2026-05-26,166100.0,Accepted
PR00543,OPP0438,1,2025-09-18,258800.0,Accepted
PR00544,OPP0439,1,2025-10-03,866600.0,Accepted
PR00545,OPP0442,1,2026-09-06,103000.0,Superseded
PR00546,OPP0442,2,2026-09-09,98700.0,Pending
PR00547,OPP0443,1,2026-07-30,306000.0,Accepted
PR00548,OPP0445,1,2026-09-07,83000.0,Pending
PR00549,OPP0448,1,2026-09-07,108800.0,Rejected
PR00550,OPP0449,1,2026-09-10,253800.0,Superseded
PR00551,OPP0449,2,2026-09-12,225000.0,Superseded
PR00552,OPP0449,3,2026-09-14,196400.0,Pending
PR00553,OPP0450,1,2026-09-03,177900.0,Superseded
PR00554,OPP0450,2,2026-09-07,189600.0,Pending
PR00555,OPP0454,1,2026-08-30,154300.0,Pending
PR00556,OPP0456,1,2026-09-04,236500.0,Pending
PR00557,OPP0457,1,2026-07-21,156100.0,Accepted
PR00558,OPP0458,1,2026-08-19,272300.0,Superseded
PR00559,OPP0458,2,2026-08-24,244300.0,Accepted
PR00560,OPP0460,1,2026-08-06,255000.0,Superseded
PR00561,OPP0460,2,2026-08-09,227100.0,Accepted
PR00562,OPP0461,1,2026-09-08,225300.0,Superseded
PR00563,OPP0461,2,2026-09-11,206400.0,Pending
PR00564,OPP0462,1,2026-09-05,796400.0,Pending
PR00565,OPP0463,1,2026-09-04,156700.0,Superseded
PR00566,OPP0463,2,2026-09-07,122900.0,Accepted
PR00567,OPP0465,1,2026-08-01,250500.0,Rejected
PR00568,OPP0467,1,2026-07-02,135100.0,Accepted
PR00569,OPP0475,1,2026-08-25,250800.0,Accepted
PR00570,OPP0476,1,2026-09-08,89500.0,Superseded
PR00571,OPP0476,2,2026-09-11,69100.0,Pending
PR00572,OPP0477,1,2026-08-25,123500.0,Superseded
PR00573,OPP0477,2,2026-08-30,107900.0,Rejected
PR00574,OPP0478,1,2026-09-02,159900.0,Pending
PR00575,OPP0479,1,2026-09-01,286700.0,Superseded
PR00576,OPP0479,2,2026-09-05,254300.0,Superseded
PR00577,OPP0479,3,2026-09-09,251000.0,Pending
PR00578,OPP0480,1,2026-08-30,419500.0,Superseded
PR00579,OPP0480,2,2026-09-04,366300.0,Pending
PR00580,OPP0481,1,2026-09-04,181100.0,Pending
PR00581,OPP0482,1,2026-09-03,118000.0,Pending
PR00582,OPP0483,1,2026-09-11,221300.0,Superseded
PR00583,OPP0483,2,2026-09-13,204800.0,Pending
PR00584,OPP0485,1,2026-09-03,113300.0,Superseded
PR00585,OPP0485,2,2026-09-07,91700.0,Superseded
PR00586,OPP0485,3,2026-09-10,99500.0,Pending
