as_campaign_id,io_number,advertiser_name,campaign_name,start_date,end_date
C700001,IO-2025-0001,Paper Moon Getaways,PAPER MOON GETAWAYS_CoComelon_2511,2025-11-19,2025-12-17
C700002,IO-2025-0002,Willowbrook Getaways,WILLOWBROOK GETAWAYS_Morphle_2510,2025-10-28,2026-01-26
C700003,IO-2025-0003,WillowbrookGetaways,WILLOWBROOK GETAWAYS_LittleBabyBum_2507,2025-07-24,2025-08-21
C700004,IO-2025-0004,Moonpie Littles,MOONPIE LITTLES_CoComelon_2505,2025-05-31,2025-08-29
C700005,IO-2025-0005,Firefly Foods,FIREFLY FOODS_LittleAngel_2506,2025-06-10,2025-09-08
C700006,IO-2025-0006,Saffron Playthings,SAFFRON PLAYTHINGS_Oddbods_2511,2025-11-10,2025-12-08
C700007,IO-2026-0001,Little Oak Toys,LITTLE OAK TOYS_Arpo_2610,2026-10-09,2026-11-20
C700008,IO-2025-0007,Tumbletown Kitchen Inc.,TUMBLETOWN KITCHEN_CoComelon_2505,2025-05-19,2025-06-30
C700009,IO-2025-0008,Treetop Pictures,TREETOP PICTURES_Blippi_2507,2025-07-25,2025-08-24
C700010,IO-2026-0002,KITEFIELD SNACKS,KITEFIELD SNACKS_CoComelon_2604,2026-04-06,2026-05-06
C700011,IO-2026-0003,Quill Labs,QUILL LABS_CoComelon_2607,2026-07-29,2026-10-27
C700012,IO-2026-0004,Zippy Learning Inc.,ZIPPY LEARNING_CoComelon_2606,2026-06-29,2026-09-27
C700013,IO-2026-0005,Fernwood Playthings,FERNWOOD PLAYTHINGS_LittleBabyBum_2607,2026-07-04,2026-08-18
C700014,IO-2026-0006,Tumbletown Kitchen,TUMBLETOWN KITCHEN_Blippi_2602,2026-02-22,2026-03-22
C700015,IO-2025-0009,Tumbletown Kitchen,TUMBLETOWN KITCHEN_LittleAngel_2508,2025-08-05,2025-09-04
C700016,IO-2026-0007,Meadowlark Foods,MEADOWLARK FOODS_Blippi_2603,2026-03-08,2026-05-07
C700017,IO-2026-0008,MOONPIE LITTLES,MOONPIE LITTLES_LittleBabyBum_2604,2026-04-25,2026-06-09
C700018,IO-2025-0010,LARKSPUR PLAY+,LARKSPUR PLAY+_CoComelon_2506,2025-06-27,2025-08-26
C700019,IO-2025-0011,Firefly Foods Inc.,FIREFLY FOODS_GoBuster_2503,2025-03-23,2025-05-07
C700020,IO-2025-0012,Harborview Learning,HARBORVIEW LEARNING_Blippi_2507,2025-07-17,2025-09-15
C700021,IO-2025-0013,Zippy Learning,ZIPPY LEARNING_Gecko'sGarage_2509,2025-09-29,2025-11-13
C700022,IO-2026-0009,Clover Parks Inc.,CLOVER PARKS_Blippi_2605,2026-05-20,2026-07-19
C700023,IO-2025-0014,Firefly Foods,FIREFLY FOODS_CoComelon_2508,2025-08-03,2025-08-31
C700024,IO-2026-0010,Bumblebee Toys,BUMBLEBEE TOYS_CoComelon_2604,2026-04-04,2026-05-16
C700025,IO-2025-0015,Pebblestone Baby,PEBBLESTONE BABY_Blippi_2507,2025-07-12,2025-08-23
C700026,IO-2026-0011,Pebblestone Baby Inc.,PEBBLESTONE BABY_CoComelon_2602,2026-02-24,2026-04-10
C700027,IO-2025-0016,SPROUT TOYS,SPROUT TOYS_CoComelon_2511,2025-11-13,2026-02-11
C700028,IO-2026-0012,BluebellBaby,BLUEBELL BABY_Gecko'sGarage_2605,2026-05-28,2026-07-09
C700029,IO-2026-0013,Paper Moon Getaways,PAPER MOON GETAWAYS_CoComelon_2606,2026-06-17,2026-07-15
C700030,IO-2025-0017,Cloudberry Baby,CLOUDBERRY BABY_Oddbods_2505,2025-05-14,2025-06-28
C700031,IO-2026-0014,PAPER MOON GETAWAYS,PAPER MOON GETAWAYS_CoComelon_2606,2026-06-13,2026-07-28
C700032,IO-2026-0015,ZIPPY LEARNING,ZIPPY LEARNING_Morphle_2602,2026-02-07,2026-05-08
C700033,IO-2025-0018,Bluebell Baby Inc.,BLUEBELL BABY_LittleBabyBum_2509,2025-09-05,2025-10-20
C700034,IO-2025-0019,Paper Moon Getaways Inc.,PAPER MOON GETAWAYS_Gecko'sGarage_2509,2025-09-26,2025-10-26
C700035,IO-2025-0020,Seashell Labs Inc.,SEASHELL LABS_Blippi_2505,2025-05-08,2025-08-06
C700036,IO-2025-0021,Brightbloom Snacks,BRIGHTBLOOM SNACKS_Blippi_2505,2025-05-02,2025-07-31
C700037,IO-2026-0016,BLUEBELL BABY,BLUEBELL BABY_CoComelon_2605,2026-05-21,2026-07-02
C700038,IO-2026-0017,PaperMoonGetaways,PAPER MOON GETAWAYS_LittleBabyBum_2603,2026-03-05,2026-06-03
C700039,IO-2025-0022,Paper Moon Getaways Inc.,PAPER MOON GETAWAYS_CoComelon_2601,2026-01-10,2026-02-09
C700040,IO-2026-0018,Brightbloom Snacks Inc.,BRIGHTBLOOM SNACKS_Blippi_2604,2026-04-01,2026-05-16
C700041,IO-2025-0023,Sunnyside Play+ Inc.,SUNNYSIDE PLAY+_Blippi_2508,2025-08-31,2025-10-30
C700042,IO-2025-0024,Moonpie Littles,MOONPIE LITTLES_Blippi_2512,2025-12-21,2026-03-21
C700043,IO-2026-0019,Lanternfish Foods Inc.,LANTERNFISH FOODS_CoComelon_2609,2026-09-27,2026-11-11
C700044,IO-2025-0025,Paper Moon Getaways,PAPER MOON GETAWAYS_Blippi_2512,2025-12-29,2026-02-12
C700045,IO-2025-0026,Zippy Learning,ZIPPY LEARNING_CoComelon_2506,2025-06-08,2025-07-06
C700046,IO-2026-0020,Driftwood Care,DRIFTWOOD CARE_GoBuster_2608,2026-08-17,2026-11-15
C700047,IO-2026-0021,Kitefield Snacks Inc.,KITEFIELD SNACKS_CoComelon_2608,2026-08-02,2026-09-16
C700048,IO-2026-0022,Otter & Oak Outlet,OTTER & OAK OUTLET_Oddbods_2609,2026-09-25,2026-11-24
C700049,IO-2025-0027,Quill Labs Inc.,QUILL LABS_LittleAngel_2509,2025-09-01,2025-10-13
C700050,IO-2025-0028,Bluebell Baby Inc.,BLUEBELL BABY_CoComelon_2509,2025-09-11,2025-10-23
C700051,IO-2025-0029,Honeycomb Market Inc.,HONEYCOMB MARKET_GoBuster_2511,2025-11-12,2025-12-27
C700052,IO-2025-0030,Pip&PopGames,PIP & POP GAMES_CoComelon_2511,2025-11-21,2025-12-21
C700053,IO-2025-0031,Snugglebug Market,SNUGGLEBUG MARKET_CoComelon_2508,2025-08-13,2025-09-24
C700054,IO-2025-0032,Saffron Playthings,SAFFRON PLAYTHINGS_CoComelon_2510,2025-10-18,2025-12-02
C700055,IO-2025-0033,Harborview Learning,HARBORVIEW LEARNING_Oddbods_2505,2025-05-09,2025-06-23
C700056,IO-2026-0023,Cloudberry Baby,CLOUDBERRY BABY_CoComelon_2606,2026-06-03,2026-08-02
C700057,IO-2025-0034,Acorn Essentials,ACORN ESSENTIALS_CoComelon_2504,2025-04-13,2025-06-12
C700058,IO-2026-0024,Seashell Labs,SEASHELL LABS_Blippi_2607,2026-07-24,2026-08-23
C700059,IO-2025-0035,Meadowlark Foods Inc.,MEADOWLARK FOODS_Arpo_2511,2025-11-21,2026-01-20
C700060,IO-2025-0036,Moonpie Littles Inc.,MOONPIE LITTLES_CoComelon_2509,2025-09-27,2025-10-27
C700061,IO-2026-0025,Hazelnut Kids Wear Inc.,HAZELNUT KIDS WEAR_LittleAngel_2606,2026-06-20,2026-08-19
C700062,IO-2026-0026,Little Oak Toys,LITTLE OAK TOYS_CoComelon_2609,2026-09-04,2026-12-03
C700063,IO-2025-0037,Tinkertown Learning Inc.,TINKERTOWN LEARNING_CoComelon_2601,2026-01-24,2026-02-21
C700064,IO-2026-0027,Juniper Play+,JUNIPER PLAY+_CoComelon_2604,2026-04-26,2026-06-07
C700065,IO-2025-0038,Clover Parks,CLOVER PARKS_Morphle_2505,2025-05-13,2025-07-12
C700066,IO-2026-0028,Paper Moon Getaways,PAPER MOON GETAWAYS_Blippi_2608,2026-08-11,2026-11-09
C700067,IO-2026-0029,WildflowerPlay+,WILDFLOWER PLAY+_GoBuster_2606,2026-06-06,2026-09-04
C700068,IO-2026-0030,Zippy Learning Inc.,ZIPPY LEARNING_CoComelon_2604,2026-04-13,2026-05-13
C700069,IO-2026-0031,Lullaby Lane Games Inc.,LULLABY LANE GAMES_Gecko'sGarage_2609,2026-09-12,2026-10-10
C700070,IO-2026-0032,COPPERKETTLE STUDIOS,COPPERKETTLE STUDIOS_Oddbods_2607,2026-07-06,2026-10-04
C700071,IO-2025-0039,Pinwheel Playthings,PINWHEEL PLAYTHINGS_GoBuster_2510,2025-10-17,2025-11-28
C700072,IO-2025-0040,Bluebell Baby,BLUEBELL BABY_Blippi_2507,2025-07-29,2025-09-12
C700073,IO-2025-0041,Cloudberry Baby,CLOUDBERRY BABY_Blippi_2508,2025-08-16,2025-09-27
C700074,IO-2025-0042,ZIPPY LEARNING,ZIPPY LEARNING_LittleBabyBum_2601,2026-01-18,2026-03-01
C700075,IO-2025-0043,Pip & Pop Games,PIP & POP GAMES_Blippi_2510,2025-10-11,2026-01-09
C700076,IO-2025-0044,Pepperpot Pictures,PEPPERPOT PICTURES_LittleBabyBum_2511,2025-11-16,2025-12-14
C700077,IO-2026-0033,Rocket Pup Outfitters,ROCKET PUP OUTFITTERS_Morphle_2605,2026-05-17,2026-06-14
C700078,IO-2025-0045,HONEYCOMB MARKET,HONEYCOMB MARKET_CoComelon_2509,2025-09-27,2025-10-25
C700079,IO-2025-0046,Harborview Learning,HARBORVIEW LEARNING_CoComelon_2508,2025-08-31,2025-11-29
C700080,IO-2026-0034,Bluebell Baby,BLUEBELL BABY_CoComelon_2606,2026-06-11,2026-08-10
C700081,IO-2025-0047,Acorn Essentials,ACORN ESSENTIALS_Morphle_2510,2025-10-10,2025-11-07
C700082,IO-2026-0035,Meadowlark Foods Inc.,MEADOWLARK FOODS_Blippi_2603,2026-03-22,2026-05-03
C700083,IO-2026-0036,Pepperpot Pictures,PEPPERPOT PICTURES_CoComelon_2602,2026-02-01,2026-03-01
C700084,IO-2026-0037,Merrymint Market,MERRYMINT MARKET_CoComelon_2610,2026-10-11,2026-11-08
C700085,IO-2025-0048,Tumbletown Kitchen Inc.,TUMBLETOWN KITCHEN_LittleAngel_2601,2026-01-12,2026-02-23
C700086,IO-2026-0038,Rocket Pup Outfitters,ROCKET PUP OUTFITTERS_SupaStrikas_2608,2026-08-14,2026-09-25
C700087,IO-2026-0039,Sunnyside Play+,SUNNYSIDE PLAY+_CoComelon_2609,2026-09-04,2026-10-19
C700088,IO-2025-0049,FIREFLY FOODS,FIREFLY FOODS_CoComelon_2503,2025-03-22,2025-05-03
C700089,IO-2025-0050,Moonpie Littles,MOONPIE LITTLES_CoComelon_2511,2025-11-26,2025-12-24
C700090,IO-2026-0040,Marigold Mobility,MARIGOLD MOBILITY_CoComelon_2609,2026-09-10,2026-10-22
C700091,IO-2025-0051,SaffronPlaythings,SAFFRON PLAYTHINGS_Oddbods_2509,2025-09-07,2025-10-19
C700092,IO-2025-0052,Honeycomb Market,HONEYCOMB MARKET_CoComelon_2511,2025-11-03,2025-12-18
C700093,IO-2025-0053,Puddlejump Stores,PUDDLEJUMP STORES_CoComelon_2511,2025-11-09,2025-12-24
C700094,IO-2025-0054,COPPERKETTLE STUDIOS,COPPERKETTLE STUDIOS_Blippi_2511,2025-11-26,2026-01-10
C700095,IO-2026-0041,TREETOP PICTURES,TREETOP PICTURES_Gecko'sGarage_2609,2026-09-03,2026-10-01
C700096,IO-2026-0042,Meadowlark Foods Inc.,MEADOWLARK FOODS_LittleAngel_2609,2026-09-11,2026-10-11
C700097,IO-2026-0043,Treetop Pictures Inc.,TREETOP PICTURES_LittleAngel_2603,2026-03-08,2026-04-05
C700098,IO-2025-0055,Pepperpot Pictures,PEPPERPOT PICTURES_CoComelon_2505,2025-05-28,2025-06-25
C700099,IO-2025-0056,Button & Bow Toys Inc.,BUTTON & BOW TOYS_SupaStrikas_2511,2025-11-19,2026-01-03
C700100,IO-2025-0057,Starling Games,STARLING GAMES_Arpo_2510,2025-10-13,2026-01-11
C700101,IO-2026-0044,TUMBLETOWN KITCHEN,TUMBLETOWN KITCHEN_Oddbods_2607,2026-07-11,2026-09-09
C700102,IO-2025-0058,Sprout Toys,SPROUT TOYS_LittleAngel_2511,2025-11-01,2025-12-31
C700103,IO-2025-0059,JUNIPER PLAY+,JUNIPER PLAY+_GoBuster_2506,2025-06-09,2025-07-07
C700104,IO-2026-0045,Willowbrook Getaways,WILLOWBROOK GETAWAYS_LittleBabyBum_2606,2026-06-09,2026-09-07
C700105,IO-2025-0060,Driftwood Care,DRIFTWOOD CARE_Blippi_2511,2025-11-18,2026-01-17
C700106,IO-2025-0061,Puddlejump Stores,PUDDLEJUMP STORES_CoComelon_2510,2025-10-10,2025-11-09
C700107,IO-2026-0046,KIDDO PLAYTHINGS,KIDDO PLAYTHINGS_Morphle_2609,2026-09-25,2026-11-24
C700108,IO-2025-0062,ZIPPY LEARNING,ZIPPY LEARNING_CoComelon_2601,2026-01-07,2026-02-04
C700109,IO-2026-0047,Button and Bow Toys,BUTTON & BOW TOYS_SupaStrikas_2610,2026-10-03,2026-11-17
C700110,IO-2025-0063,Willowbrook Getaways,WILLOWBROOK GETAWAYS_Blippi_2502,2025-02-19,2025-04-02
C700111,IO-2025-0064,Crayonbox Toys,CRAYONBOX TOYS_SupaStrikas_2505,2025-05-18,2025-06-15
C700112,IO-2026-0048,PebblestoneBaby,PEBBLESTONE BABY_CoComelon_2608,2026-08-07,2026-11-05
C700113,IO-2026-0049,Zippy Learning,ZIPPY LEARNING_CoComelon_2601,2026-01-29,2026-04-29
C700114,IO-2025-0065,Acorn Essentials,ACORN ESSENTIALS_LittleBabyBum_2509,2025-09-02,2025-12-01
C700115,IO-2026-0050,Tinkertown Learning,TINKERTOWN LEARNING_CoComelon_2607,2026-07-25,2026-08-24
C700116,IO-2025-0066,Brightbloom Snacks,BRIGHTBLOOM SNACKS_CoComelon_2510,2025-10-24,2025-12-08
C700117,IO-2026-0051,FIREFLY FOODS,FIREFLY FOODS_SupaStrikas_2607,2026-07-27,2026-08-26
C700118,IO-2025-0067,Gumdrop Games,GUMDROP GAMES_Blippi_2512,2025-12-07,2026-01-21
C700119,IO-2025-0068,Treetop Pictures,TREETOP PICTURES_CoComelon_2510,2025-10-25,2025-12-09
C700120,IO-2025-0069,LanternfishFoods,LANTERNFISH FOODS_SupaStrikas_2509,2025-09-21,2025-10-19
C700121,IO-2025-0070,Zippy Learning,ZIPPY LEARNING_CoComelon_2508,2025-08-30,2025-11-28
C700122,IO-2026-0052,Copperkettle Studios Inc.,COPPERKETTLE STUDIOS_CoComelon_2606,2026-06-23,2026-07-21
C700123,IO-2025-0071,Sunnyside Play+,SUNNYSIDE PLAY+_SupaStrikas_2504,2025-04-18,2025-06-17
C700124,IO-2026-0053,PaperMoonGetaways,PAPER MOON GETAWAYS_SupaStrikas_2603,2026-03-21,2026-05-05
C700125,IO-2025-0072,Crayonbox Toys,CRAYONBOX TOYS_CoComelon_2511,2025-11-06,2025-12-06
C700126,IO-2026-0054,Larkspur Play+,LARKSPUR PLAY+_LittleAngel_2602,2026-02-20,2026-03-20
C700127,IO-2026-0055,Lanternfish Foods,LANTERNFISH FOODS_Blippi_2603,2026-03-25,2026-04-22
C700128,IO-2025-0073,Firefly Foods,FIREFLY FOODS_CoComelon_2510,2025-10-07,2025-11-21
C700129,IO-2025-0074,ACORN ESSENTIALS,ACORN ESSENTIALS_CoComelon_2509,2025-09-06,2025-12-05
C700130,IO-2025-0075,Acorn Essentials,ACORN ESSENTIALS_SupaStrikas_2508,2025-08-16,2025-11-14
C700131,IO-2025-0076,NORTHWIND PICTURES,NORTHWIND PICTURES_CoComelon_2512,2025-12-31,2026-03-31
C700132,IO-2025-0077,AcornEssentials,ACORN ESSENTIALS_LittleBabyBum_2506,2025-06-21,2025-08-05
C700133,IO-2025-0078,Saffron Playthings Inc.,SAFFRON PLAYTHINGS_CoComelon_2510,2025-10-14,2025-11-13
C700134,IO-2026-0056,Pepperpot Pictures,PEPPERPOT PICTURES_Gecko'sGarage_2605,2026-05-13,2026-07-12
C700135,IO-2025-0079,Kiddo Playthings,KIDDO PLAYTHINGS_CoComelon_2511,2025-11-20,2026-01-19
C700136,IO-2025-0080,Acorn Essentials Inc.,ACORN ESSENTIALS_LittleBabyBum_2512,2025-12-06,2026-01-17
C700137,IO-2025-0081,MEADOWLARK FOODS,MEADOWLARK FOODS_Blippi_2504,2025-04-30,2025-06-11
C700138,IO-2025-0082,KITEFIELD SNACKS,KITEFIELD SNACKS_Blippi_2507,2025-07-20,2025-08-31
C700139,IO-2025-0083,Riverstone Stores Inc.,RIVERSTONE STORES_Oddbods_2509,2025-09-27,2025-11-26
C700140,IO-2026-0057,Zippy Learning Inc.,ZIPPY LEARNING_Blippi_2605,2026-05-31,2026-07-12
C700141,IO-2025-0084,Acorn Essentials Inc.,ACORN ESSENTIALS_Oddbods_2507,2025-07-16,2025-10-14
C700142,IO-2025-0085,Cloudberry Baby Inc.,CLOUDBERRY BABY_Blippi_2503,2025-03-21,2025-05-05
C700143,IO-2025-0086,Sprout Toys,SPROUT TOYS_CoComelon_2509,2025-09-01,2025-10-16
C700144,IO-2026-0058,Zippy Learning,ZIPPY LEARNING_CoComelon_2606,2026-06-27,2026-08-08
C700145,IO-2026-0059,Paper Moon Getaways,PAPER MOON GETAWAYS_CoComelon_2602,2026-02-14,2026-03-14
C700146,IO-2025-0087,KITEFIELD SNACKS,KITEFIELD SNACKS_LittleAngel_2506,2025-06-28,2025-07-26
C700147,IO-2025-0088,Acorn Essentials Inc.,ACORN ESSENTIALS_Blippi_2511,2025-11-19,2025-12-17
C700148,IO-2026-0060,Juniper Play+,JUNIPER PLAY+_Blippi_2604,2026-04-20,2026-06-04
C700149,IO-2025-0089,Quill Labs,QUILL LABS_Blippi_2503,2025-03-17,2025-04-14
C700150,IO-2025-0090,TUMBLETOWN KITCHEN,TUMBLETOWN KITCHEN_GoBuster_2505,2025-05-30,2025-06-29
C700151,IO-2026-0061,Zippy Learning Inc.,ZIPPY LEARNING_LittleBabyBum_2604,2026-04-08,2026-05-08
C700152,IO-2026-0062,WILLOWBROOK GETAWAYS,WILLOWBROOK GETAWAYS_CoComelon_2606,2026-06-08,2026-09-06
C700153,IO-2025-0091,Sprout Toys Inc.,SPROUT TOYS_Blippi_2510,2025-10-09,2025-11-20
C700154,IO-2025-0092,Meadowlark Foods Inc.,MEADOWLARK FOODS_CoComelon_2508,2025-08-25,2025-10-09
C700155,IO-2025-0093,SEASHELL LABS,SEASHELL LABS_Oddbods_2506,2025-06-27,2025-09-25
C700156,IO-2026-0063,Copperkettle Studios,COPPERKETTLE STUDIOS_Blippi_2602,2026-02-08,2026-05-09
C700157,IO-2026-0064,KIDDO PLAYTHINGS,KIDDO PLAYTHINGS_SupaStrikas_2606,2026-06-23,2026-08-07
C700158,IO-2025-0094,TREETOP PICTURES,TREETOP PICTURES_LittleAngel_2508,2025-08-12,2025-11-10
C700159,IO-2025-0095,Kitefield Snacks,KITEFIELD SNACKS_Blippi_2511,2025-11-15,2025-12-27
C700160,IO-2025-0096,HarborviewLearning,HARBORVIEW LEARNING_CoComelon_2512,2025-12-11,2026-01-10
C700161,IO-2025-0097,MoonpieLittles,MOONPIE LITTLES_CoComelon_2510,2025-10-07,2026-01-05
C700162,IO-2026-0065,Juniper Play+,JUNIPER PLAY+_Oddbods_2604,2026-04-07,2026-05-07
C700163,IO-2026-0066,Hazelnut Kids Wear Inc.,HAZELNUT KIDS WEAR_LittleAngel_2607,2026-07-12,2026-08-23
C700164,IO-2025-0098,Gumdrop Games,GUMDROP GAMES_CoComelon_2510,2025-10-20,2025-11-17
C700165,IO-2026-0067,LarkspurPlay+,LARKSPUR PLAY+_LittleBabyBum_2605,2026-05-01,2026-06-15
C700166,IO-2025-0099,CRAYONBOX TOYS,CRAYONBOX TOYS_Morphle_2510,2025-10-19,2025-12-18
C700167,IO-2026-0068,Acorn Essentials,ACORN ESSENTIALS_SupaStrikas_2606,2026-06-29,2026-07-29
C700168,IO-2025-0100,Little Oak Toys,LITTLE OAK TOYS_Oddbods_2510,2025-10-17,2025-12-16
C700169,IO-2025-0101,Gumdrop Games,GUMDROP GAMES_LittleAngel_2511,2025-11-16,2025-12-31
C700170,IO-2026-0069,Pip & Pop Games Inc.,PIP & POP GAMES_CoComelon_2608,2026-08-26,2026-09-23
C700171,IO-2026-0070,CRAYONBOX TOYS,CRAYONBOX TOYS_LittleAngel_2608,2026-08-21,2026-09-18
C700172,IO-2026-0071,NIMBUS TOYS,NIMBUS TOYS_CoComelon_2610,2026-10-02,2026-11-01
C700173,IO-2026-0072,TidepoolPlaythings,TIDEPOOL PLAYTHINGS_CoComelon_2609,2026-09-01,2026-10-31
C700174,IO-2026-0073,Tidepool Playthings,TIDEPOOL PLAYTHINGS_CoComelon_2610,2026-10-07,2026-11-06
C700175,IO-2026-0074,FERNWOOD PLAYTHINGS,FERNWOOD PLAYTHINGS_LittleAngel_2607,2026-07-29,2026-09-09
C700176,IO-2026-0075,Nimbus Toys,NIMBUS TOYS_CoComelon_2610,2026-10-08,2026-11-05
