as_line_id,as_campaign_id,line_number,product,ip,platform,pricing_model,start_date,end_date,booked_impressions,booked_cpm,booked_cost_usd,guaranteed_views
L900001,C700001,1,Branded Content Integration,Blippi,YouTube,Flat Fee,2025-11-19,2025-12-17,,,41716.02,803255
L900002,C700001,2,YouTube Contextual Pre-roll,Blippi,YouTube,CPM,2025-11-19,2025-12-17,10785689,12.58,135683.98,
L900003,C700002,1,FAST Channel Video,Morphle,FAST,CPM,2025-10-28,2026-01-26,814736,23.61,19235.93,
L900004,C700002,2,YouTube Contextual Pre-roll,Morphle,YouTube,CPM,2025-10-28,2026-01-26,4432057,11.85,52519.88,
L900005,C700002,3,Branded Content Integration,Blippi,YouTube,Flat Fee,2025-10-28,2026-01-26,,,17744.19,374684
L900006,C700003,1,YouTube Contextual Pre-roll,Little Baby Bum,YouTube,CPM,2025-07-24,2025-08-21,3046486,11.81,35979.0,
L900007,C700003,2,FAST Channel Video,Little Baby Bum,FAST,CPM,2025-07-24,2025-08-21,3911305,27.95,109321.0,
L900008,C700004,1,CTV App Video,CoComelon,CTV,CPM,2025-05-31,2025-08-29,1087956,31.34,34096.56,
L900009,C700004,2,FAST Channel Video,CoComelon,FAST,CPM,2025-05-31,2025-08-29,1777645,24.36,43303.44,
L900010,C700005,1,FAST Channel Video,Little Angel,FAST,CPM,2025-06-10,2025-09-08,765094,26.32,20137.29,
L900011,C700005,2,Branded Content Integration,Little Angel,YouTube,Flat Fee,2025-06-10,2025-09-08,,,52262.71,1095804
L900012,C700006,1,Branded Content Integration,CoComelon,YouTube,Flat Fee,2025-11-10,2025-12-08,,,127091.61,3073599
L900013,C700006,2,FAST Channel Video,Oddbods,FAST,CPM,2025-11-10,2025-12-08,4262713,20.08,85595.28,
L900014,C700006,3,YouTube Contextual Pre-roll,Gecko's Garage,YouTube,CPM,2025-11-10,2025-12-08,1760541,12.39,21813.11,
L900015,C700007,1,FAST Channel Video,Arpo,FAST,CPM,2026-10-09,2026-11-20,6818361,25.27,172300.0,
L900016,C700008,1,YouTube Contextual Pre-roll,Gecko's Garage,YouTube,CPM,2025-05-19,2025-06-30,11846275,12.62,149500.0,
L900017,C700009,1,Branded Content Integration,Blippi,YouTube,Flat Fee,2025-07-25,2025-08-24,,,85647.38,2004637
L900018,C700009,2,YouTube Contextual Pre-roll,Blippi,YouTube,CPM,2025-07-25,2025-08-24,9286004,9.03,83852.62,
L900019,C700010,1,YouTube Contextual Pre-roll,CoComelon,YouTube,CPM,2026-04-06,2026-05-06,5772972,9.25,53400.0,
L900020,C700011,1,FAST Channel Video,CoComelon,FAST,CPM,2026-07-29,2026-10-27,782020,22.72,17767.51,
L900021,C700011,2,YouTube Shorts Sponsorship,CoComelon,YouTube,CPM,2026-07-29,2026-10-27,124811,6.67,832.49,
L900022,C700012,1,YouTube Shorts Sponsorship,CoComelon,YouTube,CPM,2026-06-29,2026-09-27,1701419,7.13,12131.12,
L900023,C700012,2,FAST Channel Video,CoComelon,FAST,CPM,2026-06-29,2026-09-27,803778,22.71,18253.8,
L900024,C700012,3,YouTube Contextual Pre-roll,CoComelon,YouTube,CPM,2026-06-29,2026-09-27,9908500,12.95,128315.08,
L900025,C700013,1,YouTube Contextual Pre-roll,Little Baby Bum,YouTube,CPM,2026-07-04,2026-08-18,5129221,12.16,62371.33,
L900026,C700013,2,Branded Content Integration,Little Baby Bum,YouTube,Flat Fee,2026-07-04,2026-08-18,,,8545.06,202097
L900027,C700013,3,FAST Channel Video,Little Baby Bum,FAST,CPM,2026-07-04,2026-08-18,5792445,22.82,132183.61,
L900028,C700014,1,YouTube Shorts Sponsorship,Blippi,YouTube,CPM,2026-02-22,2026-03-22,2256100,9.99,22538.44,
L900029,C700014,2,YouTube Contextual Pre-roll,Blippi,YouTube,CPM,2026-02-22,2026-03-22,66673,13.9,926.76,
L900030,C700014,3,Branded Content Integration,CoComelon,YouTube,Flat Fee,2026-02-22,2026-03-22,,,49934.81,1132750
L900031,C700015,1,YouTube Shorts Sponsorship,Blippi,YouTube,CPM,2025-08-05,2025-09-04,26929133,6.35,171000.0,
L900032,C700016,1,YouTube Contextual Pre-roll,Blippi,YouTube,CPM,2026-03-08,2026-05-07,4779763,9.98,47702.04,
L900033,C700016,2,Branded Content Integration,CoComelon,YouTube,Flat Fee,2026-03-08,2026-05-07,,,1174.41,23319
L900034,C700016,3,FAST Channel Video,Blippi,FAST,CPM,2026-03-08,2026-05-07,2042321,25.13,51323.55,
L900035,C700017,1,YouTube Shorts Sponsorship,Little Baby Bum,YouTube,CPM,2026-04-25,2026-06-09,9297682,9.45,87863.1,
L900036,C700017,2,FAST Channel Video,Little Baby Bum,FAST,CPM,2026-04-25,2026-06-09,506698,27.9,14136.9,
L900037,C700018,1,CTV App Video,CoComelon,CTV,CPM,2025-06-27,2025-08-26,636383,23.9,15209.57,
L900038,C700018,2,Branded Content Integration,CoComelon,YouTube,Flat Fee,2025-06-27,2025-08-26,,,164090.43,3515943
L900039,C700019,1,YouTube Contextual Pre-roll,Go Buster,YouTube,CPM,2025-03-23,2025-05-07,18725940,9.23,172840.43,
L900040,C700019,2,YouTube Shorts Sponsorship,Go Buster,YouTube,CPM,2025-03-23,2025-05-07,7279947,8.25,60059.57,
L900041,C700020,1,Branded Content Integration,Blippi,YouTube,Flat Fee,2025-07-17,2025-09-15,,,30164.99,538035
L900042,C700020,2,YouTube Contextual Pre-roll,Blippi,YouTube,CPM,2025-07-17,2025-09-15,1268198,11.54,14635.01,
L900043,C700021,1,YouTube Contextual Pre-roll,CoComelon,YouTube,CPM,2025-09-29,2025-11-13,9555029,11.04,105487.53,
L900044,C700021,2,Branded Content Integration,Gecko's Garage,YouTube,Flat Fee,2025-09-29,2025-11-13,,,10012.47,168394
L900045,C700022,1,YouTube Contextual Pre-roll,Blippi,YouTube,CPM,2026-05-20,2026-07-19,8977183,12.71,114100.0,
L900046,C700023,1,YouTube Contextual Pre-roll,CoComelon,YouTube,CPM,2025-08-03,2025-08-31,7320192,13.8,101018.65,
L900047,C700023,2,YouTube Shorts Sponsorship,CoComelon,YouTube,CPM,2025-08-03,2025-08-31,1797781,6.97,12530.54,
L900048,C700023,3,CTV App Video,CoComelon,CTV,CPM,2025-08-03,2025-08-31,1570032,25.0,39250.82,
L900049,C700024,1,YouTube Shorts Sponsorship,CoComelon,YouTube,CPM,2026-04-04,2026-05-16,6595030,8.24,54343.05,
L900050,C700024,2,CTV App Video,CoComelon,CTV,CPM,2026-04-04,2026-05-16,7396433,27.21,201256.95,
L900051,C700025,1,Branded Content Integration,Blippi,YouTube,Flat Fee,2025-07-12,2025-08-23,,,41995.57,951732
L900052,C700025,2,CTV App Video,CoComelon,CTV,CPM,2025-07-12,2025-08-23,1432040,31.97,45782.33,
L900053,C700025,3,YouTube Contextual Pre-roll,Blippi,YouTube,CPM,2025-07-12,2025-08-23,1481472,12.84,19022.11,
L900054,C700026,1,YouTube Contextual Pre-roll,CoComelon,YouTube,CPM,2026-02-24,2026-04-10,7079181,11.03,78083.37,
L900055,C700026,2,FAST Channel Video,CoComelon,FAST,CPM,2026-02-24,2026-04-10,964037,25.12,24216.63,
L900056,C700027,1,YouTube Shorts Sponsorship,CoComelon,YouTube,CPM,2025-11-13,2026-02-11,1067307,6.3,6724.04,
L900057,C700027,2,YouTube Contextual Pre-roll,CoComelon,YouTube,CPM,2025-11-13,2026-02-11,2532625,12.84,32518.91,
L900058,C700027,3,FAST Channel Video,CoComelon,FAST,CPM,2025-11-13,2026-02-11,2963732,26.0,77057.05,
L900059,C700028,1,YouTube Contextual Pre-roll,Gecko's Garage,YouTube,CPM,2026-05-28,2026-07-09,1919575,13.18,25300.0,
L900060,C700029,1,FAST Channel Video,CoComelon,FAST,CPM,2026-06-17,2026-07-15,2351019,22.75,53485.69,
L900061,C700029,2,YouTube Shorts Sponsorship,CoComelon,YouTube,CPM,2026-06-17,2026-07-15,10340498,9.44,97614.31,
L900062,C700030,1,FAST Channel Video,Oddbods,FAST,CPM,2025-05-14,2025-06-28,4213975,21.21,89378.41,
L900063,C700030,2,YouTube Shorts Sponsorship,Oddbods,YouTube,CPM,2025-05-14,2025-06-28,5725675,8.75,50099.66,
L900064,C700030,3,CTV App Video,CoComelon,CTV,CPM,2025-05-14,2025-06-28,79214,23.0,1821.93,
L900065,C700031,1,YouTube Contextual Pre-roll,Oddbods,YouTube,CPM,2026-06-13,2026-07-28,400329,12.66,5068.17,
L900066,C700031,2,YouTube Shorts Sponsorship,CoComelon,YouTube,CPM,2026-06-13,2026-07-28,8063520,9.18,74023.12,
L900067,C700031,3,Branded Content Integration,CoComelon,YouTube,Flat Fee,2026-06-13,2026-07-28,,,6808.71,191267
L900068,C700032,1,Branded Content Integration,Blippi,YouTube,Flat Fee,2026-02-07,2026-05-08,,,21900.0,494219
L900069,C700033,1,Branded Content Integration,Little Baby Bum,YouTube,Flat Fee,2025-09-05,2025-10-20,,,68270.66,1377588
L900070,C700033,2,YouTube Shorts Sponsorship,Little Baby Bum,YouTube,CPM,2025-09-05,2025-10-20,673442,9.25,6229.34,
L900071,C700034,1,YouTube Contextual Pre-roll,Gecko's Garage,YouTube,CPM,2025-09-26,2025-10-26,19254843,13.42,258400.0,
L900072,C700035,1,CTV App Video,Little Baby Bum,CTV,CPM,2025-05-08,2025-08-06,1134078,27.63,31334.59,
L900073,C700035,2,Branded Content Integration,Blippi,YouTube,Flat Fee,2025-05-08,2025-08-06,,,16044.5,281281
L900074,C700035,3,YouTube Contextual Pre-roll,Blippi,YouTube,CPM,2025-05-08,2025-08-06,1414304,10.55,14920.91,
L900075,C700036,1,YouTube Contextual Pre-roll,CoComelon,YouTube,CPM,2025-05-02,2025-07-31,263251,13.43,3535.47,
L900076,C700036,2,CTV App Video,Blippi,CTV,CPM,2025-05-02,2025-07-31,3082314,29.09,89664.53,
L900077,C700037,1,YouTube Contextual Pre-roll,CoComelon,YouTube,CPM,2026-05-21,2026-07-02,7245639,13.76,99700.0,
L900078,C700038,1,FAST Channel Video,Little Baby Bum,FAST,CPM,2026-03-05,2026-06-03,1795056,24.4,43799.38,
L900079,C700038,2,YouTube Contextual Pre-roll,Little Baby Bum,YouTube,CPM,2026-03-05,2026-06-03,10431566,9.27,96700.62,
L900080,C700039,1,FAST Channel Video,CoComelon,FAST,CPM,2026-01-10,2026-02-09,1089418,26.02,28346.67,
L900081,C700039,2,YouTube Contextual Pre-roll,CoComelon,YouTube,CPM,2026-01-10,2026-02-09,17428773,9.43,164353.33,
L900082,C700040,1,YouTube Contextual Pre-roll,Little Angel,YouTube,CPM,2026-04-01,2026-05-16,6160765,13.86,85388.21,
L900083,C700040,2,Branded Content Integration,Blippi,YouTube,Flat Fee,2026-04-01,2026-05-16,,,14411.79,268911
L900084,C700041,1,YouTube Contextual Pre-roll,Go Buster,YouTube,CPM,2025-08-31,2025-10-30,2636483,12.41,32718.76,
L900085,C700041,2,FAST Channel Video,Blippi,FAST,CPM,2025-08-31,2025-10-30,2672423,21.06,56281.24,
L900086,C700042,1,CTV App Video,Little Baby Bum,CTV,CPM,2025-12-21,2026-03-21,4543865,28.61,130000.0,
L900087,C700043,1,YouTube Contextual Pre-roll,CoComelon,YouTube,CPM,2026-09-27,2026-11-11,8907882,10.53,93800.0,
L900088,C700044,1,Branded Content Integration,Blippi,YouTube,Flat Fee,2025-12-29,2026-02-12,,,163755.67,2988068
L900089,C700044,2,YouTube Contextual Pre-roll,Blippi,YouTube,CPM,2025-12-29,2026-02-12,1966443,12.2,23990.61,
L900090,C700044,3,FAST Channel Video,Blippi,FAST,CPM,2025-12-29,2026-02-12,3019356,24.99,75453.72,
L900091,C700045,1,FAST Channel Video,Blippi,FAST,CPM,2025-06-08,2025-07-06,873874,24.94,21794.43,
L900092,C700045,2,CTV App Video,CoComelon,CTV,CPM,2025-06-08,2025-07-06,1270281,29.85,37917.9,
L900093,C700045,3,YouTube Shorts Sponsorship,CoComelon,YouTube,CPM,2025-06-08,2025-07-06,1076738,8.44,9087.67,
L900094,C700046,1,YouTube Contextual Pre-roll,Go Buster,YouTube,CPM,2026-08-17,2026-11-15,3863829,11.75,45400.0,
L900095,C700047,1,FAST Channel Video,CoComelon,FAST,CPM,2026-08-02,2026-09-16,2470155,26.63,65780.24,
L900096,C700047,2,YouTube Contextual Pre-roll,Oddbods,YouTube,CPM,2026-08-02,2026-09-16,2917974,11.18,32622.95,
L900097,C700047,3,CTV App Video,CoComelon,CTV,CPM,2026-08-02,2026-09-16,2642103,28.86,76251.12,
L900098,C700047,4,Branded Content Integration,CoComelon,YouTube,Flat Fee,2026-08-02,2026-09-16,,,67245.69,1870681
L900099,C700048,1,YouTube Contextual Pre-roll,Oddbods,YouTube,CPM,2026-09-25,2026-11-24,5412087,10.92,59100.0,
L900100,C700049,1,Branded Content Integration,Little Angel,YouTube,Flat Fee,2025-09-01,2025-10-13,,,15128.53,255759
L900101,C700049,2,CTV App Video,Little Angel,CTV,CPM,2025-09-01,2025-10-13,1005773,29.7,29871.47,
L900102,C700050,1,YouTube Contextual Pre-roll,CoComelon,YouTube,CPM,2025-09-11,2025-10-23,22203,9.05,200.94,
L900103,C700050,2,CTV App Video,CoComelon,CTV,CPM,2025-09-11,2025-10-23,3041947,23.34,70999.06,
L900104,C700051,1,CTV App Video,Go Buster,CTV,CPM,2025-11-12,2025-12-27,2823464,23.89,67452.56,
L900105,C700051,2,FAST Channel Video,Blippi,FAST,CPM,2025-11-12,2025-12-27,6961247,22.0,153147.44,
L900106,C700052,1,CTV App Video,CoComelon,CTV,CPM,2025-11-21,2025-12-21,1558205,24.51,38191.62,
L900107,C700052,2,YouTube Contextual Pre-roll,CoComelon,YouTube,CPM,2025-11-21,2025-12-21,4673849,12.53,58563.34,
L900108,C700052,3,YouTube Shorts Sponsorship,CoComelon,YouTube,CPM,2025-11-21,2025-12-21,10911266,8.17,89145.05,
L900109,C700053,1,Branded Content Integration,CoComelon,YouTube,Flat Fee,2025-08-13,2025-09-24,,,52687.95,1086934
L900110,C700053,2,CTV App Video,CoComelon,CTV,CPM,2025-08-13,2025-09-24,2552994,27.24,69543.57,
L900111,C700053,3,YouTube Contextual Pre-roll,CoComelon,YouTube,CPM,2025-08-13,2025-09-24,11732013,11.76,137968.48,
L900112,C700054,1,YouTube Contextual Pre-roll,CoComelon,YouTube,CPM,2025-10-18,2025-12-02,4734915,12.72,60228.12,
L900113,C700054,2,FAST Channel Video,CoComelon,FAST,CPM,2025-10-18,2025-12-02,760455,23.62,17961.97,
L900114,C700054,3,YouTube Shorts Sponsorship,CoComelon,YouTube,CPM,2025-10-18,2025-12-02,12135164,6.14,74509.91,
L900115,C700055,1,FAST Channel Video,Oddbods,FAST,CPM,2025-05-09,2025-06-23,3024087,22.61,68374.61,
L900116,C700055,2,YouTube Contextual Pre-roll,Oddbods,YouTube,CPM,2025-05-09,2025-06-23,412015,9.77,4025.39,
L900117,C700056,1,FAST Channel Video,CoComelon,FAST,CPM,2026-06-03,2026-08-02,149958,26.21,3930.4,
L900118,C700056,2,CTV App Video,CoComelon,CTV,CPM,2026-06-03,2026-08-02,937514,31.24,29287.95,
L900119,C700056,3,YouTube Contextual Pre-roll,CoComelon,YouTube,CPM,2026-06-03,2026-08-02,912754,12.36,11281.65,
L900120,C700057,1,YouTube Contextual Pre-roll,Supa Strikas,YouTube,CPM,2025-04-13,2025-06-12,6646885,10.13,67332.95,
L900121,C700057,2,YouTube Shorts Sponsorship,CoComelon,YouTube,CPM,2025-04-13,2025-06-12,3311919,7.57,25071.23,
L900122,C700057,3,Branded Content Integration,CoComelon,YouTube,Flat Fee,2025-04-13,2025-06-12,,,10095.82,210250
L900123,C700058,1,YouTube Contextual Pre-roll,Blippi,YouTube,CPM,2026-07-24,2026-08-23,5070306,12.09,61300.0,
L900124,C700059,1,YouTube Contextual Pre-roll,Blippi,YouTube,CPM,2025-11-21,2026-01-20,6011477,12.23,73520.37,
L900125,C700059,2,Branded Content Integration,Arpo,YouTube,Flat Fee,2025-11-21,2026-01-20,,,77010.99,1949927
L900126,C700059,3,CTV App Video,Arpo,CTV,CPM,2025-11-21,2026-01-20,3008035,30.94,93068.63,
L900127,C700060,1,Branded Content Integration,CoComelon,YouTube,Flat Fee,2025-09-27,2025-10-27,,,57769.54,1171628
L900128,C700060,2,YouTube Contextual Pre-roll,CoComelon,YouTube,CPM,2025-09-27,2025-10-27,1036186,13.83,14330.46,
L900129,C700061,1,CTV App Video,Little Angel,CTV,CPM,2026-06-20,2026-08-19,779949,25.31,19740.53,
L900130,C700061,2,FAST Channel Video,Little Angel,FAST,CPM,2026-06-20,2026-08-19,1654842,25.38,41999.89,
L900131,C700061,3,YouTube Contextual Pre-roll,Oddbods,YouTube,CPM,2026-06-20,2026-08-19,765296,12.23,9359.58,
L900132,C700062,1,Branded Content Integration,Blippi,YouTube,Flat Fee,2026-09-04,2026-12-03,,,193500.0,3984497
L900133,C700063,1,CTV App Video,Little Angel,CTV,CPM,2026-01-24,2026-02-21,1166139,22.0,25655.07,
L900134,C700063,2,Branded Content Integration,Blippi,YouTube,Flat Fee,2026-01-24,2026-02-21,,,32444.93,671996
L900135,C700064,1,YouTube Contextual Pre-roll,CoComelon,YouTube,CPM,2026-04-26,2026-06-07,13904096,10.4,144602.6,
L900136,C700064,2,CTV App Video,CoComelon,CTV,CPM,2026-04-26,2026-06-07,505614,27.23,13767.87,
L900137,C700064,3,FAST Channel Video,CoComelon,FAST,CPM,2026-04-26,2026-06-07,2357349,21.96,51767.39,
L900138,C700064,4,Branded Content Integration,CoComelon,YouTube,Flat Fee,2026-04-26,2026-06-07,,,7262.14,140418
L900139,C700065,1,YouTube Contextual Pre-roll,CoComelon,YouTube,CPM,2025-05-13,2025-07-12,9098939,11.32,103000.0,
L900140,C700066,1,Branded Content Integration,Blippi,YouTube,Flat Fee,2026-08-11,2026-11-09,,,288853.32,5244250
L900141,C700066,2,YouTube Contextual Pre-roll,Blippi,YouTube,CPM,2026-08-11,2026-11-09,2187525,9.55,20890.87,
L900142,C700066,3,FAST Channel Video,Blippi,FAST,CPM,2026-08-11,2026-11-09,908646,22.36,20317.34,
L900143,C700066,4,YouTube Shorts Sponsorship,Blippi,YouTube,CPM,2026-08-11,2026-11-09,16625155,6.3,104738.48,
L900144,C700067,1,YouTube Contextual Pre-roll,Go Buster,YouTube,CPM,2026-06-06,2026-09-04,8542791,12.97,110800.0,
L900145,C700068,1,YouTube Shorts Sponsorship,CoComelon,YouTube,CPM,2026-04-13,2026-05-13,6958128,8.12,56500.0,
L900146,C700069,1,YouTube Shorts Sponsorship,Gecko's Garage,YouTube,CPM,2026-09-12,2026-10-10,6488706,8.24,53466.94,
L900147,C700069,2,FAST Channel Video,Gecko's Garage,FAST,CPM,2026-09-12,2026-10-10,6159784,21.11,130033.06,
L900148,C700070,1,YouTube Contextual Pre-roll,CoComelon,YouTube,CPM,2026-07-06,2026-10-04,26922374,10.95,294800.0,
L900149,C700071,1,FAST Channel Video,Go Buster,FAST,CPM,2025-10-17,2025-11-28,7638020,22.61,172695.64,
L900150,C700071,2,YouTube Shorts Sponsorship,Go Buster,YouTube,CPM,2025-10-17,2025-11-28,6496514,8.79,57104.36,
L900151,C700072,1,FAST Channel Video,Blippi,FAST,CPM,2025-07-29,2025-09-12,1135186,23.92,27153.66,
L900152,C700072,2,Branded Content Integration,Blippi,YouTube,Flat Fee,2025-07-29,2025-09-12,,,41846.34,1149587
L900153,C700073,1,YouTube Contextual Pre-roll,Blippi,YouTube,CPM,2025-08-16,2025-09-27,3006646,11.78,35418.3,
L900154,C700073,2,YouTube Shorts Sponsorship,Blippi,YouTube,CPM,2025-08-16,2025-09-27,2862844,9.02,25822.86,
L900155,C700073,3,Branded Content Integration,Blippi,YouTube,Flat Fee,2025-08-16,2025-09-27,,,25858.85,580520
L900156,C700074,1,Branded Content Integration,Little Baby Bum,YouTube,Flat Fee,2026-01-18,2026-03-01,,,7524.81,126967
L900157,C700074,2,FAST Channel Video,Little Baby Bum,FAST,CPM,2026-01-18,2026-03-01,2451308,22.89,56110.46,
L900158,C700074,3,YouTube Contextual Pre-roll,Little Baby Bum,YouTube,CPM,2026-01-18,2026-03-01,2438706,11.18,27264.74,
L900159,C700075,1,FAST Channel Video,Blippi,FAST,CPM,2025-10-11,2026-01-09,3206377,22.58,72400.0,
L900160,C700076,1,FAST Channel Video,Little Baby Bum,FAST,CPM,2025-11-16,2025-12-14,5579463,24.47,136529.46,
L900161,C700076,2,Branded Content Integration,Little Baby Bum,YouTube,Flat Fee,2025-11-16,2025-12-14,,,79570.54,1417062
L900162,C700077,1,YouTube Contextual Pre-roll,Morphle,YouTube,CPM,2026-05-17,2026-06-14,3060638,12.82,39237.38,
L900163,C700077,2,Branded Content Integration,Blippi,YouTube,Flat Fee,2026-05-17,2026-06-14,,,45162.62,958736
L900164,C700078,1,YouTube Contextual Pre-roll,CoComelon,YouTube,CPM,2025-09-27,2025-10-25,11819056,10.39,122800.0,
L900165,C700079,1,CTV App Video,CoComelon,CTV,CPM,2025-08-31,2025-11-29,352727,25.28,8916.96,
L900166,C700079,2,FAST Channel Video,CoComelon,FAST,CPM,2025-08-31,2025-11-29,2284824,22.27,50883.04,
L900167,C700080,1,YouTube Shorts Sponsorship,CoComelon,YouTube,CPM,2026-06-11,2026-08-10,5617053,7.6,42689.61,
L900168,C700080,2,FAST Channel Video,CoComelon,FAST,CPM,2026-06-11,2026-08-10,586301,20.81,12200.93,
L900169,C700080,3,YouTube Contextual Pre-roll,Go Buster,YouTube,CPM,2026-06-11,2026-08-10,1213460,9.32,11309.45,
L900170,C700081,1,CTV App Video,Blippi,CTV,CPM,2025-10-10,2025-11-07,6591827,22.27,146800.0,
L900171,C700082,1,FAST Channel Video,Blippi,FAST,CPM,2026-03-22,2026-05-03,2917080,23.13,67472.08,
L900172,C700082,2,Branded Content Integration,Blippi,YouTube,Flat Fee,2026-03-22,2026-05-03,,,85127.92,1688259
L900173,C700083,1,YouTube Contextual Pre-roll,CoComelon,YouTube,CPM,2026-02-01,2026-03-01,5163483,9.85,50860.31,
L900174,C700083,2,CTV App Video,CoComelon,CTV,CPM,2026-02-01,2026-03-01,1073043,22.37,24003.99,
L900175,C700083,3,Branded Content Integration,CoComelon,YouTube,Flat Fee,2026-02-01,2026-03-01,,,23635.7,493758
L900176,C700084,1,YouTube Contextual Pre-roll,Blippi,YouTube,CPM,2026-10-11,2026-11-08,13711442,10.05,137800.0,
L900177,C700085,1,FAST Channel Video,CoComelon,FAST,CPM,2026-01-12,2026-02-23,1536785,25.1,38573.32,
L900178,C700085,2,Branded Content Integration,Morphle,YouTube,Flat Fee,2026-01-12,2026-02-23,,,27926.68,478475
L900179,C700086,1,CTV App Video,Supa Strikas,CTV,CPM,2026-08-14,2026-09-25,1164110,23.5,27356.6,
L900180,C700086,2,YouTube Contextual Pre-roll,Supa Strikas,YouTube,CPM,2026-08-14,2026-09-25,2728514,12.99,35443.4,
L900181,C700087,1,FAST Channel Video,Blippi,FAST,CPM,2026-09-04,2026-10-19,3539731,22.91,81095.24,
L900182,C700087,2,Branded Content Integration,Blippi,YouTube,Flat Fee,2026-09-04,2026-10-19,,,46004.76,785344
L900183,C700088,1,CTV App Video,CoComelon,CTV,CPM,2025-03-22,2025-05-03,903700,28.42,25683.17,
L900184,C700088,2,YouTube Shorts Sponsorship,CoComelon,YouTube,CPM,2025-03-22,2025-05-03,8244887,9.16,75523.17,
L900185,C700088,3,YouTube Contextual Pre-roll,CoComelon,YouTube,CPM,2025-03-22,2025-05-03,172150,11.0,1893.66,
L900186,C700089,1,YouTube Contextual Pre-roll,CoComelon,YouTube,CPM,2025-11-26,2025-12-24,901734,13.28,11975.04,
L900187,C700089,2,FAST Channel Video,CoComelon,FAST,CPM,2025-11-26,2025-12-24,1331364,27.96,37224.96,
L900188,C700090,1,Branded Content Integration,Blippi,YouTube,Flat Fee,2026-09-10,2026-10-22,,,9097.53,165549
L900189,C700090,2,CTV App Video,CoComelon,CTV,CPM,2026-09-10,2026-10-22,519267,27.47,14264.28,
L900190,C700090,3,YouTube Contextual Pre-roll,CoComelon,YouTube,CPM,2026-09-10,2026-10-22,22371901,9.46,211638.19,
L900191,C700091,1,YouTube Shorts Sponsorship,Oddbods,YouTube,CPM,2025-09-07,2025-10-19,21139755,7.37,155800.0,
L900192,C700092,1,Branded Content Integration,CoComelon,YouTube,Flat Fee,2025-11-03,2025-12-18,,,64466.93,1504526
L900193,C700092,2,YouTube Contextual Pre-roll,CoComelon,YouTube,CPM,2025-11-03,2025-12-18,7094063,12.79,90733.07,
L900194,C700093,1,YouTube Shorts Sponsorship,CoComelon,YouTube,CPM,2025-11-09,2025-12-24,6382621,7.18,45827.22,
L900195,C700093,2,FAST Channel Video,Blippi,FAST,CPM,2025-11-09,2025-12-24,1823102,22.67,41329.74,
L900196,C700093,3,YouTube Contextual Pre-roll,CoComelon,YouTube,CPM,2025-11-09,2025-12-24,1823491,13.24,24143.03,
L900197,C700094,1,YouTube Contextual Pre-roll,Blippi,YouTube,CPM,2025-11-26,2026-01-10,29245944,13.21,386338.93,
L900198,C700094,2,Branded Content Integration,Blippi,YouTube,Flat Fee,2025-11-26,2026-01-10,,,85761.07,2025779
L900199,C700095,1,FAST Channel Video,Gecko's Garage,FAST,CPM,2026-09-03,2026-10-01,3280858,27.95,91700.0,
L900200,C700096,1,YouTube Shorts Sponsorship,Little Angel,YouTube,CPM,2026-09-11,2026-10-11,5429292,9.02,48972.22,
L900201,C700096,2,FAST Channel Video,Little Angel,FAST,CPM,2026-09-11,2026-10-11,10906899,25.32,276162.69,
L900202,C700096,3,YouTube Contextual Pre-roll,Little Angel,YouTube,CPM,2026-09-11,2026-10-11,10842998,12.77,138465.09,
L900203,C700097,1,CTV App Video,Little Angel,CTV,CPM,2026-03-08,2026-04-05,6860709,26.85,184210.06,
L900204,C700097,2,YouTube Shorts Sponsorship,Little Angel,YouTube,CPM,2026-03-08,2026-04-05,364588,9.87,3598.49,
L900205,C700097,3,YouTube Contextual Pre-roll,Little Angel,YouTube,CPM,2026-03-08,2026-04-05,557205,11.65,6491.44,
L900206,C700098,1,CTV App Video,CoComelon,CTV,CPM,2025-05-28,2025-06-25,6981296,22.99,160500.0,
L900207,C700099,1,FAST Channel Video,Supa Strikas,FAST,CPM,2025-11-19,2026-01-03,925353,21.96,20320.77,
L900208,C700099,2,CTV App Video,Go Buster,CTV,CPM,2025-11-19,2026-01-03,39919,27.55,1099.79,
L900209,C700099,3,YouTube Contextual Pre-roll,Supa Strikas,YouTube,CPM,2025-11-19,2026-01-03,1568104,13.06,20479.44,
L900210,C700100,1,Branded Content Integration,Arpo,YouTube,Flat Fee,2025-10-13,2026-01-11,,,30244.68,591165
L900211,C700100,2,YouTube Shorts Sponsorship,Arpo,YouTube,CPM,2025-10-13,2026-01-11,18529998,7.91,146572.29,
L900212,C700100,3,FAST Channel Video,Little Angel,FAST,CPM,2025-10-13,2026-01-11,4289276,23.31,99983.03,
L900213,C700101,1,YouTube Contextual Pre-roll,Oddbods,YouTube,CPM,2026-07-11,2026-09-09,875321,10.4,9103.34,
L900214,C700101,2,CTV App Video,Little Angel,CTV,CPM,2026-07-11,2026-09-09,4652526,24.09,112079.37,
L900215,C700101,3,FAST Channel Video,Oddbods,FAST,CPM,2026-07-11,2026-09-09,1581380,26.57,42017.29,
L900216,C700102,1,FAST Channel Video,Little Angel,FAST,CPM,2025-11-01,2025-12-31,5565741,20.38,113429.82,
L900217,C700102,2,YouTube Contextual Pre-roll,Blippi,YouTube,CPM,2025-11-01,2025-12-31,6547275,10.58,69270.18,
L900218,C700103,1,YouTube Contextual Pre-roll,Morphle,YouTube,CPM,2025-06-09,2025-07-07,21626238,13.11,283519.99,
L900219,C700103,2,FAST Channel Video,Go Buster,FAST,CPM,2025-06-09,2025-07-07,6412974,21.89,140380.01,
L900220,C700104,1,Branded Content Integration,Little Baby Bum,YouTube,Flat Fee,2026-06-09,2026-09-07,,,94506.3,2027804
L900221,C700104,2,CTV App Video,Little Baby Bum,CTV,CPM,2026-06-09,2026-09-07,1801195,28.2,50793.7,
L900222,C700105,1,FAST Channel Video,Blippi,FAST,CPM,2025-11-18,2026-01-17,1697559,26.15,44391.18,
L900223,C700105,2,YouTube Contextual Pre-roll,Morphle,YouTube,CPM,2025-11-18,2026-01-17,4017354,10.88,43708.82,
L900224,C700106,1,YouTube Contextual Pre-roll,CoComelon,YouTube,CPM,2025-10-10,2025-11-09,4674854,12.39,57921.45,
L900225,C700106,2,Branded Content Integration,CoComelon,YouTube,Flat Fee,2025-10-10,2025-11-09,,,88078.55,2331710
L900226,C700107,1,YouTube Contextual Pre-roll,Morphle,YouTube,CPM,2026-09-25,2026-11-24,24736829,12.76,315641.94,
L900227,C700107,2,FAST Channel Video,Morphle,FAST,CPM,2026-09-25,2026-11-24,4302370,24.07,103558.06,
L900228,C700108,1,CTV App Video,Oddbods,CTV,CPM,2026-01-07,2026-02-04,168174,26.04,4379.27,
L900229,C700108,2,Branded Content Integration,CoComelon,YouTube,Flat Fee,2026-01-07,2026-02-04,,,13653.25,265716
L900230,C700108,3,YouTube Contextual Pre-roll,CoComelon,YouTube,CPM,2026-01-07,2026-02-04,14487,11.56,167.48,
L900231,C700109,1,FAST Channel Video,Supa Strikas,FAST,CPM,2026-10-03,2026-11-17,1832203,20.56,37670.1,
L900232,C700109,2,YouTube Contextual Pre-roll,CoComelon,YouTube,CPM,2026-10-03,2026-11-17,2488342,10.17,25306.44,
L900233,C700109,3,CTV App Video,Supa Strikas,CTV,CPM,2026-10-03,2026-11-17,3608962,22.7,81923.46,
L900234,C700110,1,YouTube Shorts Sponsorship,Blippi,YouTube,CPM,2025-02-19,2025-04-02,6008969,6.99,42002.7,
L900235,C700110,2,Branded Content Integration,Blippi,YouTube,Flat Fee,2025-02-19,2025-04-02,,,55297.3,1169719
L900236,C700111,1,YouTube Shorts Sponsorship,Supa Strikas,YouTube,CPM,2025-05-18,2025-06-15,17533498,8.02,140618.66,
L900237,C700111,2,YouTube Contextual Pre-roll,Supa Strikas,YouTube,CPM,2025-05-18,2025-06-15,7209479,12.8,92281.34,
L900238,C700112,1,CTV App Video,CoComelon,CTV,CPM,2026-08-07,2026-11-05,1882211,25.23,47488.2,
L900239,C700112,2,FAST Channel Video,CoComelon,FAST,CPM,2026-08-07,2026-11-05,74704,26.93,2011.8,
L900240,C700113,1,YouTube Contextual Pre-roll,CoComelon,YouTube,CPM,2026-01-29,2026-04-29,672043,12.3,8266.13,
L900241,C700113,2,Branded Content Integration,CoComelon,YouTube,Flat Fee,2026-01-29,2026-04-29,,,26235.94,500900
L900242,C700113,3,FAST Channel Video,CoComelon,FAST,CPM,2026-01-29,2026-04-29,405089,27.89,11297.94,
L900243,C700114,1,YouTube Contextual Pre-roll,Little Baby Bum,YouTube,CPM,2025-09-02,2025-12-01,2148122,13.03,27990.03,
L900244,C700114,2,CTV App Video,Little Baby Bum,CTV,CPM,2025-09-02,2025-12-01,2044495,29.89,61109.97,
L900245,C700115,1,Branded Content Integration,CoComelon,YouTube,Flat Fee,2026-07-25,2026-08-24,,,36300.0,681435
L900246,C700116,1,Branded Content Integration,CoComelon,YouTube,Flat Fee,2025-10-24,2025-12-08,,,99873.33,1919038
L900247,C700116,2,YouTube Contextual Pre-roll,CoComelon,YouTube,CPM,2025-10-24,2025-12-08,3207419,12.76,40926.67,
L900248,C700117,1,FAST Channel Video,Supa Strikas,FAST,CPM,2026-07-27,2026-08-26,643184,24.94,16041.01,
L900249,C700117,2,YouTube Contextual Pre-roll,Supa Strikas,YouTube,CPM,2026-07-27,2026-08-26,14376534,9.93,142758.99,
L900250,C700118,1,YouTube Contextual Pre-roll,Blippi,YouTube,CPM,2025-12-07,2026-01-21,8276514,12.08,99980.3,
L900251,C700118,2,Branded Content Integration,Blippi,YouTube,Flat Fee,2025-12-07,2026-01-21,,,69019.7,1527578
L900252,C700119,1,YouTube Contextual Pre-roll,CoComelon,YouTube,CPM,2025-10-25,2025-12-09,25407554,10.06,255600.0,
L900253,C700120,1,FAST Channel Video,Gecko's Garage,FAST,CPM,2025-09-21,2025-10-19,1149579,27.8,31958.31,
L900254,C700120,2,YouTube Contextual Pre-roll,Blippi,YouTube,CPM,2025-09-21,2025-10-19,195960,12.59,2467.14,
L900255,C700120,3,Branded Content Integration,CoComelon,YouTube,Flat Fee,2025-09-21,2025-10-19,,,24674.55,423355
L900256,C700121,1,CTV App Video,CoComelon,CTV,CPM,2025-08-30,2025-11-28,1374390,24.71,33961.2,
L900257,C700121,2,YouTube Shorts Sponsorship,CoComelon,YouTube,CPM,2025-08-30,2025-11-28,11662469,6.64,77438.8,
L900258,C700122,1,FAST Channel Video,CoComelon,FAST,CPM,2026-06-23,2026-07-21,9897395,25.34,250800.0,
L900259,C700123,1,FAST Channel Video,Supa Strikas,FAST,CPM,2025-04-18,2025-06-17,1576228,23.37,36836.45,
L900260,C700123,2,Branded Content Integration,Supa Strikas,YouTube,Flat Fee,2025-04-18,2025-06-17,,,30272.49,563659
L900261,C700123,3,YouTube Shorts Sponsorship,Supa Strikas,YouTube,CPM,2025-04-18,2025-06-17,11785456,6.94,81791.07,
L900262,C700124,1,CTV App Video,Supa Strikas,CTV,CPM,2026-03-21,2026-05-05,14502762,28.96,420000.0,
L900263,C700125,1,CTV App Video,Little Angel,CTV,CPM,2025-11-06,2025-12-06,1108120,30.76,34085.79,
L900264,C700125,2,FAST Channel Video,CoComelon,FAST,CPM,2025-11-06,2025-12-06,5286466,26.64,140831.47,
L900265,C700125,3,YouTube Contextual Pre-roll,Blippi,YouTube,CPM,2025-11-06,2025-12-06,5448823,12.55,68382.74,
L900266,C700126,1,Branded Content Integration,Little Angel,YouTube,Flat Fee,2026-02-20,2026-03-20,,,80082.9,1824380
L900267,C700126,2,FAST Channel Video,Little Angel,FAST,CPM,2026-02-20,2026-03-20,965240,25.4,24517.1,
L900268,C700127,1,YouTube Contextual Pre-roll,Blippi,YouTube,CPM,2026-03-25,2026-04-22,753206,13.04,9821.81,
L900269,C700127,2,FAST Channel Video,Blippi,FAST,CPM,2026-03-25,2026-04-22,1562390,27.83,43481.33,
L900270,C700127,3,Branded Content Integration,Blippi,YouTube,Flat Fee,2026-03-25,2026-04-22,,,16162.82,454349
L900271,C700127,4,CTV App Video,Blippi,CTV,CPM,2026-03-25,2026-04-22,291042,26.23,7634.05,
L900272,C700128,1,YouTube Contextual Pre-roll,CoComelon,YouTube,CPM,2025-10-07,2025-11-21,581678,11.88,6910.34,
L900273,C700128,2,CTV App Video,CoComelon,CTV,CPM,2025-10-07,2025-11-21,1788982,29.62,52989.66,
L900274,C700129,1,YouTube Shorts Sponsorship,CoComelon,YouTube,CPM,2025-09-06,2025-12-05,4823529,8.5,41000.0,
L900275,C700130,1,YouTube Contextual Pre-roll,Supa Strikas,YouTube,CPM,2025-08-16,2025-11-14,6947040,9.63,66900.0,
L900276,C700131,1,FAST Channel Video,CoComelon,FAST,CPM,2025-12-31,2026-03-31,16075444,27.57,443200.0,
L900277,C700132,1,CTV App Video,Little Baby Bum,CTV,CPM,2025-06-21,2025-08-05,2662272,31.84,84766.75,
L900278,C700132,2,FAST Channel Video,Little Baby Bum,FAST,CPM,2025-06-21,2025-08-05,558040,25.13,14023.56,
L900279,C700132,3,YouTube Contextual Pre-roll,Morphle,YouTube,CPM,2025-06-21,2025-08-05,1344755,13.69,18409.7,
L900280,C700133,1,FAST Channel Video,CoComelon,FAST,CPM,2025-10-14,2025-11-13,693705,21.18,14692.69,
L900281,C700133,2,YouTube Contextual Pre-roll,CoComelon,YouTube,CPM,2025-10-14,2025-11-13,15125080,13.25,200407.31,
L900282,C700134,1,YouTube Contextual Pre-roll,Gecko's Garage,YouTube,CPM,2026-05-13,2026-07-12,4397544,11.54,50747.66,
L900283,C700134,2,YouTube Shorts Sponsorship,Gecko's Garage,YouTube,CPM,2026-05-13,2026-07-12,11601176,7.09,82252.34,
L900284,C700135,1,YouTube Contextual Pre-roll,CoComelon,YouTube,CPM,2025-11-20,2026-01-19,3936691,10.96,43146.14,
L900285,C700135,2,FAST Channel Video,CoComelon,FAST,CPM,2025-11-20,2026-01-19,5320984,25.87,137653.86,
L900286,C700136,1,FAST Channel Video,Little Baby Bum,FAST,CPM,2025-12-06,2026-01-17,986671,22.36,22061.97,
L900287,C700136,2,YouTube Contextual Pre-roll,Little Baby Bum,YouTube,CPM,2025-12-06,2026-01-17,1579586,10.09,15938.03,
L900288,C700137,1,Branded Content Integration,Blippi,YouTube,Flat Fee,2025-04-30,2025-06-11,,,322600.0,7029025
L900289,C700138,1,FAST Channel Video,Blippi,FAST,CPM,2025-07-20,2025-08-31,4607426,25.48,117397.22,
L900290,C700138,2,CTV App Video,Blippi,CTV,CPM,2025-07-20,2025-08-31,888910,25.54,22702.78,
L900291,C700139,1,Branded Content Integration,Oddbods,YouTube,Flat Fee,2025-09-27,2025-11-26,,,12585.09,237796
L900292,C700139,2,YouTube Contextual Pre-roll,Oddbods,YouTube,CPM,2025-09-27,2025-11-26,12868299,11.58,149014.91,
L900293,C700140,1,FAST Channel Video,CoComelon,FAST,CPM,2026-05-31,2026-07-12,513244,20.77,10660.08,
L900294,C700140,2,YouTube Shorts Sponsorship,Blippi,YouTube,CPM,2026-05-31,2026-07-12,444507,9.74,4329.5,
L900295,C700140,3,YouTube Contextual Pre-roll,Blippi,YouTube,CPM,2026-05-31,2026-07-12,6407064,12.8,82010.43,
L900296,C700141,1,YouTube Contextual Pre-roll,Oddbods,YouTube,CPM,2025-07-16,2025-10-14,3199,13.94,44.6,
L900297,C700141,2,CTV App Video,Oddbods,CTV,CPM,2025-07-16,2025-10-14,1602308,24.0,38455.4,
L900298,C700142,1,Branded Content Integration,Blippi,YouTube,Flat Fee,2025-03-21,2025-05-05,,,67300.0,1848070
L900299,C700143,1,CTV App Video,CoComelon,CTV,CPM,2025-09-01,2025-10-16,4368763,25.36,110791.84,
L900300,C700143,2,Branded Content Integration,CoComelon,YouTube,Flat Fee,2025-09-01,2025-10-16,,,60408.16,1494748
L900301,C700144,1,FAST Channel Video,CoComelon,FAST,CPM,2026-06-27,2026-08-08,281784,27.61,7780.06,
L900302,C700144,2,YouTube Shorts Sponsorship,Go Buster,YouTube,CPM,2026-06-27,2026-08-08,3361282,6.06,20369.37,
L900303,C700144,3,YouTube Contextual Pre-roll,Morphle,YouTube,CPM,2026-06-27,2026-08-08,4371844,11.7,51150.58,
L900304,C700145,1,FAST Channel Video,Gecko's Garage,FAST,CPM,2026-02-14,2026-03-14,6081387,23.0,139871.92,
L900305,C700145,2,YouTube Shorts Sponsorship,CoComelon,YouTube,CPM,2026-02-14,2026-03-14,4334653,6.12,26528.08,
L900306,C700146,1,Branded Content Integration,Gecko's Garage,YouTube,Flat Fee,2025-06-28,2025-07-26,,,50833.69,1110792
L900307,C700146,2,YouTube Contextual Pre-roll,Little Angel,YouTube,CPM,2025-06-28,2025-07-26,3191515,13.4,42766.31,
L900308,C700147,1,YouTube Contextual Pre-roll,Blippi,YouTube,CPM,2025-11-19,2025-12-17,14801016,11.81,174800.0,
L900309,C700148,1,Branded Content Integration,Blippi,YouTube,Flat Fee,2026-04-20,2026-06-04,,,188297.92,4823809
L900310,C700148,2,YouTube Shorts Sponsorship,Blippi,YouTube,CPM,2026-04-20,2026-06-04,7294389,7.65,55802.08,
L900311,C700149,1,Branded Content Integration,Blippi,YouTube,Flat Fee,2025-03-17,2025-04-14,,,46205.77,921493
L900312,C700149,2,FAST Channel Video,Blippi,FAST,CPM,2025-03-17,2025-04-14,342404,22.59,7734.92,
L900313,C700149,3,YouTube Contextual Pre-roll,Blippi,YouTube,CPM,2025-03-17,2025-04-14,981020,9.12,8946.91,
L900314,C700149,4,CTV App Video,Blippi,CTV,CPM,2025-03-17,2025-04-14,566474,24.03,13612.39,
L900315,C700150,1,YouTube Contextual Pre-roll,Go Buster,YouTube,CPM,2025-05-30,2025-06-29,1375145,9.71,13352.66,
L900316,C700150,2,Branded Content Integration,Go Buster,YouTube,Flat Fee,2025-05-30,2025-06-29,,,22155.29,417427
L900317,C700150,3,FAST Channel Video,Go Buster,FAST,CPM,2025-05-30,2025-06-29,228364,21.86,4992.05,
L900318,C700151,1,YouTube Contextual Pre-roll,Little Baby Bum,YouTube,CPM,2026-04-08,2026-05-08,1859879,9.82,18264.02,
L900319,C700151,2,CTV App Video,CoComelon,CTV,CPM,2026-04-08,2026-05-08,608397,30.96,18835.98,
L900320,C700152,1,CTV App Video,Little Angel,CTV,CPM,2026-06-08,2026-09-06,1805312,23.78,42930.32,
L900321,C700152,2,YouTube Contextual Pre-roll,Morphle,YouTube,CPM,2026-06-08,2026-09-06,6106589,12.85,78469.68,
L900322,C700153,1,FAST Channel Video,Blippi,FAST,CPM,2025-10-09,2025-11-20,218876,20.27,4436.62,
L900323,C700153,2,YouTube Shorts Sponsorship,Blippi,YouTube,CPM,2025-10-09,2025-11-20,9279739,8.52,79063.38,
L900324,C700154,1,YouTube Shorts Sponsorship,CoComelon,YouTube,CPM,2025-08-25,2025-10-09,2849552,6.66,18978.02,
L900325,C700154,2,YouTube Contextual Pre-roll,CoComelon,YouTube,CPM,2025-08-25,2025-10-09,1816003,10.5,19068.04,
L900326,C700154,3,FAST Channel Video,CoComelon,FAST,CPM,2025-08-25,2025-10-09,2339872,25.58,59853.94,
L900327,C700155,1,Branded Content Integration,Blippi,YouTube,Flat Fee,2025-06-27,2025-09-25,,,63011.44,1572022
L900328,C700155,2,YouTube Contextual Pre-roll,Oddbods,YouTube,CPM,2025-06-27,2025-09-25,2601620,10.22,26588.56,
L900329,C700156,1,CTV App Video,Blippi,CTV,CPM,2026-02-08,2026-05-09,103797,26.04,2702.88,
L900330,C700156,2,YouTube Shorts Sponsorship,CoComelon,YouTube,CPM,2026-02-08,2026-05-09,17557161,6.51,114297.12,
L900331,C700157,1,FAST Channel Video,Supa Strikas,FAST,CPM,2026-06-23,2026-08-07,12151669,27.56,334900.0,
L900332,C700158,1,YouTube Shorts Sponsorship,Little Angel,YouTube,CPM,2025-08-12,2025-11-10,3400940,8.57,29146.06,
L900333,C700158,2,YouTube Contextual Pre-roll,Morphle,YouTube,CPM,2025-08-12,2025-11-10,6800444,13.36,90853.94,
L900334,C700159,1,Branded Content Integration,Blippi,YouTube,Flat Fee,2025-11-15,2025-12-27,,,25728.66,518284
L900335,C700159,2,YouTube Contextual Pre-roll,Blippi,YouTube,CPM,2025-11-15,2025-12-27,7937590,11.32,89853.52,
L900336,C700159,3,FAST Channel Video,Blippi,FAST,CPM,2025-11-15,2025-12-27,313059,26.25,8217.82,
L900337,C700160,1,Branded Content Integration,Blippi,YouTube,Flat Fee,2025-12-11,2026-01-10,,,18458.93,432956
L900338,C700160,2,YouTube Contextual Pre-roll,CoComelon,YouTube,CPM,2025-12-11,2026-01-10,3014178,11.36,34241.07,
L900339,C700161,1,YouTube Contextual Pre-roll,CoComelon,YouTube,CPM,2025-10-07,2026-01-05,10243498,11.14,114112.57,
L900340,C700161,2,FAST Channel Video,CoComelon,FAST,CPM,2025-10-07,2026-01-05,944812,24.46,23110.12,
L900341,C700161,3,Branded Content Integration,CoComelon,YouTube,Flat Fee,2025-10-07,2026-01-05,,,2277.31,45149
L900342,C700162,1,YouTube Shorts Sponsorship,Oddbods,YouTube,CPM,2026-04-07,2026-05-07,9363085,9.78,91570.98,
L900343,C700162,2,YouTube Contextual Pre-roll,Oddbods,YouTube,CPM,2026-04-07,2026-05-07,30761479,10.15,312229.02,
L900344,C700163,1,CTV App Video,Little Angel,CTV,CPM,2026-07-12,2026-08-23,1148893,26.15,30043.57,
L900345,C700163,2,Branded Content Integration,Blippi,YouTube,Flat Fee,2026-07-12,2026-08-23,,,11868.95,203210
L900346,C700163,3,FAST Channel Video,Oddbods,FAST,CPM,2026-07-12,2026-08-23,2216294,26.48,58687.49,
L900347,C700164,1,YouTube Contextual Pre-roll,CoComelon,YouTube,CPM,2025-10-20,2025-11-17,3378582,11.1,37502.27,
L900348,C700164,2,YouTube Shorts Sponsorship,CoComelon,YouTube,CPM,2025-10-20,2025-11-17,14153772,9.87,139697.73,
L900349,C700165,1,YouTube Contextual Pre-roll,CoComelon,YouTube,CPM,2026-05-01,2026-06-15,9423717,13.33,125618.15,
L900350,C700165,2,Branded Content Integration,Little Baby Bum,YouTube,Flat Fee,2026-05-01,2026-06-15,,,19007.62,324743
L900351,C700165,3,YouTube Shorts Sponsorship,CoComelon,YouTube,CPM,2026-05-01,2026-06-15,9666049,9.36,90474.22,
L900352,C700166,1,Branded Content Integration,Morphle,YouTube,Flat Fee,2025-10-19,2025-12-18,,,18005.62,306622
L900353,C700166,2,FAST Channel Video,Morphle,FAST,CPM,2025-10-19,2025-12-18,4468738,27.21,121594.38,
L900354,C700167,1,YouTube Contextual Pre-roll,Supa Strikas,YouTube,CPM,2026-06-29,2026-07-29,9710809,13.46,130707.5,
L900355,C700167,2,Branded Content Integration,Supa Strikas,YouTube,Flat Fee,2026-06-29,2026-07-29,,,35392.5,603879
L900356,C700168,1,YouTube Shorts Sponsorship,CoComelon,YouTube,CPM,2025-10-17,2025-12-16,4631069,7.87,36446.52,
L900357,C700168,2,YouTube Contextual Pre-roll,Oddbods,YouTube,CPM,2025-10-17,2025-12-16,1766985,13.38,23642.26,
L900358,C700168,3,Branded Content Integration,Oddbods,YouTube,Flat Fee,2025-10-17,2025-12-16,,,198711.23,3682463
L900359,C700169,1,YouTube Contextual Pre-roll,CoComelon,YouTube,CPM,2025-11-16,2025-12-31,75553618,11.47,866600.0,
L900360,C700170,1,YouTube Contextual Pre-roll,CoComelon,YouTube,CPM,2026-08-26,2026-09-23,22599704,13.54,306000.0,
L900361,C700171,1,YouTube Contextual Pre-roll,Little Angel,YouTube,CPM,2026-08-21,2026-09-18,11724939,11.85,138940.53,
L900362,C700171,2,FAST Channel Video,Little Baby Bum,FAST,CPM,2026-08-21,2026-09-18,64790,21.64,1402.06,
L900363,C700171,3,Branded Content Integration,Blippi,YouTube,Flat Fee,2026-08-21,2026-09-18,,,15757.41,301536
L900364,C700172,1,YouTube Contextual Pre-roll,CoComelon,YouTube,CPM,2026-10-02,2026-11-01,4804552,9.56,45931.52,
L900365,C700172,2,FAST Channel Video,CoComelon,FAST,CPM,2026-10-02,2026-11-01,8587380,23.1,198368.48,
L900366,C700173,1,YouTube Contextual Pre-roll,CoComelon,YouTube,CPM,2026-09-01,2026-10-31,1127197,10.17,11463.6,
L900367,C700173,2,Branded Content Integration,CoComelon,YouTube,Flat Fee,2026-09-01,2026-10-31,,,22755.03,411166
L900368,C700173,3,YouTube Shorts Sponsorship,CoComelon,YouTube,CPM,2026-09-01,2026-10-31,29765643,6.48,192881.37,
L900369,C700174,1,FAST Channel Video,CoComelon,FAST,CPM,2026-10-07,2026-11-06,423302,21.97,9299.95,
L900370,C700174,2,CTV App Video,CoComelon,CTV,CPM,2026-10-07,2026-11-06,1127315,29.63,33402.36,
L900371,C700174,3,YouTube Contextual Pre-roll,CoComelon,YouTube,CPM,2026-10-07,2026-11-06,6655410,12.05,80197.7,
L900372,C700175,1,Branded Content Integration,Little Angel,YouTube,Flat Fee,2026-07-29,2026-09-09,,,26839.36,463561
L900373,C700175,2,YouTube Contextual Pre-roll,Little Angel,YouTube,CPM,2026-07-29,2026-09-09,8001525,13.53,108260.64,
L900374,C700176,1,FAST Channel Video,CoComelon,FAST,CPM,2026-10-08,2026-11-05,2394612,24.84,59482.18,
L900375,C700176,2,YouTube Contextual Pre-roll,Little Baby Bum,YouTube,CPM,2026-10-08,2026-11-05,3977347,12.64,50273.67,
L900376,C700176,3,CTV App Video,CoComelon,CTV,CPM,2026-10-08,2026-11-05,5128923,25.58,131197.87,
L900377,C700176,4,Branded Content Integration,Blippi,YouTube,Flat Fee,2026-10-08,2026-11-05,,,9846.29,208487
