as_line_id,vendor,measured_through,measured_impressions,households_reached,impressions_in_kids_households,impressions_with_adult_coviewer,cord_free_households,households_also_reached_by_linear
L900002,iSpot (mock),2025-12-17,9918025,3078900,9477890,4461287,1835437,606584
L900003,iSpot (mock),2026-01-26,762097,183985,718107,457394,119792,24829
L900004,iSpot (mock),2026-01-26,4319759,1729849,4000506,2021403,1170178,294859
L900006,iSpot (mock),2025-08-21,3072889,1176606,2927895,1653742,869979,275129
L900007,iSpot (mock),2025-08-21,3111723,856700,3052784,2043235,621576,125397
L900008,iSpot (mock),2025-08-29,1042616,265070,1021701,737935,198975,32694
L900009,iSpot (mock),2025-08-29,1314314,377454,1266369,1001945,277491,60896
L900010,iSpot (mock),2025-09-08,593684,171228,576684,315537,127730,22113
L900013,iSpot (mock),2025-12-08,3492658,1059089,3223670,1936135,757166,105318
L900014,iSpot (mock),2025-12-08,1747748,732115,1660309,777064,461260,145416
L900016,iSpot (mock),2025-06-30,11024907,3399771,10493878,5308679,2361215,565241
L900018,iSpot (mock),2025-08-24,9228946,5164722,8641821,4017693,3248315,821986
L900019,iSpot (mock),2026-05-06,5602565,2292236,5507640,2706972,1620569,503854
L900020,iSpot (mock),2026-09-19,386645,102155,373195,240183,74564,22383
L900021,iSpot (mock),2026-09-19,71715,36062,70277,19133,25399,7743
L900022,iSpot (mock),2026-09-19,1613354,728198,1572550,437963,458439,204408
L900023,iSpot (mock),2026-09-19,559669,161164,546995,366566,124111,23785
L900024,iSpot (mock),2026-09-19,8818822,3448273,8482565,4424592,2261332,705399
L900025,iSpot (mock),2026-08-18,5029031,1559927,4724212,2141702,966020,288213
L900027,iSpot (mock),2026-08-18,4958254,1517188,4763836,2940872,1100620,224902
L900028,iSpot (mock),2026-03-22,2210008,1137258,2094932,584351,796064,144048
L900029,iSpot (mock),2026-03-22,64994,25506,62204,28144,17215,5998
L900031,iSpot (mock),2025-09-04,26559948,9506059,25473962,9074361,6861777,1478602
L900032,iSpot (mock),2026-05-07,4826740,1485266,4557600,2122105,1028240,313917
L900034,iSpot (mock),2026-05-07,1728963,463769,1650791,1041198,314364,56969
L900035,iSpot (mock),2026-06-09,9411143,4652533,9243337,3582416,3373550,805906
L900036,iSpot (mock),2026-06-09,440901,107396,419794,294521,74181,19926
L900037,iSpot (mock),2025-08-26,602091,155955,583923,380381,122088,16913
L900039,iSpot (mock),2025-05-07,18759962,6162780,18111483,6949592,4435532,1370598
L900040,iSpot (mock),2025-05-07,7425914,3524100,7128843,1808799,2162391,583992
L900042,iSpot (mock),2025-09-15,1303859,481088,1264791,542950,324273,90990
L900043,iSpot (mock),2025-11-13,9246958,2813126,9115227,4300510,1620344,499014
L900045,iSpot (mock),2026-07-19,9267871,3103848,9109949,4366927,2167147,584767
L900046,iSpot (mock),2025-08-31,7373954,2486986,7099528,3060164,1559968,598062
L900047,iSpot (mock),2025-08-31,1968868,849901,1858935,578843,504140,183592
L900048,iSpot (mock),2025-08-31,1543432,503854,1506480,1111952,349938,75384
L900049,iSpot (mock),2026-05-16,6572120,2805415,6402640,1328860,1889630,723256
L900050,iSpot (mock),2026-05-16,6851470,1857638,6741254,4344882,1292924,167347
L900052,iSpot (mock),2025-08-23,1398901,307385,1366165,959355,226134,47589
L900053,iSpot (mock),2025-08-23,1454628,459250,1380042,674781,296051,76698
L900054,iSpot (mock),2026-04-10,7389713,2239137,7094235,3227163,1442481,457248
L900055,iSpot (mock),2026-04-10,869240,252902,857802,563132,187242,32039
L900056,iSpot (mock),2026-02-11,1065543,535300,1016210,282564,342261,60491
L900057,iSpot (mock),2026-02-11,2413606,808971,2318864,1146929,498673,183833
L900058,iSpot (mock),2026-02-11,2382023,729948,2282916,1305331,537080,107825
L900059,iSpot (mock),2026-07-09,1849485,749889,1773933,748686,505882,160050
L900060,iSpot (mock),2026-07-15,2009727,579655,1971193,1215080,405285,61525
L900061,iSpot (mock),2026-07-15,10454564,5614676,10048268,2751155,3809852,920020
L900062,iSpot (mock),2025-06-28,3629536,1208839,3401028,2007309,853144,208443
L900063,iSpot (mock),2025-06-28,5545609,2472635,5187508,1277050,1689800,516210
L900064,iSpot (mock),2025-06-28,75815,19080,72263,41707,14192,1941
L900065,iSpot (mock),2026-07-28,383639,155681,356093,155672,110039,43630
L900066,iSpot (mock),2026-07-28,7962292,3404064,7583481,2145145,2409199,558387
L900070,iSpot (mock),2025-10-20,650029,297528,631240,241543,189771,38896
L900071,iSpot (mock),2025-10-26,19740883,7319767,19109211,9453949,5152723,1631140
L900072,iSpot (mock),2025-08-06,1140564,329857,1107161,773208,236071,39778
L900074,iSpot (mock),2025-08-06,1445477,634475,1372950,551989,424312,116334
L900075,iSpot (mock),2025-07-31,267075,87897,255722,118359,61553,12976
L900076,iSpot (mock),2025-07-31,3074459,701764,2910748,1979650,546404,82926
L900077,iSpot (mock),2026-07-02,7180516,2292138,6933982,3327691,1477352,440980
L900078,iSpot (mock),2026-06-03,1250935,395872,1210070,842500,284984,35340
L900079,iSpot (mock),2026-06-03,9714163,3171772,9471285,4143656,2012436,543099
L900080,iSpot (mock),2026-02-09,800119,263449,778810,496828,184445,35695
L900081,iSpot (mock),2026-02-09,17890499,6029708,17474522,8818326,3616803,1136180
L900082,iSpot (mock),2026-05-16,6414629,2514928,6170638,2910614,1636566,652025
L900084,iSpot (mock),2025-10-30,2604943,1069965,2471463,1176338,758811,258509
L900085,iSpot (mock),2025-10-30,1780339,579477,1679234,991694,413373,99457
L900086,iSpot (mock),2026-03-21,4188896,1103252,4072841,2730537,804973,91646
L900089,iSpot (mock),2026-02-12,1901648,608172,1858878,916298,387835,107916
L900090,iSpot (mock),2026-02-12,2075004,564010,2019560,1197137,428470,81953
L900091,iSpot (mock),2025-07-06,775112,251711,743955,452736,163733,43638
L900092,iSpot (mock),2025-07-06,1231359,313861,1200521,754978,245671,30961
L900093,iSpot (mock),2025-07-06,1102230,571050,1066635,281089,372218,151525
L900094,iSpot (mock),2026-09-19,1352834,446955,1306062,586644,298851,72826
L900095,iSpot (mock),2026-09-16,2028009,550463,1999805,1316145,393163,56514
L900096,iSpot (mock),2026-09-16,2903271,1008412,2752732,1043564,694504,178147
L900097,iSpot (mock),2026-09-16,2420608,663824,2319684,1659824,502147,89134
L900101,iSpot (mock),2025-10-13,992485,262977,958145,622929,187920,19206
L900102,iSpot (mock),2025-10-23,21803,6789,21048,10088,4151,1662
L900103,iSpot (mock),2025-10-23,2785152,711376,2699629,2038698,515886,66636
L900104,iSpot (mock),2025-12-27,2591188,789503,2447286,1467585,576815,87906
L900105,iSpot (mock),2025-12-27,6280408,1771405,5989386,3349640,1272198,220946
L900106,iSpot (mock),2025-12-21,1439726,402845,1400807,916344,293016,67147
L900107,iSpot (mock),2025-12-21,4736399,1733717,4586420,2122564,1180083,270607
L900108,iSpot (mock),2025-12-21,10585298,5448241,10157752,3680785,4001315,899369
L900110,iSpot (mock),2025-09-24,2567608,544220,2522224,1777732,409204,61337
L900111,iSpot (mock),2025-09-24,11251535,3294020,11010113,6009959,2070989,611546
L900112,iSpot (mock),2025-12-02,4873146,1794844,4633313,2492961,1235499,603518
L900113,iSpot (mock),2025-12-02,647521,171920,632848,441708,120724,22554
L900114,iSpot (mock),2025-12-02,12142097,6145589,11960402,3640833,3902294,1006539
L900115,iSpot (mock),2025-06-23,2516572,603979,2377519,1323109,409666,70662
L900116,iSpot (mock),2025-06-23,435763,180560,398429,137510,123955,49242
L900117,iSpot (mock),2026-08-02,119390,37431,117923,72235,25053,5670
L900118,iSpot (mock),2026-08-02,913440,232240,882375,619217,177421,20516
L900119,iSpot (mock),2026-08-02,914064,293471,872053,402707,189487,40065
L900120,iSpot (mock),2025-06-12,6507198,2373103,5923092,1963530,1610358,376529
L900121,iSpot (mock),2025-06-12,3197310,1288716,3138295,988525,790798,249617
L900123,iSpot (mock),2026-08-23,4897828,2145378,4674984,1694982,1380019,444305
L900124,iSpot (mock),2026-01-20,6039851,1845364,5729410,2581171,1308104,361900
L900126,iSpot (mock),2026-01-20,2753796,987042,2623428,1458381,730115,123362
L900128,iSpot (mock),2025-10-27,1049509,395289,1033480,492074,262041,82146
L900129,iSpot (mock),2026-08-19,767213,195235,748715,520689,142934,29600
L900130,iSpot (mock),2026-08-19,1338960,378626,1281260,847855,256213,49712
L900131,iSpot (mock),2026-08-19,778028,256100,722534,250890,187019,46710
L900133,iSpot (mock),2026-02-21,1153399,328688,1127415,764706,239057,36903
L900135,iSpot (mock),2026-06-07,13694842,4421832,13033538,6279703,3053432,747731
L900136,iSpot (mock),2026-06-07,529435,110467,509551,375808,82763,13700
L900137,iSpot (mock),2026-06-07,1961055,625864,1884865,1272778,466478,88767
L900139,iSpot (mock),2025-07-12,9553836,3062908,9502680,4231801,2050101,464333
L900141,iSpot (mock),2026-09-19,937567,313010,903055,417071,190122,75338
L900142,iSpot (mock),2026-09-19,319296,105296,301854,191817,74420,13901
L900143,iSpot (mock),2026-09-19,7488852,3766607,7219383,1982405,2639684,922718
L900144,iSpot (mock),2026-09-04,8348928,3544133,7838792,3812237,2402867,766900
L900145,iSpot (mock),2026-05-13,7140838,2631797,6880582,2213851,1763644,554525
L900146,iSpot (mock),2026-09-19,1681711,772083,1603737,497226,450926,186899
L900147,iSpot (mock),2026-09-19,1506504,393098,1464686,885707,275672,66638
L900148,iSpot (mock),2026-09-19,21029179,7045133,20228178,10751068,4667363,1642179
L900149,iSpot (mock),2025-11-28,7023055,2112387,6781267,4358102,1490664,231409
L900150,iSpot (mock),2025-11-28,6533923,3038218,6243730,1425093,2197825,611147
L900151,iSpot (mock),2025-09-12,977908,265947,944282,483297,196979,31465
L900153,iSpot (mock),2025-09-27,3126511,1082043,2963552,1429583,684079,147368
L900154,iSpot (mock),2025-09-27,2823084,1755696,2638382,724914,1082018,361300
L900157,iSpot (mock),2026-03-01,2019703,513477,1937993,1179912,395818,104537
L900158,iSpot (mock),2026-03-01,2527370,783400,2496135,1139221,525415,162292
L900159,iSpot (mock),2026-01-09,2532003,648756,2452541,1707543,462704,108708
L900160,iSpot (mock),2025-12-14,3765329,1338009,3630294,2527387,980941,167177
L900162,iSpot (mock),2026-06-14,3150579,1000418,3017738,1408867,625815,161228
L900164,iSpot (mock),2025-10-25,12495876,6242252,11922884,6613180,3747015,1287696
L900165,iSpot (mock),2025-11-29,336038,87359,321020,241459,60625,10583
L900166,iSpot (mock),2025-11-29,2116608,699204,2076416,1313510,483317,115046
L900167,iSpot (mock),2026-08-10,5545280,2323130,5378789,1390659,1614516,515910
L900168,iSpot (mock),2026-08-10,520902,133552,506290,327058,91669,17605
L900169,iSpot (mock),2026-08-10,1224966,479099,1149605,465563,329636,106320
L900170,iSpot (mock),2025-11-07,6928389,1619733,6542232,4149604,1157283,225938
L900171,iSpot (mock),2026-05-03,2464301,691836,2314713,1339380,503769,96046
L900173,iSpot (mock),2026-03-01,5159190,1663188,4952405,2437591,1022682,288190
L900174,iSpot (mock),2026-03-01,979151,237571,974255,681847,167952,13550
L900177,iSpot (mock),2026-02-23,1052479,334246,1021835,755510,236838,55591
L900179,iSpot (mock),2026-09-19,959677,214409,876937,550313,154932,28139
L900180,iSpot (mock),2026-09-19,2478434,985646,2219028,743925,701573,232021
L900181,iSpot (mock),2026-09-19,1093741,342993,1038660,721761,216826,53296
L900183,iSpot (mock),2025-05-03,936481,272812,929419,614481,195784,36989
L900184,iSpot (mock),2025-05-03,8141168,4226797,7777490,2188325,2705225,891951
L900185,iSpot (mock),2025-05-03,169164,55937,167475,81564,39342,8803
L900186,iSpot (mock),2025-12-24,870241,310679,845673,389160,200184,69617
L900187,iSpot (mock),2025-12-24,1056785,312114,1024324,621710,208098,47431
L900189,iSpot (mock),2026-09-19,116745,29491,112703,74432,22024,3734
L900190,iSpot (mock),2026-09-19,5408625,1563233,5162772,2864307,1062118,287727
L900191,iSpot (mock),2025-10-19,21842162,9284771,20469244,3978916,5929362,1023189
L900193,iSpot (mock),2025-12-18,7254798,2113262,6809045,3159471,1261562,467149
L900194,iSpot (mock),2025-12-24,6459842,3599193,6202699,1729203,2292339,902227
L900195,iSpot (mock),2025-12-24,1655263,469810,1583309,1059725,346201,59649
L900196,iSpot (mock),2025-12-24,1712744,650204,1637291,822983,425854,99128
L900197,iSpot (mock),2026-01-10,28925763,10293192,28091023,12206195,6701359,1320929
L900199,iSpot (mock),2026-09-19,1563458,399266,1484564,1009940,273359,49016
L900200,iSpot (mock),2026-09-19,1677252,859339,1622312,436388,608835,170236
L900201,iSpot (mock),2026-09-19,3291339,1016104,3178912,1927616,718831,46508
L900202,iSpot (mock),2026-09-19,3167193,1337322,3088125,1321077,858992,173514
L900203,iSpot (mock),2026-04-05,7209850,1961467,6897597,4682935,1315047,273590
L900204,iSpot (mock),2026-04-05,376107,222166,364134,136888,147094,56132
L900205,iSpot (mock),2026-04-05,563467,200707,549897,291483,119424,36316
L900206,iSpot (mock),2025-06-25,6359011,1533191,6193553,4328680,1153335,164171
L900207,iSpot (mock),2026-01-03,822577,285880,744316,400025,206144,33299
L900208,iSpot (mock),2026-01-03,40540,10815,38887,25494,7399,1368
L900209,iSpot (mock),2026-01-03,1552521,530113,1424399,519796,327217,95498
L900211,iSpot (mock),2026-01-11,18685990,9217665,18074699,5451067,5861502,2334938
L900212,iSpot (mock),2026-01-11,4296833,1552809,4248909,2819712,1046363,193862
L900213,iSpot (mock),2026-09-09,872261,341346,814992,330876,213720,59228
L900214,iSpot (mock),2026-09-09,4400068,1229952,4303225,2970727,916329,77024
L900215,iSpot (mock),2026-09-09,1167585,338634,1082540,686523,236341,47467
L900216,iSpot (mock),2025-12-31,4531270,1280029,4366043,2938999,968394,140692
L900217,iSpot (mock),2025-12-31,6715950,2364902,6392484,2990703,1501529,524888
L900218,iSpot (mock),2025-07-07,20527550,6655480,19469615,8820942,4316195,1423924
L900219,iSpot (mock),2025-07-07,5307433,2068164,5154112,3479372,1453926,356750
L900221,iSpot (mock),2026-09-07,1757268,437168,1705470,1238951,324029,71034
L900222,iSpot (mock),2026-01-17,1260341,361798,1194238,705190,250681,49732
L900223,iSpot (mock),2026-01-17,4206454,1282433,4006869,1904262,840359,247167
L900224,iSpot (mock),2025-11-09,4555248,1605085,4268076,1932463,1065913,373757
L900228,iSpot (mock),2026-02-04,160834,41156,148948,94552,29631,3118
L900230,iSpot (mock),2026-02-04,14650,4646,14141,6607,3271,745
L900234,iSpot (mock),2025-04-02,5668313,2308647,5427342,1533816,1538828,380099
L900236,iSpot (mock),2025-06-15,17520144,6669356,15961355,3079086,4656760,1479078
L900237,iSpot (mock),2025-06-15,7109353,2262316,6449736,2804441,1400571,323958
L900238,iSpot (mock),2026-09-19,879295,216664,857223,621265,152942,28935
L900239,iSpot (mock),2026-09-19,31205,7981,29971,20269,5563,881
L900240,iSpot (mock),2026-04-29,663181,262505,651583,322574,163579,53800
L900242,iSpot (mock),2026-04-29,380326,105257,367583,242357,74649,10334
L900243,iSpot (mock),2025-12-01,2068993,836962,2030789,1091112,532955,177402
L900244,iSpot (mock),2025-12-01,1990083,562407,1897603,1435349,438084,69208
L900247,iSpot (mock),2025-12-08,3127762,1123454,3077355,1362338,815965,254953
L900248,iSpot (mock),2026-08-26,507715,145786,457241,255542,103716,27678
L900249,iSpot (mock),2026-08-26,14774939,5026402,13212116,4619913,3722724,859413
L900250,iSpot (mock),2026-01-21,8356943,3285966,7789585,3295141,2335705,569016
L900252,iSpot (mock),2025-12-09,27240295,7934990,26533199,13280054,5098507,1847438
L900253,iSpot (mock),2025-10-19,800056,248895,771093,424559,167153,31684
L900254,iSpot (mock),2025-10-19,196686,83516,189427,90029,55038,15803
L900256,iSpot (mock),2025-11-28,1287303,318398,1265459,789369,241242,40984
L900257,iSpot (mock),2025-11-28,11068576,4470111,10686423,3737053,2776506,772037
L900258,iSpot (mock),2026-07-21,8154794,2679403,7891860,5264323,1914717,513115
L900259,iSpot (mock),2025-06-17,1387805,374541,1258344,721252,270295,32976
L900261,iSpot (mock),2025-06-17,11739805,7766673,10611007,1055714,4677458,1777125
L900262,iSpot (mock),2026-05-05,13319146,4008015,12069588,7617245,3076251,488956
L900263,iSpot (mock),2025-12-06,1115466,312568,1096792,751335,230173,17331
L900264,iSpot (mock),2025-12-06,4314705,1081624,4181926,2726511,745824,133948
L900265,iSpot (mock),2025-12-06,5855256,1942841,5474866,2501149,1332801,374507
L900267,iSpot (mock),2026-03-20,756396,232127,725713,511394,163944,24333
L900268,iSpot (mock),2026-04-22,747911,272915,730259,347984,169088,56000
L900269,iSpot (mock),2026-04-22,1312680,354150,1253937,833868,247750,66634
L900271,iSpot (mock),2026-04-22,269929,69054,256897,175231,46218,8994
L900272,iSpot (mock),2025-11-21,570720,211039,548873,251288,136990,37584
L900273,iSpot (mock),2025-11-21,1691355,397986,1638884,1184946,301511,52597
L900274,iSpot (mock),2025-12-05,4787975,2062376,4597464,1417689,1338326,571648
L900275,iSpot (mock),2025-11-14,7059471,2548338,6443230,2098821,1545667,511860
L900276,iSpot (mock),2026-03-31,12683135,3444677,12176693,8115010,2625284,382514
L900277,iSpot (mock),2025-08-05,2824000,857433,2701371,1856990,652071,131677
L900278,iSpot (mock),2025-08-05,492865,123905,474716,281272,87687,21486
L900279,iSpot (mock),2025-08-05,1304300,495307,1254122,617626,291343,122752
L900280,iSpot (mock),2025-11-13,510656,135268,494449,325298,87610,18138
L900281,iSpot (mock),2025-11-13,14825434,5212273,14241796,7176286,3670095,1122939
L900282,iSpot (mock),2026-07-12,4533288,1692958,4406774,1959545,1219336,194407
L900283,iSpot (mock),2026-07-12,11220144,5626167,10936744,2786658,3371356,1453459
L900284,iSpot (mock),2026-01-19,4044989,1541780,3830755,1990223,1136866,373892
L900285,iSpot (mock),2026-01-19,3846587,1103753,3756269,2266635,745200,128276
L900286,iSpot (mock),2026-01-17,881823,257756,872523,553017,179531,51290
L900287,iSpot (mock),2026-01-17,1512839,510523,1460887,623874,314058,136652
L900289,iSpot (mock),2025-08-31,3960036,1036646,3800063,2206279,704302,188763
L900290,iSpot (mock),2025-08-31,834490,206982,804191,527909,144287,41327
L900292,iSpot (mock),2025-11-26,13019050,4997623,11893164,4884984,3277535,568624
L900293,iSpot (mock),2026-07-12,352491,98790,333117,218134,68785,11569
L900294,iSpot (mock),2026-07-12,439711,285731,413798,103441,180718,47560
L900295,iSpot (mock),2026-07-12,6398552,2290098,6070849,2840351,1452428,441880
L900296,iSpot (mock),2025-10-14,3109,1461,2957,1164,1036,345
L900297,iSpot (mock),2025-10-14,1538350,394674,1412025,828314,290053,55781
L900299,iSpot (mock),2025-10-16,4247652,1008375,4129206,2941050,719946,157147
L900301,iSpot (mock),2026-08-08,233201,66763,224003,138645,49897,10985
L900302,iSpot (mock),2026-08-08,3515980,1801606,3267127,819018,1196288,323611
L900303,iSpot (mock),2026-08-08,4355013,1397735,4143448,1983515,880105,260756
L900304,iSpot (mock),2026-03-14,5122716,1656644,5055735,3321182,1196936,219248
L900305,iSpot (mock),2026-03-14,4409841,2331290,4296691,1347227,1543918,410834
L900307,iSpot (mock),2025-07-26,3166843,1005523,3085253,1381108,715902,166177
L900308,iSpot (mock),2025-12-17,14752744,6616090,14061355,6309268,4152282,1614498
L900310,iSpot (mock),2026-06-04,7172728,3406815,6784844,2034282,2111437,587307
L900312,iSpot (mock),2025-04-14,252894,80670,239307,153906,57140,9658
L900313,iSpot (mock),2025-04-14,958917,327303,928799,428784,209275,79093
L900314,iSpot (mock),2025-04-14,511934,126267,495830,343981,90611,18143
L900315,iSpot (mock),2025-06-29,1409764,445840,1339898,628979,293055,68979
L900317,iSpot (mock),2025-06-29,196852,49628,187503,115075,36066,7719
L900318,iSpot (mock),2026-05-08,1893363,560486,1832509,793161,370991,107293
L900319,iSpot (mock),2026-05-08,617486,158534,593402,413503,112032,17876
L900320,iSpot (mock),2026-09-06,1762184,538411,1719480,1162379,388956,63453
L900321,iSpot (mock),2026-09-06,5877004,2714488,5647749,2398862,1565266,682574
L900322,iSpot (mock),2025-11-20,166770,41627,160143,109306,31071,6000
L900323,iSpot (mock),2025-11-20,9724639,4044153,9186378,2539870,2733851,990024
L900324,iSpot (mock),2025-10-09,2817120,1373420,2693272,781262,924979,349847
L900325,iSpot (mock),2025-10-09,1858783,622120,1813216,852612,470942,147465
L900326,iSpot (mock),2025-10-09,2183464,525207,2104786,1330364,352144,93206
L900328,iSpot (mock),2025-09-25,2532164,893647,2379913,955725,561937,200625
L900329,iSpot (mock),2026-05-09,101358,23657,98692,64909,17750,2723
L900330,iSpot (mock),2026-05-09,17108090,8047813,16672828,5936308,5337384,1733400
L900331,iSpot (mock),2026-08-07,10297447,3035544,9131730,5497639,1994157,440700
L900332,iSpot (mock),2025-11-10,3353705,1466172,3296920,895485,1033562,260142
L900333,iSpot (mock),2025-11-10,6581799,2051785,6409513,2600329,1329523,327345
L900335,iSpot (mock),2025-12-27,7948390,2533368,7514207,3219692,1501846,583619
L900336,iSpot (mock),2025-12-27,285626,105307,274647,184979,72977,15301
L900338,iSpot (mock),2026-01-10,3093429,1062747,2996790,1264980,650683,210688
L900339,iSpot (mock),2026-01-05,10711069,3567527,10291266,5253039,2031946,588156
L900340,iSpot (mock),2026-01-05,823483,263374,810939,481630,182017,41840
L900342,iSpot (mock),2026-05-07,9656981,5429851,8847745,2376710,3582007,1290021
L900343,iSpot (mock),2026-05-07,28818506,9881025,26545178,11135212,6445174,1556868
L900344,iSpot (mock),2026-08-23,1114332,296364,1080775,708940,209587,28386
L900346,iSpot (mock),2026-08-23,2038080,600200,1916065,1081849,419101,112581
L900347,iSpot (mock),2025-11-17,3185950,1259342,3089116,1460208,807605,242960
L900348,iSpot (mock),2025-11-17,14097581,6811231,13927138,4694819,4559277,1359898
L900349,iSpot (mock),2026-06-15,9632093,3207948,9309856,4974254,1988360,591448
L900351,iSpot (mock),2026-06-15,9753521,5592316,9499796,3046036,3876959,1301186
L900353,iSpot (mock),2025-12-18,3649852,1040282,3452223,1970043,743326,175446
L900354,iSpot (mock),2026-07-29,9284057,2773211,8383192,3157453,1741670,574014
L900356,iSpot (mock),2025-12-16,4806845,2129238,4668416,1546938,1397395,378075
L900357,iSpot (mock),2025-12-16,1723344,532300,1585908,554729,333063,99565
L900359,iSpot (mock),2025-12-31,71630218,24629453,69415454,32978138,16496918,5079568
L900360,iSpot (mock),2026-09-19,18288158,6564937,17626179,9230082,4365218,1304977
L900361,iSpot (mock),2026-09-18,12322021,4690615,12080135,6915769,3345516,1010108
L900362,iSpot (mock),2026-09-18,59553,17534,58182,36782,12932,2648
L900366,iSpot (mock),2026-09-19,340442,117413,333017,150424,78250,18745
L900368,iSpot (mock),2026-09-19,9164716,3924376,9056888,2433978,2464434,916935
L900373,iSpot (mock),2026-09-09,7573738,2685764,7330867,3816172,1684583,404161
